date,code,open,high,low,close,preclose,volume,amount,pctChg
2014-11-03,sz399006,1513.253,1529.899,1513.199,1529.892,,1703374464,,
2014-11-04,sz399006,1531.821,1538.175,1514.465,1516.396,1529.892,1788744960,,-0.8821537729460704
2014-11-05,sz399006,1514.77,1517.015,1505.978,1512.487,1516.396,1478029184,,-0.2577822679563857
2014-11-06,sz399006,1513.722,1532.868,1510.78,1532.52,1512.487,1587552768,,1.3245072519631584
2014-11-07,sz399006,1535.494,1543.717,1517.286,1522.625,1532.52,2089104000,,-0.6456685720251598
2014-11-10,sz399006,1525.198,1526.375,1506.803,1514.818,1522.625,1606755328,,-0.5127329447500162
2014-11-11,sz399006,1513.529,1514.372,1452.032,1461.508,1514.818,2159651072,,-3.519234653932024
2014-11-12,sz399006,1457.239,1476.03,1455.094,1475.753,1461.508,1396949888,,0.9746782090826578
2014-11-13,sz399006,1473.739,1473.739,1434.269,1442.859,1475.753,1741492992,,-2.2289637900109294
2014-11-14,sz399006,1438.966,1449.098,1435.5,1441.213,1442.859,1266359808,,-0.11407906108635846
2014-11-17,sz399006,1444.064,1474.36,1437.992,1471.685,1441.213,1391822720,,2.114330081674254
2014-11-18,sz399006,1471.082,1483.141,1470.509,1481.86,1471.685,1248483968,,0.6913843655401708
2014-11-19,sz399006,1488.456,1509.728,1488.456,1505.552,1481.86,1560605824,,1.598801506215164
2014-11-20,sz399006,1504.584,1504.584,1491.646,1494.591,1505.552,1450313088,,-0.7280386197222044
2014-11-21,sz399006,1493.159,1508.217,1493.159,1504.833,1494.591,1520672512,,0.6852710875416834
2014-11-24,sz399006,1513.428,1515.843,1497.849,1507.811,1504.833,1809425408,,0.19789571334491995
2014-11-25,sz399006,1510.622,1541.922,1510.247,1541.922,1507.811,2132932480,,2.2622861883883294
2014-11-26,sz399006,1544.687,1561.304,1544.099,1554.22,1541.922,2157736960,,0.7975760122755915
2014-11-27,sz399006,1557.771,1566.834,1548.287,1563.409,1554.22,2368667392,,0.5912290409337162
2014-11-28,sz399006,1562.829,1582.483,1558.309,1570.851,1563.409,2552012800,,0.4760110757965341
2014-12-01,sz399006,1569.65,1569.65,1544.184,1552.306,1570.851,2270975232,,-1.1805702768754034
2014-12-02,sz399006,1554.464,1567.541,1552.126,1565.417,1552.306,2065069184,,0.8446143994805144
2014-12-03,sz399006,1568.474,1604.88,1540.423,1604.447,1565.417,3008986880,,2.493265372740927
2014-12-04,sz399006,1604.891,1631.314,1604.891,1621.845,1604.447,2689951744,,1.084361153718394
2014-12-05,sz399006,1626.118,1626.118,1544.465,1581.907,1621.845,2904614144,,-2.462504123390341
2014-12-08,sz399006,1575.303,1600.865,1554.785,1567.163,1581.907,2604099584,,-0.9320396205339421
2014-12-09,sz399006,1557.017,1577.748,1504.227,1504.623,1567.163,2963027968,,-3.9906506215371285
2014-12-10,sz399006,1499.33,1576.888,1499.33,1572.685,1504.623,2269419520,,4.523525162117026
2014-12-11,sz399006,1572.605,1593.382,1563.315,1587.665,1572.685,2225139712,,0.9525111513112972
2014-12-12,sz399006,1588.241,1626.339,1586.751,1623.569,1587.665,2164104960,,2.261434244629701
2014-12-15,sz399006,1623.603,1664.26,1619.702,1657.498,1623.569,2216899072,,2.089778752858673
2014-12-16,sz399006,1665.298,1674.977,1636.176,1649.582,1657.498,2025035776,,-0.477587303272764
2014-12-17,sz399006,1639.154,1652.975,1623.696,1644.212,1649.582,2023582976,,-0.325537014831645
2014-12-18,sz399006,1641.577,1663.667,1633.256,1634.052,1644.212,1765381120,,-0.6179251823974052
2014-12-19,sz399006,1627.8,1627.8,1568.983,1596.811,1634.052,1985232640,,-2.2790584387767376
2014-12-22,sz399006,1583.955,1583.955,1510.047,1517.928,1596.811,2129653248,,-4.940033604477911
2014-12-23,sz399006,1501.527,1543.348,1489.118,1496.534,1517.928,1606737536,,-1.4094212637226544
2014-12-24,sz399006,1502.667,1524.268,1501.228,1519.798,1496.534,1457891200,,1.5545253231800782
2014-12-25,sz399006,1521.995,1531.636,1514.227,1529.468,1519.798,1403010816,,0.6362687672967215
2014-12-26,sz399006,1531.2,1539.16,1524.008,1536.082,1529.468,1386150144,,0.4324379457432359
2014-12-29,sz399006,1531.117,1531.117,1491.21,1499.4,1536.082,1840287232,,-2.3880235560341134
2014-12-30,sz399006,1491.1,1493.437,1450.049,1460.108,1499.4,1679941888,,-2.62051487261572
2014-12-31,sz399006,1455.679,1479.856,1451.287,1471.764,1460.108,1441388544,,0.798297112268398
2015-01-05,sz399006,1470.578,1470.578,1429.084,1464.774,1471.764,1791852544,,-0.47494027575073483
2015-01-06,sz399006,1458.573,1542.151,1454.137,1539.828,1464.774,2346390016,,5.123930381069042
2015-01-07,sz399006,1542.4,1547.249,1517.371,1523.387,1539.828,1844595840,,-1.0677166540678629
2015-01-08,sz399006,1516.833,1565.774,1516.833,1541.887,1523.387,1869681664,,1.2143992301365314
2015-01-09,sz399006,1535.328,1583.75,1534.607,1553.239,1541.887,1898828032,,0.7362407232177182
2015-01-12,sz399006,1552.054,1587.182,1550.62,1586.124,1553.239,1618854528,,2.1171886618865488
2015-01-13,sz399006,1587.691,1611.125,1578.398,1601.168,1586.124,1795463040,,0.9484756551190188
2015-01-14,sz399006,1598.723,1605.155,1579.554,1588.007,1601.168,1588140160,,-0.8219624673987846
2015-01-15,sz399006,1584.677,1606.558,1578.224,1586.335,1588.007,1472700544,,-0.10528920842288736
2015-01-16,sz399006,1586.71,1641.533,1586.636,1639.555,1586.335,1842021760,,3.3549029681624543
2015-01-19,sz399006,1608.251,1691.136,1599.661,1630.065,1639.555,2616722688,,-0.5788155932554884
2015-01-20,sz399006,1635.572,1700.941,1635.572,1700.852,1630.065,2625533184,,4.342587565526523
2015-01-21,sz399006,1704.101,1729.84,1701.871,1722.581,1700.852,2980734976,,1.277536199504703
2015-01-22,sz399006,1723.244,1744.082,1716.389,1744.037,1722.581,2585079040,,1.2455727771292002
2015-01-23,sz399006,1742.087,1742.087,1693.52,1697.288,1744.037,2362292480,,-2.6805050580922307
2015-01-26,sz399006,1698.985,1740.366,1698.985,1739.79,1697.288,2032414848,,2.5041124429089123
2015-01-27,sz399006,1742.465,1754.207,1715.525,1743.675,1739.79,2220874240,,0.223302812408388
2015-01-28,sz399006,1741.07,1759.003,1727.923,1731.413,1743.675,2220467456,,-0.7032273789553622
2015-01-29,sz399006,1717.398,1733.631,1709.36,1711.372,1731.413,1705376896,,-1.157493908154783
2015-01-30,sz399006,1712.854,1721.143,1679.692,1680.58,1711.372,1760038912,,-1.799258139083737
2015-02-02,sz399006,1667.119,1708.706,1660.046,1696.829,1680.58,1601732736,,0.9668685810851008
2015-02-03,sz399006,1703.927,1762.728,1703.927,1750.906,1696.829,2210700032,,3.186944588995111
2015-02-04,sz399006,1753.769,1770.2,1743.024,1757.739,1750.906,2167533824,,0.3902551022156642
2015-02-05,sz399006,1757.234,1809.719,1741.959,1774.312,1757.739,2726828288,,0.942858979632355
2015-02-06,sz399006,1772.352,1783.618,1725.642,1730.966,1774.312,2255447296,,-2.442975079918297
2015-02-09,sz399006,1727.223,1753.5,1702.562,1708.845,1730.966,1727407744,,-1.2779569327184825
2015-02-10,sz399006,1707.262,1747.862,1700.875,1747.675,1708.845,1472310272,,2.2722950296837796
2015-02-11,sz399006,1748.23,1783.237,1748.23,1772.845,1747.675,1742910464,,1.4401991216902443
2015-02-12,sz399006,1777.216,1799.455,1776.347,1788.809,1772.845,1883300352,,0.9004735326551438
2015-02-13,sz399006,1798.54,1828.235,1796.41,1825.488,1788.809,2343463936,,2.05047045268667
2015-02-16,sz399006,1836.714,1897.661,1836.714,1896.628,1825.488,2570118144,,3.897040133925822
2015-02-17,sz399006,1908.183,1909.906,1873.17,1894.306,1896.628,2083792512,,-0.12242780344906556
2015-02-25,sz399006,1899.389,1909.653,1872.103,1876.745,1894.306,2208580864,,-0.9270413544591127
2015-02-26,sz399006,1875.332,1891.782,1847.73,1880.388,1876.745,2205794816,,0.19411267913329588
2015-02-27,sz399006,1880.63,1928.044,1880.63,1928.044,1880.388,2508702976,,2.534370566074662
2015-03-02,sz399006,1944.106,1987.798,1940.32,1986.986,1928.044,3286952960,,3.0570879087821634
2015-03-03,sz399006,1987.332,2004.033,1961.006,1961.743,1986.986,3366120704,,-1.2704166008215556
2015-03-04,sz399006,1960.536,2011.078,1960.536,2009.827,1961.743,2932932864,,2.451085590722135
2015-03-05,sz399006,2015.703,2032.218,1997.457,2014.786,2009.827,3033394176,,0.24673765453444574
2015-03-06,sz399006,2016.813,2018.182,1949.287,1951.398,2014.786,2745418496,,-3.1461405826723077
2015-03-09,sz399006,1941.42,1996.895,1932.82,1994.39,1951.398,2370888960,,2.2031384679086496
2015-03-10,sz399006,2001.185,2048.302,2001.185,2045.322,1994.39,2687978240,,2.553763306073531
2015-03-11,sz399006,2050.76,2054.774,2022.319,2035.829,2045.322,2754862848,,-0.46413229799513456
2015-03-12,sz399006,2034.621,2054.392,1984.914,2018.132,2035.829,2751574784,,-0.8692773312493296
2015-03-13,sz399006,2020.656,2070.953,2011.172,2069.072,2018.132,2547509248,,2.5241163610705275
2015-03-16,sz399006,2088.199,2144.777,2088.199,2142.672,2069.072,3478278144,,3.557150258666675
2015-03-17,sz399006,2149.369,2164.49,2117.78,2137.462,2142.672,3703174400,,-0.24315434186846785
2015-03-18,sz399006,2138.366,2186.023,2124.979,2182.919,2137.462,3775003904,,2.1266810825174787
2015-03-19,sz399006,2184.763,2192.553,2160.986,2183.878,2182.919,3498355712,,0.04393200114161111
2015-03-20,sz399006,2187.468,2232.078,2187.013,2213.766,2183.878,3579205888,,1.368574618179208
2015-03-23,sz399006,2225.848,2293.918,2221.713,2293.649,2213.766,3904731392,,3.6084662967992065
2015-03-24,sz399006,2310.513,2363.055,2253.203,2357.969,2293.649,4834470400,,2.804265168733333
2015-03-25,sz399006,2364.941,2405.559,2344.109,2385.014,2357.969,4262789632,,1.1469616436857288
2015-03-26,sz399006,2362.446,2370.295,2270.787,2291.789,2385.014,4345761280,,-3.9087820868137446
2015-03-27,sz399006,2274.677,2326.418,2267.868,2323.818,2291.789,3104190208,,1.397554486909569
2015-03-30,sz399006,2319.307,2332.603,2266.846,2290.476,2323.818,3319359744,,-1.4347939468581483
2015-03-31,sz399006,2294.317,2358.206,2288.311,2335.171,2290.476,3458877696,,1.9513411186146357
2015-04-01,sz399006,2346.996,2407.49,2345.75,2404.909,2335.171,3421158912,,2.98641940997042
2015-04-02,sz399006,2434.764,2475.325,2420.187,2475.325,2404.909,3981743616,,2.9280109975055035
2015-04-03,sz399006,2469.847,2515.575,2460.938,2510.16,2475.325,3920026880,,1.4072899518245086
2015-04-07,sz399006,2530.072,2557.874,2522.262,2556.698,2510.16,3907193600,,1.8539854033209124
2015-04-08,sz399006,2566.937,2568.087,2442.816,2488.158,2556.698,4377434624,,-2.6808015651437866
2015-04-09,sz399006,2481.688,2501.296,2346.888,2496.487,2488.158,4025770752,,0.3347456230673451
2015-04-10,sz399006,2475.555,2567.683,2457.821,2552.829,2496.487,3513934848,,2.2568513274853874
2015-04-13,sz399006,2558.186,2596.922,2545.258,2577.776,2552.829,3828846592,,0.977229575502303
2015-04-14,sz399006,2584.586,2593.7,2539.938,2558.848,2577.776,3647749120,,-0.7342763684664577
2015-04-15,sz399006,2548.992,2548.992,2441.739,2441.739,2558.848,3602133248,,-4.57662979590816
2015-04-16,sz399006,2420.931,2532.305,2407.851,2484.33,2441.739,3045060608,,1.7442896230923877
2015-04-17,sz399006,2507.472,2511.981,2453.281,2463.99,2484.33,3325137408,,-0.8187318109913022
2015-04-20,sz399006,2462.406,2493.196,2411.34,2424.848,2463.99,3451015936,,-1.5885616418897741
2015-04-21,sz399006,2443.12,2566.091,2443.12,2566.091,2424.848,3205730304,,5.824818710286173
2015-04-22,sz399006,2610.738,2655.373,2610.738,2634.931,2566.091,3730198784,,2.682679608790184
2015-04-23,sz399006,2656.177,2718.263,2656.177,2706.185,2634.931,3824860928,,2.7042074346538936
2015-04-24,sz399006,2689.907,2747.624,2672.203,2734.75,2706.185,3642996224,,1.0555449830665697
2015-04-27,sz399006,2781.597,2806.755,2737.148,2747.497,2734.75,3468444416,,0.4661120760581339
2015-04-28,sz399006,2764.406,2779.2,2650.425,2687.974,2747.497,3441003008,,-2.1664445857447645
2015-04-29,sz399006,2693.481,2798.515,2674.757,2797.524,2687.974,2986593280,,4.075560254675081
2015-04-30,sz399006,2825.161,2918.745,2825.161,2857.89,2797.524,3428582656,,2.15783671560994
2015-05-04,sz399006,2868.102,2884.442,2803.817,2845.252,2857.89,2910445824,,-0.44221436094461497
2015-05-05,sz399006,2830.794,2845.711,2753.87,2783.443,2845.252,3008379648,,-2.172355910829682
2015-05-06,sz399006,2806.299,2927.026,2806.299,2846.558,2783.443,3476811520,,2.2675154475949366
2015-05-07,sz399006,2824.82,2879.682,2801.465,2806.047,2846.558,3060359424,,-1.4231573711127599
2015-05-08,sz399006,2838.97,2974.367,2838.97,2973.596,2806.047,3836332288,,5.970997634750952
2015-05-11,sz399006,3015.433,3150.492,2991.328,3146.83,2973.596,4801349120,,5.825740954722836
2015-05-12,sz399006,3176.543,3254.99,3133.964,3250.296,3146.83,5124920320,,3.287943740208399
2015-05-13,sz399006,3185.342,3271.175,3123.918,3192.147,3250.296,4615689728,,-1.789037060009302
2015-05-14,sz399006,3174.448,3228.031,3137.275,3141.593,3192.147,4414858752,,-1.5836989963181503
2015-05-15,sz399006,3109.114,3176.115,3059.859,3145.335,3141.593,4080304640,,0.11911154627604059
2015-05-18,sz399006,3178.369,3286.408,3178.369,3278.483,3145.335,4215609856,,4.233189787415337
2015-05-19,sz399006,3310.091,3340.42,3206.778,3322.774,3278.483,4428535296,,1.3509601849391872
2015-05-20,sz399006,3339.17,3471.949,3339.17,3406.284,3322.774,4616553472,,2.5132615098107935
2015-05-21,sz399006,3421.611,3531.842,3421.447,3527.413,3406.284,4495414272,,3.55604523874109
2015-05-22,sz399006,3594.589,3618.236,3438.566,3516.627,3527.413,5757018112,,-0.3057764996613699
2015-05-25,sz399006,3415.668,3499.535,3370.836,3467.916,3516.627,4561949696,,-1.3851625435395865
2015-05-26,sz399006,3471.795,3619.485,3471.795,3618.231,3467.916,4546531840,,4.334447547172426
2015-05-27,sz399006,3638.21,3662.98,3546.584,3628.673,3618.231,4966029312,,0.28859406710073365
2015-05-28,sz399006,3618.339,3677.325,3432.982,3432.982,3628.673,5411102208,,-5.392908096155258
2015-05-29,sz399006,3444.062,3595.168,3328.457,3542.844,3432.982,4999502848,,3.200191553582288
2015-06-01,sz399006,3580.077,3722.864,3580.077,3718.753,3542.844,4330273792,,4.965191806356706
2015-06-02,sz399006,3757.104,3912.481,3756.092,3901.543,3718.753,5008195072,,4.915357379207497
2015-06-03,sz399006,3949.284,4011.039,3838.224,3982.251,3901.543,4997043712,,2.0686174674994007
2015-06-04,sz399006,3991.797,4015.203,3695.826,3943.467,3982.251,4725947392,,-0.9739215333237405
2015-06-05,sz399006,3994.44,4037.959,3841.415,3885.832,3943.467,4681085952,,-1.4615311856293056
2015-06-08,sz399006,3862.801,3862.801,3643.035,3704.553,3885.832,4470476288,,-4.665127056445051
2015-06-09,sz399006,3664.372,3793.365,3633.724,3705.536,3704.553,3894284800,,0.026534915278575433
2015-06-10,sz399006,3695.064,3876.851,3676.761,3834.699,3705.536,4336484352,,3.485676566089224
2015-06-11,sz399006,3843.98,3884.371,3815.06,3862.138,3834.699,4412978688,,0.7155450792878382
2015-06-12,sz399006,3889.155,3922.698,3850.591,3899.705,3862.138,4491271680,,0.9726995772807667
2015-06-15,sz399006,3919.356,3919.356,3688.89,3696.027,3899.705,4740672000,,-5.222907886622186
2015-06-16,sz399006,3636.787,3669.818,3475.354,3590.669,3696.027,4331429376,,-2.8505744140938427
2015-06-17,sz399006,3586.371,3754.369,3511.11,3741.357,3590.669,3979139072,,4.196655275103334
2015-06-18,sz399006,3734.91,3752.179,3497.732,3504.554,3741.357,3822116864,,-6.329334516861129
2015-06-19,sz399006,3408.526,3476.033,3304.65,3314.976,3504.554,3685290240,,-5.409475784935824
2015-06-23,sz399006,3314.885,3397.266,3154.602,3393.94,3314.976,3815832832,,2.3820383616653507
2015-06-24,sz399006,3425.569,3459.46,3304.672,3383.404,3393.94,3762864640,,-0.31043565885077173
2015-06-25,sz399006,3403.628,3408.232,3172.368,3206.381,3383.404,3685709312,,-5.232097615301045
2015-06-26,sz399006,3078.398,3078.398,2915.939,2920.703,3206.381,3543205888,,-8.909671059053803
2015-06-29,sz399006,2943.504,2950.129,2663.438,2689.76,2920.703,3853184512,,-7.907103187143639
2015-06-30,sz399006,2566.017,2875.09,2485.456,2858.606,2689.76,5468657152,,6.2773630361073085
2015-07-01,sz399006,2842.166,3008.194,2743.606,2759.408,2858.606,5260114432,,-3.470152934682158
2015-07-02,sz399006,2756.245,2825.153,2591.05,2649.316,2759.408,4528031744,,-3.9896963406643726
2015-07-03,sz399006,2559.025,2788.763,2458.285,2605.276,2649.316,4707975168,,-1.662315858130925
2015-07-06,sz399006,2795.671,2795.671,2417.558,2493.828,2605.276,5160586752,,-4.2777809337667065
2015-07-07,sz399006,2398.103,2415.681,2350.966,2352.01,2493.828,1889795456,,-5.686759471783931
2015-07-08,sz399006,2304.761,2364.08,2304.761,2364.049,2352.01,4447761408,,0.5118600686221386
2015-07-09,sz399006,2338.109,2435.755,2338.109,2435.755,2364.049,2294880768,,3.0331858603607653
2015-07-10,sz399006,2487.388,2535.889,2478.865,2535.889,2435.755,1342682624,,4.111004596110868
2015-07-13,sz399006,2612.768,2683.074,2592.196,2683.074,2535.889,2523563776,,5.804078964024062
2015-07-14,sz399006,2725.043,2827.551,2715.975,2726.048,2683.074,4059784448,,1.6016703229206453
2015-07-15,sz399006,2750.655,2750.655,2583.462,2590.031,2726.048,5064996864,,-4.9895306318890835
2015-07-16,sz399006,2526.647,2698.155,2439.239,2627.076,2590.031,5248107520,,1.4302917609866572
2015-07-17,sz399006,2651.44,2805.798,2646.501,2783.324,2627.076,4686624768,,5.947601059124286
2015-07-20,sz399006,2820.723,2907.148,2777.914,2848.303,2783.324,5726469632,,2.3345826788401247
2015-07-21,sz399006,2802.022,2917.407,2779.533,2882.897,2848.303,4884623360,,1.2145477500111523
2015-07-22,sz399006,2882.061,2932.06,2828.447,2897.373,2882.897,5143315968,,0.5021337911135904
2015-07-23,sz399006,2896.249,2969.347,2864.428,2967.952,2897.373,5321186304,,2.4359652692283795
2015-07-24,sz399006,2976.935,3014.177,2879.264,2897.824,2967.952,5874127872,,-2.362841447570585
2015-07-27,sz399006,2822.374,2924.08,2683.051,2683.446,2897.824,5558292480,,-7.397895800435094
2015-07-28,sz399006,2546.406,2705.184,2492.189,2581.962,2683.446,5803537920,,-3.7818536314872753
2015-07-29,sz399006,2617.938,2693.99,2483.916,2693.865,2581.962,5202348032,,4.334029702993303
2015-07-30,sz399006,2671.455,2707.759,2556.093,2561.191,2693.865,4818519040,,-4.925042643191102
2015-07-31,sz399006,2507.265,2605.344,2499.245,2539.844,2561.191,3856734464,,-0.8334794242209842
2015-08-03,sz399006,2475.328,2494.801,2371.479,2399.273,2539.844,3983542528,,-5.534631260817591
2015-08-04,sz399006,2396.408,2546.162,2380.281,2546.162,2399.273,4214374144,,6.122229525360368
2015-08-05,sz399006,2542.269,2584.191,2480.445,2502.041,2546.162,4681745408,,-1.7328433933111786
2015-08-06,sz399006,2441.955,2517.991,2430.53,2480.926,2502.041,3392360704,,-0.8439110310342723
2015-08-07,sz399006,2509.963,2586.529,2505.274,2576.993,2480.926,4257583104,,3.8722235165418173
2015-08-10,sz399006,2606.735,2726.9,2593.414,2706.718,2576.993,4785269248,,5.033967884274415
2015-08-11,sz399006,2705.037,2747.832,2675.147,2698.912,2706.718,4805787136,,-0.2883935452455688
2015-08-12,sz399006,2658.843,2700.401,2622.188,2622.188,2698.912,3830400000,,-2.842775162732236
2015-08-13,sz399006,2608.74,2684.258,2578.907,2684.258,2622.188,3761656576,,2.3671071639409513
2015-08-14,sz399006,2713.784,2725.466,2664.416,2674.022,2684.258,4068835072,,-0.3813344320851342
2015-08-17,sz399006,2665.373,2676.715,2613.784,2666.287,2674.022,3654744064,,-0.2892646358182538
2015-08-18,sz399006,2674.422,2720.575,2488.608,2504.172,2666.287,4912969728,,-6.08017816536629
2015-08-19,sz399006,2427.937,2584.36,2359.166,2570.691,2504.172,4373732352,,2.656327121299973
2015-08-20,sz399006,2556.772,2610.895,2508.349,2508.817,2570.691,3972127488,,-2.4069014906886843
2015-08-21,sz399006,2452.615,2480.675,2340.917,2341.954,2508.817,3514146048,,-6.651063030902604
2015-08-24,sz399006,2222.542,2246.55,2152.614,2152.614,2341.954,2304957696,,-8.084701919849834
2015-08-25,sz399006,1996.043,2048.026,1987.124,1990.706,2152.614,2717606144,,-7.521459955198662
2015-08-26,sz399006,1975.923,2044.656,1875.029,1890.036,1990.706,4644500992,,-5.056999878435075
2015-08-27,sz399006,1924.778,1959.982,1843.186,1959.494,1890.036,4051006208,,3.674956455855849
2015-08-28,sz399006,1990.345,2086.872,1960.393,2082.124,1959.494,4528023040,,6.258248302878178
2015-08-31,sz399006,2056.286,2058.852,1987.576,1996.865,2082.124,3563452672,,-4.094808954702012
2015-09-01,sz399006,1959.455,1959.455,1877.361,1889.491,1996.865,3188988928,,-5.377128649157559
2015-09-02,sz399006,1787.709,1953.914,1779.181,1855.032,1889.491,3837294336,,-1.8237186628568214
2015-09-07,sz399006,1882.859,1953.397,1878.263,1893.521,1855.032,3780624128,,2.0748429137610547
2015-09-08,sz399006,1875.674,2004.81,1859.205,2001.156,1893.521,3684964864,,5.6843837485826665
2015-09-09,sz399006,2023.305,2102.225,2017.098,2071.717,2001.156,5076016640,,3.526011965084197
2015-09-10,sz399006,2030.032,2078.423,2024.892,2039.118,2071.717,3548257024,,-1.5735257276935144
2015-09-11,sz399006,2039.012,2084.051,2029.811,2060.505,2039.118,3255543040,,1.0488358201928616
2015-09-14,sz399006,2068.202,2075.671,1905.203,1906.214,2060.505,3489088512,,-7.48801871385899
2015-09-15,sz399006,1843.23,1892.809,1794.292,1797.557,1906.214,3303921408,,-5.700146992939925
2015-09-16,sz399006,1813.727,1928.778,1808.748,1926.245,1797.557,3902440192,,7.159049754750457
2015-09-17,sz399006,1943.285,2020.554,1922.799,1933.297,1926.245,4798510592,,0.3661008854013881
2015-09-18,sz399006,1948.116,1995.497,1922.142,1983.298,1933.297,3767421440,,2.5863072254288966
2015-09-21,sz399006,1950.328,2080.219,1945.354,2079.06,1983.298,4347760128,,4.828422153403067
2015-09-22,sz399006,2082.336,2108.559,2042.133,2078.718,2079.06,4758444544,,-0.016449741710200527
2015-09-23,sz399006,2039.487,2103.224,2036.063,2077.99,2078.718,4130638080,,-0.035021585419481305
2015-09-24,sz399006,2090.557,2130.465,2084.31,2106.594,2077.99,4313945600,,1.3765225049206409
2015-09-25,sz399006,2091.854,2106.954,2002.45,2020.972,2106.594,4110087424,,-4.064475641723087
2015-09-28,sz399006,2024.892,2124.062,2007.916,2122.257,2020.972,3785868032,,5.011697341675192
2015-09-29,sz399006,2089.538,2135.512,2075.972,2098.567,2122.257,3842461696,,-1.1162644298028046
2015-09-30,sz399006,2111.987,2124.289,2049.425,2082.673,2098.567,2970844928,,-0.7573739604215701
2015-10-08,sz399006,2153.118,2210.035,2138.541,2190.311,2082.673,4203122176,,5.168262132365498
2015-10-09,sz399006,2190.839,2230.028,2184.552,2216.656,2190.311,4292769024,,1.2027972283388033
2015-10-12,sz399006,2233.605,2344.207,2232.271,2316.782,2216.656,5577563136,,4.516984141878577
2015-10-13,sz399006,2297.932,2351.521,2290.639,2342.039,2316.782,5024944128,,1.090175942319993
2015-10-14,sz399006,2330.083,2350.594,2295.597,2305.003,2342.039,5243598848,,-1.581357099518843
2015-10-15,sz399006,2300.617,2406.208,2296.795,2404.533,2305.003,5654912000,,4.3179987184398305
2015-10-16,sz399006,2424.62,2452.94,2401.093,2449.03,2404.533,6193215488,,1.8505464470647937
2015-10-19,sz399006,2465.11,2466.477,2398.34,2433.599,2449.03,5791403520,,-0.6300861973924432
2015-10-20,sz399006,2430.183,2520.084,2427.784,2511.164,2433.599,5846059520,,3.1872547613637225
2015-10-21,sz399006,2504.784,2527.771,2335.663,2344.74,2511.164,7223360000,,-6.627364839572425
2015-10-22,sz399006,2355.157,2465.104,2355.157,2458.138,2344.74,5964020736,,4.836271825447613
2015-10-23,sz399006,2488.306,2549.763,2461.492,2538.383,2458.138,6758813184,,3.2644627762965284
2015-10-26,sz399006,2570.128,2570.128,2481.589,2527.477,2538.383,6844731904,,-0.4296435959427747
2015-10-27,sz399006,2497.155,2586.948,2423.597,2563.958,2527.477,6228814336,,1.4433761415039603
2015-10-28,sz399006,2551.701,2583.819,2473.465,2485.235,2563.958,5771699712,,-3.070370107466658
2015-10-29,sz399006,2504.854,2528.704,2436.777,2485.276,2485.235,4405765632,,0.0016497433844131493
2015-10-30,sz399006,2475.229,2534.472,2439.158,2478.277,2485.276,5007702528,,-0.2816186210304106
2015-11-02,sz399006,2416.1,2513.323,2408.779,2432.038,2478.277,4681687040,,-1.865772066641458
2015-11-03,sz399006,2444.051,2461.331,2407.553,2429.27,2432.038,3993503488,,-0.11381401112976475
2015-11-04,sz399006,2451.227,2584.317,2451.227,2584.317,2429.27,5845241856,,6.382452341649958
2015-11-05,sz399006,2587.819,2630.826,2542.848,2564.722,2584.317,6511205376,,-0.7582274155995439
2015-11-06,sz399006,2571.656,2666.399,2571.656,2661.412,2564.722,6174179840,,3.7699992435827223
2015-11-09,sz399006,2653.309,2747.787,2612.263,2724.619,2661.412,6867781632,,2.3749423238491607
2015-11-10,sz399006,2710.899,2783.118,2700.286,2746.609,2724.619,6521634304,,0.8070853209200868
2015-11-11,sz399006,2738.584,2806.536,2730.52,2804.677,2746.609,7087088128,,2.114170600911902
2015-11-12,sz399006,2818.568,2827.711,2743.26,2783.298,2804.677,7416398336,,-0.7622624637346975
2015-11-13,sz399006,2751.386,2772.815,2681.606,2710.161,2783.298,6546135040,,-2.6277100044623247
2015-11-16,sz399006,2656.574,2797.162,2654.636,2797.162,2710.161,5515436544,,3.2101782883009466
2015-11-17,sz399006,2834.98,2847.899,2711.583,2717.052,2797.162,7355549184,,-2.8639742710647287
2015-11-18,sz399006,2727.61,2741.327,2655.061,2661.165,2717.052,5162612736,,-2.05689843256589
2015-11-19,sz399006,2678.355,2770.752,2676.755,2770.752,2661.165,5482513920,,4.11800846621686
2015-11-20,sz399006,2783.036,2817.961,2757.839,2800.15,2770.752,6903048192,,1.0610115954080346
2015-11-23,sz399006,2797.122,2839.843,2759.306,2770.577,2800.15,6752073216,,-1.0561219934646315
2015-11-24,sz399006,2767.723,2816.048,2739.517,2816.048,2770.577,5270249472,,1.641210477095556
2015-11-25,sz399006,2813.51,2906.796,2806.819,2897.569,2816.048,6641848320,,2.894872530581871
2015-11-26,sz399006,2911.853,2915.95,2831.381,2833.198,2897.569,6320292864,,-2.221551928530441
2015-11-27,sz399006,2819.364,2844.053,2629.125,2649.55,2833.198,6457968640,,-6.482003728648678
2015-11-30,sz399006,2658.972,2687.047,2507.381,2672.581,2649.55,6005241344,,0.8692419467456691
2015-12-01,sz399006,2669.302,2700.346,2621.167,2655.345,2672.581,4968299520,,-0.6449196488338527
2015-12-02,sz399006,2653.237,2660.115,2525.342,2613.263,2655.345,4345306112,,-1.5848034812802059
2015-12-03,sz399006,2622.486,2710.807,2622.486,2708.123,2613.263,4327023104,,3.6299446324384643
2015-12-04,sz399006,2702.563,2749.179,2679.351,2692.161,2708.123,4832908288,,-0.5894119284833077
2015-12-07,sz399006,2699.337,2751.239,2687.022,2738.149,2692.161,4745431552,,1.7082187878065147
2015-12-08,sz399006,2723.619,2731.715,2678.661,2691.658,2738.149,5153689600,,-1.6978988360385028
2015-12-09,sz399006,2677.587,2699.636,2650.445,2667.912,2691.658,4521818624,,-0.8822071749085558
2015-12-10,sz399006,2665.275,2729.238,2663.374,2695.507,2667.912,4426408448,,1.0343294681383952
2015-12-11,sz399006,2686.305,2701.686,2666.887,2671.292,2695.507,3712552704,,-0.8983467674170464
2015-12-14,sz399006,2642.817,2709.265,2622.473,2709.265,2671.292,3620357376,,1.421521870315945
2015-12-15,sz399006,2718.251,2764.795,2718.251,2745.7,2709.265,3875938560,,1.3448296862802245
2015-12-16,sz399006,2760.256,2789.276,2749.795,2763.114,2745.7,4179316224,,0.6342280657027466
2015-12-17,sz399006,2784.97,2835.701,2784.97,2835.701,2763.114,5521913856,,2.626999827006782
2015-12-18,sz399006,2836.916,2850.693,2801.635,2830.259,2835.701,5144738304,,-0.19191021902520422
2015-12-21,sz399006,2825.315,2836.608,2800.349,2829.921,2830.259,4264841984,,-0.011942369938588993
2015-12-22,sz399006,2836.957,2849.36,2811.606,2839.852,2829.921,4158071296,,0.350928524153149
2015-12-23,sz399006,2845.434,2848.829,2779.926,2783.942,2839.852,4667961856,,-1.968764569421222
2015-12-24,sz399006,2775.984,2801.565,2735.969,2795.78,2783.942,3717905152,,0.4252243760825447
2015-12-25,sz399006,2807.514,2820.532,2777.457,2794.73,2795.78,3551122688,,-0.03755660316621112
2015-12-28,sz399006,2809.519,2823.748,2735.485,2735.485,2794.73,4507657216,,-2.119882779374027
2015-12-29,sz399006,2732.554,2749.822,2710.199,2749.822,2735.485,3582936320,,0.5241118119821531
2015-12-30,sz399006,2758.25,2781.84,2749.289,2779.513,2749.822,4075769088,,1.0797426160675139
2015-12-31,sz399006,2780.539,2785.656,2713.689,2714.048,2779.513,3956130816,,-2.355268710741776
2016-01-04,sz399006,2706.275,2710.299,2490.469,2491.24,2714.048,3347892224,,-8.209434763128732
2016-01-05,sz399006,2353.233,2481.202,2333.608,2416.725,2491.24,4901029888,,-2.991080746937258
2016-01-06,sz399006,2433.358,2472.19,2388.69,2468.366,2416.725,3980404480,,2.136817387166512
2016-01-07,sz399006,2415.329,2415.329,2254.496,2256.524,2468.366,1066657664,,-8.582276696405645
2016-01-08,sz399006,2297.592,2318.123,2142.326,2248.99,2256.524,4477646336,,-0.3338763514148302
2016-01-11,sz399006,2188.188,2230.423,2105.771,2106.358,2248.99,3923122688,,-6.342046874374708
2016-01-12,sz399006,2117.251,2179.088,2087.272,2147.531,2106.358,3744320256,,1.9547009577669083
2016-01-13,sz399006,2160.323,2174.227,2059.776,2059.776,2147.531,3434686208,,-4.0863205234289985
2016-01-14,sz399006,1991.232,2179.379,1989.865,2175.012,2059.776,4086536960,,5.594588926174504
2016-01-15,sz399006,2160.174,2184.563,2096.186,2112.902,2175.012,4144582144,,-2.8556164287829255
2016-01-18,sz399006,2074.858,2206.835,2074.858,2174.934,2112.902,3987475200,,2.9358673521062473
2016-01-19,sz399006,2170.094,2244.785,2148.72,2241.696,2174.934,4519792640,,3.0696103881772796
2016-01-20,sz399006,2222.601,2249.355,2190.505,2204.648,2241.696,4182152960,,-1.6526772586470173
2016-01-21,sz399006,2173.315,2241.471,2112.404,2112.404,2204.648,4116648192,,-4.184069293601523
2016-01-22,sz399006,2140.281,2161.236,2078.117,2149.586,2112.404,3503732736,,1.7601746635586668
2016-01-25,sz399006,2165.726,2185.213,2136.875,2158.824,2149.586,3062368256,,0.4297571718461235
2016-01-26,sz399006,2132.217,2135.565,1990.514,1994.047,2158.824,3676260864,,-7.63272040703643
2016-01-27,sz399006,1997.316,2012.296,1888.25,1997.465,1994.047,3976138240,,0.17141020246764782
2016-01-28,sz399006,1969.309,1990.916,1900.882,1906.461,1997.465,3054640128,,-4.555974697929621
2016-01-29,sz399006,1908.262,2011.057,1907.289,1994.065,1906.461,3446685440,,4.595111046069134
2016-02-01,sz399006,1989.207,2011.679,1956.92,1992.695,1994.065,2989213184,,-0.06870387876022344
2016-02-02,sz399006,1996.594,2089.214,1996.594,2075.287,1992.695,3471024640,,4.144738657948155
2016-02-03,sz399006,2049.324,2105.38,2034.602,2090.513,2075.287,3176883200,,0.7336816546337888
2016-02-04,sz399006,2095.617,2142.869,2095.617,2126.534,2090.513,3504839424,,1.7230698876304684
2016-02-05,sz399006,2127.347,2141.556,2096.986,2096.986,2126.534,2578586624,,-1.3894910685651074
2016-02-15,sz399006,2029.556,2130.362,2029.556,2116.838,2096.986,2498659840,,0.946692061844967
2016-02-16,sz399006,2128.056,2208.572,2128.056,2201.925,2116.838,3658732800,,4.01953290710011
2016-02-17,sz399006,2197.925,2219.783,2170.998,2215.341,2201.925,4164339968,,0.6092850573929498
2016-02-18,sz399006,2230.799,2239.91,2188.187,2190.911,2215.341,4053775616,,-1.1027647662368856
2016-02-19,sz399006,2186.015,2230.216,2182.959,2211.006,2190.911,3679270400,,0.9171983709059806
2016-02-22,sz399006,2235.17,2245.564,2216.156,2245.564,2211.006,4195341568,,1.5629989244714926
2016-02-23,sz399006,2245.75,2249.691,2189.527,2218.119,2245.564,3996975616,,-1.2221873881127276
2016-02-24,sz399006,2212.589,2230.006,2154.274,2203.741,2218.119,4060172544,,-0.6482068815965358
2016-02-25,sz399006,2198.928,2198.928,2030.42,2037.143,2203.741,4487366144,,-7.559781299163559
2016-02-26,sz399006,2045.51,2057.802,1980.166,2014.92,2037.143,3581410048,,-1.0908905265855195
2016-02-29,sz399006,2000.572,2000.572,1866.25,1880.66,2014.92,3369583872,,-6.663291842852326
2016-03-01,sz399006,1881.321,1952.432,1841.224,1934.919,1880.66,3608452352,,2.885104165558894
2016-03-02,sz399006,1930.842,2022.863,1925.023,2017.604,1934.919,4245435648,,4.27330549754279
2016-03-03,sz399006,2014.179,2063.531,2006.707,2007.076,2017.604,4200696832,,-0.5218070543079767
2016-03-04,sz399006,1994.061,2003.689,1895.396,1907.041,2007.076,3976279296,,-4.984116196895383
2016-03-07,sz399006,1935.093,1995.937,1935.093,1953.332,1907.041,3173023488,,2.4273730874165844
2016-03-08,sz399006,1944.648,2002.191,1865.65,2002.191,1953.332,4122625280,,2.501315700556783
2016-03-09,sz399006,1962.277,2015.706,1947.045,1970.813,2002.191,3419308032,,-1.5671831508582312
2016-03-10,sz399006,1968.766,1991.357,1935.119,1936.968,1970.813,2836588032,,-1.717311586639625
2016-03-11,sz399006,1911.325,1948.601,1903.924,1934.87,1936.968,2317340416,,-0.108313611789157
2016-03-14,sz399006,1962.105,2048.497,1962.105,2023.128,1934.87,4099766528,,4.561443404466448
2016-03-15,sz399006,2016.807,2034.702,1995.456,1996.92,2023.128,3445274624,,-1.2954197658279543
2016-03-16,sz399006,2029.919,2039.486,1961.418,1977.538,1996.92,3350735616,,-0.9705947158624273
2016-03-17,sz399006,1986.144,2089.136,1986.144,2087.293,1977.538,5220803072,,5.5500829819705055
2016-03-18,sz399006,2102.19,2194.355,2102.079,2177.87,2087.293,6393809408,,4.3394482710381155
2016-03-21,sz399006,2214.913,2234.35,2191.662,2227.034,2177.87,6384576512,,2.257435016782461
2016-03-22,sz399006,2201.194,2248.186,2189.935,2221.702,2227.034,5250108416,,-0.23942158045183737
2016-03-23,sz399006,2214.87,2259.106,2205.072,2259.106,2221.702,4985220096,,1.6835741247025915
2016-03-24,sz399006,2234.215,2277.917,2217.843,2219.77,2259.106,5476783616,,-1.741219756841872
2016-03-25,sz399006,2209.26,2232.073,2183.601,2216.086,2219.77,4134286080,,-0.16596314032535364
2016-03-28,sz399006,2233.131,2259.131,2192.35,2199.685,2216.086,4563075072,,-0.7400886066695866
2016-03-29,sz399006,2190.875,2194.885,2130.851,2152.548,2199.685,3962825728,,-2.1428977330845145
2016-03-30,sz399006,2172.741,2248.783,2172.741,2248.783,2152.548,4654261760,,4.4707481552095585
2016-03-31,sz399006,2256.431,2271.964,2232.302,2238.286,2248.783,5051415552,,-0.46678581259285146
2016-04-01,sz399006,2223.377,2226.998,2171.341,2205.369,2238.286,4071593728,,-1.4706342263678507
2016-04-05,sz399006,2207.464,2285.201,2205.438,2279.52,2205.369,4981153792,,3.36229447316978
2016-04-06,sz399006,2274.772,2305.409,2271.502,2297.041,2279.52,5343325184,,0.7686267284340742
2016-04-07,sz399006,2310.923,2316.629,2248.684,2248.684,2297.041,5393010176,,-2.1051866292330024
2016-04-08,sz399006,2230.951,2239.805,2194.234,2229.934,2248.684,4592468992,,-0.8338210259867584
2016-04-11,sz399006,2255.069,2301.412,2255.069,2283.143,2229.934,5011620864,,2.386124432382286
2016-04-12,sz399006,2283.211,2289.545,2236.442,2264.016,2283.143,4531465728,,-0.8377486648887045
2016-04-13,sz399006,2278.522,2330.055,2278.522,2294.015,2264.016,5752285696,,1.325034805407732
2016-04-14,sz399006,2310.596,2325.378,2289.567,2324.394,2294.015,4613944832,,1.324272073199162
2016-04-15,sz399006,2328.312,2328.312,2297.675,2309.676,2324.394,4030890752,,-0.6331972978763423
2016-04-18,sz399006,2288.42,2288.42,2249.339,2265.593,2309.676,3825249536,,-1.9086226812765172
2016-04-19,sz399006,2278.307,2289.049,2253.592,2272.52,2265.593,3591156736,,0.30574776669949344
2016-04-20,sz399006,2279.758,2284.104,2119.424,2145.239,2272.52,5616093184,,-5.6008747997817405
2016-04-21,sz399006,2135.932,2160.258,2106.968,2110.162,2145.239,3602689280,,-1.6351091883002433
2016-04-22,sz399006,2093.781,2136.924,2090.95,2136.924,2110.162,2958677504,,1.2682438599501022
2016-04-25,sz399006,2128.655,2130.06,2083.635,2126.834,2136.924,2695928064,,-0.4721740220990589
2016-04-26,sz399006,2123.874,2155.697,2119.379,2155.697,2126.834,2757936640,,1.3570875771216961
2016-04-27,sz399006,2162.762,2176.333,2142.462,2146.611,2155.697,3217911296,,-0.4214878064960126
2016-04-28,sz399006,2149.102,2158.492,2108.268,2155.229,2146.611,3125726976,,0.4014700381205438
2016-04-29,sz399006,2141.58,2162.194,2138.738,2138.738,2155.229,2536237056,,-0.7651623098983928
2016-05-03,sz399006,2138.963,2217.23,2126.874,2217.23,2138.738,4051857152,,3.6700147470143607
2016-05-04,sz399006,2210.13,2233.591,2206.264,2211.018,2217.23,4111796736,,-0.28016940055834993
2016-05-05,sz399006,2208.397,2226.553,2198.762,2224.095,2211.018,3460368896,,0.5914470167135644
2016-05-06,sz399006,2226.444,2235.959,2129.194,2129.194,2224.095,4940148224,,-4.266949028706046
2016-05-09,sz399006,2107.334,2107.334,2045.122,2053.597,2129.194,3740116499,,-3.550498451526718
2016-05-10,sz399006,2051.376,2067.618,2044.282,2054.222,2053.597,2534389634,,0.030434403634216345
2016-05-11,sz399006,2067.69,2073.834,2032.296,2034.925,2054.222,2898049532,,-0.9393824036545317
2016-05-12,sz399006,2006.258,2039.318,1975.065,2034.566,2034.925,2843374985,,-0.01764192783517693
2016-05-13,sz399006,2030.941,2058.657,2013.863,2025.224,2034.566,2622387878,,-0.4591642640248583
2016-05-16,sz399006,2017.844,2057.857,2008.541,2057.857,2025.224,2834334550,,1.6113279321201102
2016-05-17,sz399006,2059.515,2107.731,2036.885,2081.441,2057.857,3808817329,,1.1460465911868445
2016-05-18,sz399006,2062.812,2062.812,2000.526,2020.476,2081.441,3552382277,,-2.9289804515237106
2016-05-19,sz399006,2023.959,2076.485,2023.959,2037.403,2020.476,3391973681,,0.8377728812418495
2016-05-20,sz399006,2018.382,2065.302,2013.532,2065.302,2037.403,3165947440,,1.36934126434487
2016-05-23,sz399006,2072.998,2107.05,2072.998,2098.234,2065.302,3838750186,,1.5945367796089682
2016-05-24,sz399006,2094.211,2094.211,2061.517,2075.51,2098.234,3413973433,,-1.083005994564934
2016-05-25,sz399006,2091.972,2111.261,2062.64,2067.254,2075.51,3626068908,,-0.39778175002771476
2016-05-26,sz399006,2060.427,2086.49,2019.297,2086.008,2067.254,3726130137,,0.9071937942797481
2016-05-27,sz399006,2076.297,2090.168,2065.375,2069.885,2086.008,3413153573,,-0.772911705036583
2016-05-30,sz399006,2054.617,2083.83,2033.666,2058.519,2069.885,3305405381,,-0.549112631861215
2016-05-31,sz399006,2061.84,2160.527,2060.141,2159.801,2058.519,5699243635,,4.920139187444961
2016-06-01,sz399006,2164.727,2188.885,2163.05,2168.82,2159.801,5879417775,,0.4175847682263534
2016-06-02,sz399006,2163.589,2188.558,2160.251,2188.558,2168.82,5415471226,,0.9100801357420085
2016-06-03,sz399006,2176.359,2236.578,2175.815,2204.974,2188.558,6461458876,,0.7500829313182633
2016-06-06,sz399006,2212.458,2219.275,2181.986,2199.302,2204.974,4909238600,,-0.2572365932659526
2016-06-07,sz399006,2202.041,2204.184,2181.295,2196.727,2199.302,4525822333,,-0.11708260166181095
2016-06-08,sz399006,2191.271,2201.527,2166.965,2186.544,2196.727,4749181430,,-0.46355327721651074
2016-06-13,sz399006,2150.393,2165.283,2054.707,2054.707,2186.544,5375648760,,-6.029469336084703
2016-06-14,sz399006,2045.211,2070.152,2032.438,2058.314,2054.707,3890597519,,0.17554814384728168
2016-06-15,sz399006,2033.6,2143.453,2031.668,2128.8,2058.314,5082761926,,3.424453217536305
2016-06-16,sz399006,2124.156,2137.183,2097.347,2101.417,2128.8,4973619425,,-1.2863115370161715
2016-06-17,sz399006,2109.574,2154.518,2105.238,2122.89,2101.417,5088696443,,1.021834314655301
2016-06-20,sz399006,2117.986,2127.677,2088.286,2119.63,2122.89,4423314756,,-0.15356424496792975
2016-06-21,sz399006,2135.463,2153.229,2083.692,2092.001,2119.63,5261936911,,-1.3034822115180478
2016-06-22,sz399006,2085.981,2144.819,2085.65,2144.819,2092.001,4850053850,,2.5247597873996996
2016-06-23,sz399006,2144.583,2153.581,2115.84,2137.486,2144.819,5351218102,,-0.34189365163214136
2016-06-24,sz399006,2131.154,2157.942,2060.196,2127.365,2137.486,6440055201,,-0.4735001773111036
2016-06-27,sz399006,2111.1,2194.128,2110.603,2191.806,2127.365,6180250799,,3.029146385317061
2016-06-28,sz399006,2181.413,2221.463,2173.532,2216.71,2191.806,6989423606,,1.1362319475354932
2016-06-29,sz399006,2228.506,2238.353,2203.489,2209.788,2216.71,5986668614,,-0.3122645722715256
2016-06-30,sz399006,2213.603,2233.279,2206.805,2227.791,2209.788,5706891784,,0.8146935362125296
2016-07-01,sz399006,2231.183,2241.628,2203.934,2211.178,2227.791,4768437832,,-0.7457162723074284
2016-07-04,sz399006,2195.623,2254.151,2193.844,2248.713,2211.178,5208161409,,1.6975114622160836
2016-07-05,sz399006,2253.69,2259.287,2229.001,2246.024,2248.713,5354631085,,-0.11957951059118344
2016-07-06,sz399006,2239.759,2246.731,2229.267,2241.561,2246.024,4609873188,,-0.1987066923594627
2016-07-07,sz399006,2240.896,2247.585,2212.414,2233.922,2241.561,5504991872,,-0.34078929817212833
2016-07-08,sz399006,2231.969,2257.318,2220.205,2239.003,2233.922,4756978102,,0.22744751159620158
2016-07-11,sz399006,2242.26,2252.665,2216.568,2218.589,2239.003,5318866969,,-0.9117450936867999
2016-07-12,sz399006,2218.02,2247.355,2182.031,2247.355,2218.589,5516339764,,1.2965898595909353
2016-07-13,sz399006,2258.264,2299.859,2250.64,2285.369,2247.355,5809882473,,1.6914995628193985
2016-07-14,sz399006,2282.158,2295.588,2273.421,2293.079,2285.369,5029462532,,0.33736346296813213
2016-07-15,sz399006,2289.104,2293.085,2260.163,2263.784,2293.079,4706754748,,-1.2775399364784223
2016-07-18,sz399006,2257.418,2268.79,2234.21,2249.872,2263.784,4174994496,,-0.6145462641312216
2016-07-19,sz399006,2249.735,2273.719,2236.996,2273.719,2249.872,4135971011,,1.0599269647340037
2016-07-20,sz399006,2272.644,2288.647,2268.527,2268.535,2273.719,4368961604,,-0.2279965114422744
2016-07-21,sz399006,2266.083,2289.668,2259.202,2265.128,2268.535,4510362619,,-0.15018503130873606
2016-07-22,sz399006,2262.102,2269.552,2248.303,2249.999,2265.128,4042039749,,-0.6679092748842597
2016-07-25,sz399006,2245.864,2264.439,2235.446,2245.885,2249.999,3743720824,,-0.1828445257086586
2016-07-26,sz399006,2245.937,2279.55,2245.937,2279.55,2245.885,3616550351,,1.4989636602052103
2016-07-27,sz399006,2282.066,2284.283,2138.781,2155.386,2279.55,6331511460,,-5.446864512732786
2016-07-28,sz399006,2150.318,2166.603,2109.869,2139.744,2155.386,4303852066,,-0.725716878554461
2016-07-29,sz399006,2144.272,2147.195,2109.132,2122.412,2139.744,3165413997,,-0.8100034396638311
2016-08-01,sz399006,2113.674,2118.091,2066.175,2099.179,2122.412,3283723885,,-1.0946508029543667
2016-08-02,sz399006,2096.551,2114.954,2094.116,2113.214,2099.179,2510219893,,0.6685947220318011
2016-08-03,sz399006,2110.234,2117.618,2096.732,2108.315,2113.214,2658935319,,-0.23182697067121172
2016-08-04,sz399006,2107.623,2133.177,2102.272,2129.652,2108.315,3187235362,,1.0120404209048361
2016-08-05,sz399006,2128.74,2129.329,2107.438,2109.056,2129.652,2835430976,,-0.9671063629175136
2016-08-08,sz399006,2102.242,2130.594,2083.98,2130.594,2109.056,2654657545,,1.0212151787339918
2016-08-09,sz399006,2128.64,2154.505,2128.219,2154.505,2130.594,3363436205,,1.1222691887802227
2016-08-10,sz399006,2155.386,2164.625,2136.832,2137.001,2154.505,3255243729,,-0.8124371955507192
2016-08-11,sz399006,2134.604,2139.196,2103.396,2103.396,2137.001,2977519571,,-1.5725308504769053
2016-08-12,sz399006,2098.774,2123.865,2097.909,2123.841,2103.396,2591943701,,0.971999566415449
2016-08-15,sz399006,2126.791,2200.919,2112.25,2193.212,2123.841,4746990977,,3.266299125028671
2016-08-16,sz399006,2195.024,2211.008,2192.969,2201.096,2193.212,4189422940,,0.3594727732658676
2016-08-17,sz399006,2200.236,2218.29,2195.368,2208.195,2201.096,3830964110,,0.32252114401190024
2016-08-18,sz399006,2204.955,2213.305,2191.934,2201.594,2208.195,3787395604,,-0.2989319330946816
2016-08-19,sz399006,2200.681,2211.063,2194.111,2204.556,2201.594,3407996903,,0.13453888409942216
2016-08-22,sz399006,2205.576,2213.41,2167.401,2167.401,2204.556,3711642142,,-1.6853733813067207
2016-08-23,sz399006,2168.338,2186.737,2160.296,2174.159,2167.401,3019224011,,0.3118020154092571
2016-08-24,sz399006,2178.528,2204.799,2176.347,2192.17,2174.159,3455848600,,0.8284122734353749
2016-08-25,sz399006,2179.015,2183.729,2152.113,2180.66,2192.17,3857329383,,-0.5250505207169298
2016-08-26,sz399006,2186.004,2211.628,2182.107,2189.75,2180.66,3940249533,,0.4168462758981306
2016-08-29,sz399006,2187.723,2209.252,2183.812,2193.201,2189.75,3781478481,,0.15759789930358536
2016-08-30,sz399006,2197.486,2210.397,2193.071,2195.531,2193.201,3638841520,,0.10623741280437748
2016-08-31,sz399006,2194.607,2198.251,2175.839,2191.758,2195.531,3423235995,,-0.17184908798828502
2016-09-01,sz399006,2192.941,2201.284,2181.327,2181.327,2191.758,3532038323,,-0.4759193305100107
2016-09-02,sz399006,2176.391,2187.695,2160.116,2170.858,2181.327,3446346930,,-0.4799372125316448
2016-09-05,sz399006,2178.635,2199.655,2178.095,2182.694,2170.858,3135062888,,0.5452222116784977
2016-09-06,sz399006,2183.227,2225.255,2161.926,2222.837,2182.694,4613465398,,1.8391492348446503
2016-09-07,sz399006,2223.019,2232.121,2208.833,2212.053,2222.837,4876806627,,-0.4851457844187501
2016-09-08,sz399006,2211.394,2223.469,2207.116,2223.469,2212.053,3859093060,,0.5160816671210045
2016-09-09,sz399006,2223.584,2228.538,2202.968,2202.968,2223.469,3896875186,,-0.9220276963609608
2016-09-12,sz399006,2163.451,2179.982,2145.031,2145.563,2202.968,4190537555,,-2.6058027170617004
2016-09-13,sz399006,2157.945,2165.577,2139.34,2145.868,2145.563,3086031632,,0.014215383095250722
2016-09-14,sz399006,2137.396,2156.976,2131.715,2144.558,2145.868,2903231080,,-0.061047557445281786
2016-09-19,sz399006,2149.372,2174.403,2149.372,2165.213,2144.558,2684405011,,0.9631355272275322
2016-09-20,sz399006,2164.42,2167.641,2153.94,2158.432,2165.213,2884435568,,-0.3131793500223967
2016-09-21,sz399006,2158.062,2170.085,2157.381,2162.132,2158.432,2704959713,,0.17142073505211908
2016-09-22,sz399006,2174.299,2178.532,2166.615,2168.423,2162.132,2836232374,,0.2909628089311722
2016-09-23,sz399006,2171.63,2173.494,2156.036,2156.51,2168.423,3009824922,,-0.5493854289499556
2016-09-26,sz399006,2154.399,2161.764,2122.9,2122.9,2156.51,3240134730,,-1.558536709776448
2016-09-27,sz399006,2118.949,2140.803,2112.702,2140.803,2122.9,2816671651,,0.8433275236704452
2016-09-28,sz399006,2143.725,2143.725,2132.547,2139.629,2140.803,2417572641,,-0.054839235557868626
2016-09-29,sz399006,2141.336,2155.416,2140.979,2146.184,2139.629,2553839093,,0.3063615234230044
2016-09-30,sz399006,2144.473,2154.4,2143.343,2149.901,2146.184,2314288394,,0.17319111502087647
2016-10-10,sz399006,2165.853,2208.469,2163.406,2208.469,2149.901,3621060440,,2.7242184640130063
2016-10-11,sz399006,2207.435,2210.862,2201.311,2210.862,2208.469,3361819679,,0.10835560743664985
2016-10-12,sz399006,2202.363,2216.522,2198.89,2209.685,2210.862,3220592459,,-0.053237153653196145
2016-10-13,sz399006,2211.756,2216.092,2200.524,2208.567,2209.685,3288002317,,-0.05059544686233375
2016-10-14,sz399006,2203.874,2203.874,2178.914,2194.227,2208.567,3246701757,,-0.6492897883559889
2016-10-17,sz399006,2199.182,2200.472,2160.006,2167.863,2194.227,3475516042,,-1.201516524953894
2016-10-18,sz399006,2164.601,2198.142,2164.601,2198.142,2167.863,3383074760,,1.3967211027634097
2016-10-19,sz399006,2200.532,2201.162,2180.469,2184.911,2198.142,3570303497,,-0.6019174375449743
2016-10-20,sz399006,2187.406,2199.065,2184.351,2193.256,2184.911,3919318585,,0.3819377539863167
2016-10-21,sz399006,2196.846,2202.488,2167.83,2180.997,2193.256,4161651579,,-0.5589406799753394
2016-10-24,sz399006,2184.11,2204.358,2176.924,2200.804,2180.997,3752569762,,0.908162643048116
2016-10-25,sz399006,2202.792,2207.807,2196.568,2200.208,2200.804,3401090312,,-0.02708101221190473
2016-10-26,sz399006,2203.479,2204.842,2179.756,2184.493,2200.208,3992738875,,-0.7142506526655712
2016-10-27,sz399006,2182.905,2184.317,2171.243,2182.478,2184.493,3205825640,,-0.092241082942357
2016-10-28,sz399006,2182.56,2192.903,2165.03,2165.433,2182.478,3752083060,,-0.7809929813725525
2016-10-31,sz399006,2158.565,2162.672,2145.574,2159.76,2165.433,3172436989,,-0.26197993657618435
2016-11-01,sz399006,2160.39,2177.834,2159.707,2176.447,2159.76,3487239941,,0.7726321443123352
2016-11-02,sz399006,2170.811,2171.662,2145.074,2146.399,2176.447,3899266173,,-1.3805987464891256
2016-11-03,sz399006,2137.131,2167.931,2135.284,2153.185,2146.399,4386686684,,0.31615743391606443
2016-11-04,sz399006,2151.925,2168.341,2142.41,2145.229,2153.185,4027507169,,-0.3694991373244805
2016-11-07,sz399006,2141.299,2145.822,2126.952,2130.301,2145.229,3511362313,,-0.6958697649528278
2016-11-08,sz399006,2138.454,2154.571,2136.246,2150.302,2130.301,3376485768,,0.9388814068997942
2016-11-09,sz399006,2150.623,2154.854,2098.56,2123.844,2150.302,4186202229,,-1.230431818414346
2016-11-10,sz399006,2143.564,2149.088,2138.939,2143.321,2123.844,3757529883,,0.917063588474476
2016-11-11,sz399006,2143.582,2147.107,2125.494,2147.107,2143.321,4412477827,,0.17664176294638345
2016-11-14,sz399006,2146.83,2175.253,2146.83,2161.686,2147.107,4655886639,,0.6790066820144602
2016-11-15,sz399006,2161.573,2179.3,2152.375,2179.3,2161.686,4322967805,,0.8148269452640244
2016-11-16,sz399006,2187.504,2208.98,2182.116,2182.467,2179.3,5165909202,,0.1453218923507471
2016-11-17,sz399006,2176.122,2176.122,2157.545,2163.042,2182.467,3675351787,,-0.8900478220289276
2016-11-18,sz399006,2164.711,2170.79,2155.235,2157.96,2163.042,3267143057,,-0.23494689423505521
2016-11-21,sz399006,2156.46,2162.368,2147.049,2152.602,2157.96,3474322363,,-0.2482900517155162
2016-11-22,sz399006,2156.515,2177.651,2146.62,2177.651,2152.602,4120211261,,1.1636614664485068
2016-11-23,sz399006,2182.098,2191.261,2163.001,2165.708,2177.651,4939291200,,-0.5484349879755657
2016-11-24,sz399006,2159.614,2172.176,2142.949,2146.626,2165.708,3996795559,,-0.8810975440825763
2016-11-25,sz399006,2145.969,2167.528,2123.738,2167.528,2146.626,4159864266,,0.9737140983105297
2016-11-28,sz399006,2172.973,2175.51,2159.731,2166.045,2167.528,3505782619,,-0.06841895468016057
2016-11-29,sz399006,2161.775,2178.189,2153.721,2160.345,2166.045,4032386569,,-0.2631524275811592
2016-11-30,sz399006,2157.539,2201.555,2155.241,2183.049,2160.345,4188807636,,1.0509432521194517
2016-12-01,sz399006,2181.729,2188.09,2175.495,2181.929,2183.049,3410265709,,-0.05130439124362285
2016-12-02,sz399006,2180.385,2186.689,2143.21,2143.452,2181.929,3848189556,,-1.7634395986303786
2016-12-05,sz399006,2129.245,2162.304,2124.753,2143.878,2143.452,3034145966,,0.019874482843551533
2016-12-06,sz399006,2149.752,2156.693,2121.248,2122.26,2143.878,2873865536,,-1.0083596174782272
2016-12-07,sz399006,2123.552,2134.987,2116.541,2134.987,2122.26,2699326414,,0.5996908955547386
2016-12-08,sz399006,2135.792,2136.259,2114.038,2114.711,2134.987,2934654312,,-0.9497013330760473
2016-12-09,sz399006,2114.447,2118.628,2097.094,2099.888,2114.711,2931890048,,-0.7009468433275212
2016-12-12,sz399006,2095.583,2096.401,1981.172,1984.395,2099.888,4532051618,,-5.499959997866554
2016-12-13,sz399006,1982.078,1995.351,1961.907,1985.043,1984.395,3045487264,,0.03265478899110441
2016-12-14,sz399006,1982.98,1988.458,1958.038,1963.08,1985.043,2682627365,,-1.1064243948367802
2016-12-15,sz399006,1957.714,1991.319,1956.551,1975.854,1963.08,2692123595,,0.6507121462192123
2016-12-16,sz399006,1977.864,2005.276,1972.215,1998.113,1975.854,2639637473,,1.1265508483926379
2016-12-19,sz399006,1995.003,1995.003,1976.77,1980.41,1998.113,2341276186,,-0.8859859277228099
2016-12-20,sz399006,1981.693,1989.986,1974.928,1982.297,1980.41,2291561300,,0.09528329992274376
2016-12-21,sz399006,1987.758,1996.103,1985.054,1991.696,1982.297,2455653850,,0.47414691138611964
2016-12-22,sz399006,1993.037,1993.037,1978.745,1986.274,1991.696,2257623069,,-0.2722303002064552
2016-12-23,sz399006,1987.728,1992.207,1964.232,1964.541,1986.274,2475864404,,-1.0941592146904155
2016-12-26,sz399006,1959.185,1974.01,1933.523,1974.01,1964.541,2582244175,,0.48199553992509525
2016-12-27,sz399006,1972.506,1977.315,1968.566,1968.62,1974.01,2428286544,,-0.27304826216686395
2016-12-28,sz399006,1968.146,1971.514,1954.957,1957.155,1968.62,2409989212,,-0.5823876624234225
2016-12-29,sz399006,1956.72,1971.943,1955.624,1959.24,1957.155,2414441267,,0.10653218574920853
2016-12-30,sz399006,1961.218,1964.701,1952.684,1962.059,1959.24,2375179184,,0.14388232171658188
2017-01-03,sz399006,1965.041,1971.913,1959.139,1963.255,1962.059,2380178042,,0.06095637287155675
2017-01-04,sz399006,1963.024,1992.759,1959.574,1991.565,1963.255,3029855435,,1.4419930166992945
2017-01-05,sz399006,1990.696,1993.709,1983.84,1983.971,1991.565,2684162819,,-0.38130816719514904
2017-01-06,sz399006,1980.84,1982.4,1963.323,1965.03,1983.971,2905744569,,-0.95470145480957
2017-01-09,sz399006,1962.205,1968.87,1951.486,1961.619,1965.03,2509472819,,-0.17358513610479243
2017-01-10,sz399006,1960.097,1967.474,1951.178,1951.677,1961.619,2276427117,,-0.506826249134007
2017-01-11,sz399006,1947.423,1959.297,1932.462,1937.547,1951.677,2644879457,,-0.7239927508496447
2017-01-12,sz399006,1935.516,1946.586,1929.048,1930.145,1937.547,2337937901,,-0.38202944238255876
2017-01-13,sz399006,1930.11,1934.478,1899.106,1899.943,1930.145,2648980669,,-1.5647529071650013
2017-01-16,sz399006,1897.447,1897.818,1783.74,1830.848,1899.943,3682472755,,-3.636688048009862
2017-01-17,sz399006,1824.096,1875.799,1805.39,1867.868,1830.848,3165344879,,2.0220138427657464
2017-01-18,sz399006,1860.244,1862.826,1845.573,1845.787,1867.868,2272054823,,-1.1821499163752414
2017-01-19,sz399006,1842.661,1853.111,1833.496,1844.14,1845.787,2069652606,,-0.08923023079043801
2017-01-20,sz399006,1844.367,1892.358,1842.623,1880.748,1844.14,2794075898,,1.9850987452145752
2017-01-23,sz399006,1879.974,1897.099,1879.706,1887.324,1880.748,2456619232,,0.34964811872724155
2017-01-24,sz399006,1885.238,1885.948,1859.712,1861.216,1887.324,2273210358,,-1.3833342870646526
2017-01-25,sz399006,1857.318,1874.628,1856.217,1870.703,1861.216,2065360311,,0.5097205267953875
2017-01-26,sz399006,1872.142,1887.666,1872.142,1886.232,1870.703,1986218851,,0.830115737238879
2017-02-03,sz399006,1886.969,1888.806,1872.696,1876.761,1886.232,1899113481,,-0.5021121473922641
2017-02-06,sz399006,1877.141,1903.329,1874.71,1900.447,1876.761,2479752514,,1.2620679990686057
2017-02-07,sz399006,1897.869,1900.349,1881.73,1889.134,1900.447,2550664907,,-0.5952810049425161
2017-02-08,sz399006,1887.344,1903.629,1881.135,1903.628,1889.134,2912788793,,0.7672298524085575
2017-02-09,sz399006,1903.674,1916.405,1901.884,1914.082,1903.628,3210652626,,0.5491619160886474
2017-02-10,sz399006,1913.23,1915.427,1900.707,1904.685,1914.082,2987491654,,-0.49094030454286397
2017-02-13,sz399006,1902.46,1919.2,1894.147,1913.681,1904.685,2941954927,,0.47230906947868245
2017-02-14,sz399006,1914.138,1918.795,1906.415,1909.395,1913.681,2674113175,,-0.2239662723306557
2017-02-15,sz399006,1911.037,1920.286,1890.089,1892.357,1909.395,3190948970,,-0.8923245321161954
2017-02-16,sz399006,1891.871,1900.974,1886.407,1897.63,1892.357,2768868976,,0.2786472108592619
2017-02-17,sz399006,1896.697,1904.865,1881.001,1882.869,1897.63,3051968988,,-0.777865021105284
2017-02-20,sz399006,1884.991,1894.962,1876.669,1894.962,1882.869,2928396079,,0.6422645441610753
2017-02-21,sz399006,1896.859,1924.028,1895.429,1921.077,1894.962,3573489473,,1.3781278991346513
2017-02-22,sz399006,1921.546,1925.297,1909.123,1919.973,1921.077,3162471039,,-0.0574677641760335
2017-02-23,sz399006,1919.243,1925.951,1906.813,1925.951,1919.973,3270450831,,0.311358545146212
2017-02-24,sz399006,1925.098,1939.393,1921.299,1938.444,1925.951,3405356859,,0.648666554860422
2017-02-27,sz399006,1937.559,1943.982,1923.53,1926.771,1938.444,3443357573,,-0.6021840197601769
2017-02-28,sz399006,1926.138,1931.825,1918.322,1927.16,1926.771,3131781443,,0.020189218127120157
2017-03-01,sz399006,1925.696,1938.678,1923.754,1931.968,1927.16,3422306230,,0.249486290707579
2017-03-02,sz399006,1936.082,1937.901,1919.744,1920.405,1931.968,3141365638,,-0.5985088779938419
2017-03-03,sz399006,1916.198,1932.214,1908.318,1928.289,1920.405,3151788079,,0.4105384020558267
2017-03-06,sz399006,1931.617,1962.77,1931.617,1962.77,1928.289,3985596324,,1.7881655706172728
2017-03-07,sz399006,1967.179,1977.853,1957.292,1977.853,1962.77,3881471625,,0.7684547858383795
2017-03-08,sz399006,1976.851,1976.851,1960.065,1964.628,1977.853,3362052083,,-0.6686543438769288
2017-03-09,sz399006,1962.644,1962.644,1948.789,1953.943,1964.628,3326147551,,-0.5438688647418255
2017-03-10,sz399006,1952.501,1957.714,1945.573,1950.008,1953.943,2964254557,,-0.20138765562761618
2017-03-13,sz399006,1948.518,1972.079,1939.032,1970.879,1950.008,3413726641,,1.070303301319786
2017-03-14,sz399006,1967.473,1970.478,1952.097,1958.023,1970.879,3558231347,,-0.6522977818526621
2017-03-15,sz399006,1951.708,1964.426,1943.609,1957.82,1958.023,3355057128,,-0.010367600380589703
2017-03-16,sz399006,1959.054,1968.435,1959.054,1966.727,1957.82,3624069878,,0.4549447855267674
2017-03-17,sz399006,1968.153,1981.69,1949.351,1949.661,1966.727,4348617506,,-0.8677360914860044
2017-03-20,sz399006,1948.604,1953.816,1939.647,1953.816,1949.661,3509919195,,0.2131139721213149
2017-03-21,sz399006,1953.558,1961.645,1948.893,1961.063,1953.816,3185719005,,0.37091517317906497
2017-03-22,sz399006,1952.8,1959.715,1939.287,1948.58,1961.063,3552334460,,-0.6365425282104709
2017-03-23,sz399006,1951.873,1960.335,1930.44,1948.369,1948.58,3809714398,,-0.0108283981155477
2017-03-24,sz399006,1948.27,1966.423,1946.121,1965.137,1948.369,3356858494,,0.8606172650047261
2017-03-27,sz399006,1964.625,1967.105,1947.528,1947.528,1965.137,3266422301,,-0.8960698414410717
2017-03-28,sz399006,1946.332,1953.239,1940.376,1944.363,1947.528,2776426889,,-0.1625137096873508
2017-03-29,sz399006,1945.141,1948.723,1926.603,1929.196,1944.363,3307411627,,-0.7800498158008651
2017-03-30,sz399006,1924.512,1926.531,1893.298,1893.701,1929.196,3753554251,,-1.8398856311126477
2017-03-31,sz399006,1895.812,1908.527,1895.812,1907.338,1893.701,2832578543,,0.7201242434787813
2017-04-05,sz399006,1914.907,1943.433,1914.907,1943.16,1907.338,3440495458,,1.878114943444742
2017-04-06,sz399006,1947.085,1951.226,1939.372,1944.234,1943.16,3293806396,,0.05527079602296592
2017-04-07,sz399006,1942.107,1953.569,1939.318,1946.048,1944.234,3561746297,,0.09330152646236378
2017-04-10,sz399006,1940.301,1940.301,1911.108,1912.451,1946.048,4465501926,,-1.7264219587594942
2017-04-11,sz399006,1907.104,1920.776,1887.889,1917.633,1912.451,4467303975,,0.2709611906396514
2017-04-12,sz399006,1913.783,1915.017,1896.854,1897.506,1917.633,3455771726,,-1.0495751794008523
2017-04-13,sz399006,1896.486,1920.233,1896.486,1910.476,1897.506,2985416042,,0.6835288004359397
2017-04-14,sz399006,1910.992,1910.992,1887.349,1887.46,1910.476,3250889898,,-1.2047259426446688
2017-04-17,sz399006,1880.77,1886.607,1862.364,1868.281,1887.46,3427810823,,-1.0161274940926002
2017-04-18,sz399006,1867.575,1878.097,1847.203,1848.203,1868.281,3271452548,,-1.0746777385200579
2017-04-19,sz399006,1841.601,1845.643,1812.39,1845.382,1848.203,3615345668,,-0.15263474845566005
2017-04-20,sz399006,1843.966,1856.729,1836.437,1850.39,1845.382,3112951422,,0.2713801261744253
2017-04-21,sz399006,1849.281,1863.582,1836.524,1839.006,1850.39,2645293031,,-0.6152216559752288
2017-04-24,sz399006,1832.823,1832.823,1796.358,1809.911,1839.006,2945927982,,-1.5821046804632477
2017-04-25,sz399006,1809.556,1829.263,1807.667,1818.87,1809.911,2876857152,,0.49499671530808254
2017-04-26,sz399006,1812.865,1822.12,1811.043,1820.48,1818.87,2952281990,,0.08851649650607474
2017-04-27,sz399006,1815.111,1847.932,1794.397,1842.922,1820.48,4323896021,,1.2327518017226202
2017-04-28,sz399006,1838.744,1856.403,1834.426,1850.734,1842.922,3368666173,,0.4238920583725214
2017-05-02,sz399006,1849.215,1855.342,1843.826,1850.849,1850.734,3040117500,,0.006213750868577783
2017-05-03,sz399006,1848.708,1854.68,1832.564,1840.453,1850.849,3423667537,,-0.5616881766151605
2017-05-04,sz399006,1838.71,1858.558,1828.634,1838.104,1840.453,3783533066,,-0.12763162112805482
2017-05-05,sz399006,1832.675,1839.648,1818.191,1818.191,1838.104,3387480412,,-1.083344576803058
2017-05-08,sz399006,1814.103,1825.76,1788.708,1788.708,1818.191,3328220892,,-1.621556811138103
2017-05-09,sz399006,1780.519,1803.208,1770.594,1802.491,1788.708,3194552168,,0.7705561779787429
2017-05-10,sz399006,1801.775,1815.825,1771.319,1771.319,1802.491,3449289613,,-1.7293845017811504
2017-05-11,sz399006,1761.47,1772.47,1727.576,1772.413,1771.319,3731496816,,0.06176188478754785
2017-05-12,sz399006,1768.305,1774.899,1750.403,1774.628,1772.413,3094110097,,0.12497087304144117
2017-05-15,sz399006,1778.181,1788.563,1776.008,1778.636,1774.628,2905136423,,0.22585015000327058
2017-05-16,sz399006,1774.39,1814.941,1764.285,1814.941,1778.636,4250033934,,2.041170874760212
2017-05-17,sz399006,1812.709,1833.87,1810.214,1822.639,1814.941,4526539585,,0.4241460190716806
2017-05-18,sz399006,1807.175,1827.785,1803.86,1813.506,1822.639,3956714124,,-0.5010866112268975
2017-05-19,sz399006,1812.732,1815.809,1793.041,1801.078,1813.506,3384562978,,-0.6853023921619239
2017-05-22,sz399006,1798.565,1814.407,1779.474,1788.075,1801.078,3519374049,,-0.7219565171525
2017-05-23,sz399006,1784.532,1790.107,1757.371,1758.235,1788.075,3626888484,,-1.6688338017141424
2017-05-24,sz399006,1749.163,1776.442,1730.363,1776.278,1758.235,3311797005,,1.0261995694546
2017-05-25,sz399006,1770.651,1785.665,1745.226,1777.694,1776.278,3769008933,,0.0797172514662714
2017-05-26,sz399006,1769.117,1772.932,1754.772,1759.632,1777.694,3614534801,,-1.0160353806673128
2017-05-31,sz399006,1777.653,1783.148,1762.077,1763.729,1759.632,3419064181,,0.23283277412549097
2017-06-01,sz399006,1757.802,1757.886,1728.488,1728.488,1763.729,3385682602,,-1.9980960793863467
2017-06-02,sz399006,1721.398,1754.211,1711.82,1745.927,1728.488,3411709634,,1.008916463406151
2017-06-05,sz399006,1747.527,1767.292,1747.527,1761.246,1745.927,3278676310,,0.8774135459271859
2017-06-06,sz399006,1759.292,1773.073,1758.321,1766.393,1761.246,2989256844,,0.29223629180705757
2017-06-07,sz399006,1764.957,1802.519,1762.732,1799.852,1766.393,4310374852,,1.894199082537118
2017-06-08,sz399006,1798.69,1804.662,1792.103,1794.75,1799.852,3859905382,,-0.2834677517929318
2017-06-09,sz399006,1793.65,1797.638,1782.185,1796.135,1794.75,3500116544,,0.07716952221756834
2017-06-12,sz399006,1787.563,1787.563,1773.532,1775.551,1796.135,3106267052,,-1.1460163072374852
2017-06-13,sz399006,1773.007,1800.197,1771.846,1795.632,1775.551,3288958270,,1.1309728641982097
2017-06-14,sz399006,1794.035,1798.198,1787.06,1790.635,1795.632,3403856021,,-0.27828641948907107
2017-06-15,sz399006,1788.812,1823.417,1788.428,1816.259,1790.635,4635758297,,1.4310007343763642
2017-06-16,sz399006,1816.161,1819.104,1809.48,1810.053,1816.259,3712285353,,-0.34169135569320774
2017-06-19,sz399006,1809.514,1817.5,1805.882,1816.4,1810.053,3077722083,,0.3506527156939665
2017-06-20,sz399006,1818.688,1833.944,1818.688,1820.976,1816.4,3957629576,,0.2519268883505843
2017-06-21,sz399006,1827.89,1829.4,1810.041,1824.691,1820.976,3781455372,,0.20401147516495577
2017-06-22,sz399006,1821.838,1828.802,1798.381,1798.381,1824.691,3987795441,,-1.4418879689766628
2017-06-23,sz399006,1794.497,1807.429,1776.604,1807.429,1798.381,3623584043,,0.503119194431001
2017-06-26,sz399006,1805.884,1821.277,1801.212,1821.277,1807.429,3153358021,,0.766171174635355
2017-06-27,sz399006,1821.37,1830.224,1816.663,1819.934,1821.277,3083994640,,-0.07373946961390931
2017-06-28,sz399006,1817.425,1818.115,1802.381,1808.199,1819.934,2892441361,,-0.6448036027680071
2017-06-29,sz399006,1808.295,1822.82,1807.616,1813.552,1808.199,2904965118,,0.2960404247541293
2017-06-30,sz399006,1808.077,1819.885,1802.608,1818.067,1813.552,2884056590,,0.24895894906791227
2017-07-03,sz399006,1818.204,1836.493,1816.031,1835.986,1818.067,3286105321,,0.985607241097286
2017-07-04,sz399006,1833.894,1834.24,1823.853,1829.505,1835.986,3087420144,,-0.35299833440995965
2017-07-05,sz399006,1827.259,1836.66,1820.96,1836.631,1829.505,3369905470,,0.3895042648147884
2017-07-06,sz399006,1835.809,1844.204,1823.368,1838.995,1836.631,4081931328,,0.1287139332832643
2017-07-07,sz399006,1833.884,1836.778,1828.724,1835.439,1838.995,3569736092,,-0.19336648549885815
2017-07-10,sz399006,1831.369,1831.369,1803.228,1803.247,1835.439,3839380613,,-1.7539128241254587
2017-07-11,sz399006,1799.52,1804.718,1783.912,1783.912,1803.247,3343283052,,-1.0722324784125492
2017-07-12,sz399006,1779.897,1788.693,1764.104,1786.746,1783.912,3448005353,,0.15886433859966242
2017-07-13,sz399006,1784.257,1786.219,1774.779,1778.863,1786.746,2782578920,,-0.441193096276693
2017-07-14,sz399006,1771.334,1771.334,1742.216,1745.567,1778.863,3316737932,,-1.871757409086594
2017-07-17,sz399006,1730.704,1730.704,1656.433,1656.433,1745.567,4649777565,,-5.106306432236629
2017-07-18,sz399006,1646.639,1672.715,1641.381,1667.488,1656.433,3235769691,,0.6673979569351784
2017-07-19,sz399006,1663.16,1685.739,1654.768,1684.771,1667.488,3016564771,,1.0364692279644538
2017-07-20,sz399006,1684.264,1712.702,1683.106,1688.61,1684.771,3185920929,,0.22786479586840436
2017-07-21,sz399006,1688.793,1699.673,1685.793,1690.145,1688.61,2646079556,,0.09090316887854222
2017-07-24,sz399006,1685.709,1689.381,1674.717,1686.438,1690.145,2930271102,,-0.21933029414635818
2017-07-25,sz399006,1686.575,1694.4,1680.948,1688.094,1686.438,2926183105,,0.09819513080231435
2017-07-26,sz399006,1689.48,1692.625,1674.223,1681.31,1688.094,3019558453,,-0.4018733553937226
2017-07-27,sz399006,1678.868,1742.915,1675.295,1742.191,1681.31,5992545169,,3.6210454942871895
2017-07-28,sz399006,1740.543,1746.541,1732.894,1734.074,1742.191,4517515211,,-0.46590758418565414
2017-07-31,sz399006,1731.915,1744.048,1725.499,1736.3,1734.074,3913969682,,0.1283682241934203
2017-08-01,sz399006,1735.907,1742.011,1727.588,1741.074,1736.3,4008350124,,0.2749524851696217
2017-08-02,sz399006,1740.386,1744.299,1723.229,1724.833,1741.074,4139166931,,-0.9328150325603635
2017-08-03,sz399006,1723.026,1757.757,1716.533,1733.124,1724.833,4497700300,,0.48068421696476626
2017-08-04,sz399006,1731.03,1734.179,1718.911,1719.617,1733.124,3934693329,,-0.779344120789971
2017-08-07,sz399006,1722.244,1743.617,1720.988,1732.434,1719.617,3317611418,,0.7453403868419528
2017-08-08,sz399006,1731.73,1762.44,1728.587,1762.421,1732.434,4396355777,,1.7309173105584552
2017-08-09,sz399006,1756.498,1770.749,1751.83,1763.049,1762.421,4237881555,,0.03563280283200854
2017-08-10,sz399006,1761.426,1777.189,1741.401,1753.669,1763.049,4201694476,,-0.5320328589846324
2017-08-11,sz399006,1741.995,1763.912,1738.143,1742.139,1753.669,4094791641,,-0.6574786918169928
2017-08-14,sz399006,1745.008,1794.073,1745.008,1793.482,1742.139,4951655451,,2.947124196174933
2017-08-15,sz399006,1796.237,1803.192,1785.621,1798.569,1793.482,4404865138,,0.2836381965361179
2017-08-16,sz399006,1797.046,1835.623,1792.72,1825.187,1798.569,6220121890,,1.4799543414792504
2017-08-17,sz399006,1819.426,1845.245,1816.143,1833.398,1825.187,5737107115,,0.44987171177528484
2017-08-18,sz399006,1822.07,1835.672,1817.639,1821.803,1833.398,4612578871,,-0.6324322378446934
2017-08-21,sz399006,1823.368,1834.663,1818.86,1829.217,1821.803,3967537914,,0.40695947915334596
2017-08-22,sz399006,1829.398,1831.657,1811.97,1814.915,1829.217,4213031556,,-0.7818645901497834
2017-08-23,sz399006,1813.429,1818.653,1801.151,1807.366,1814.915,3781358380,,-0.41594234440731626
2017-08-24,sz399006,1807.846,1812.082,1792.698,1795.739,1807.366,3952437542,,-0.6433118693169981
2017-08-25,sz399006,1794.704,1814.539,1794.704,1812.878,1795.739,3931859955,,0.9544260051154385
2017-08-28,sz399006,1815.835,1856.215,1815.835,1842.828,1812.878,5434896947,,1.6520692512127066
2017-08-29,sz399006,1842.149,1850.818,1828.535,1831.591,1842.828,4737787123,,-0.6097693327863474
2017-08-30,sz399006,1830.704,1849.24,1830.545,1838.631,1831.591,4118562094,,0.3843652867916658
2017-08-31,sz399006,1841.0,1850.809,1839.811,1849.379,1838.631,3998415415,,0.5845653641214588
2017-09-01,sz399006,1850.023,1865.815,1840.521,1865.25,1849.379,5148778415,,0.8581799620305031
2017-09-04,sz399006,1863.024,1888.98,1858.386,1883.618,1865.25,6018380308,,0.9847473529017492
2017-09-05,sz399006,1881.674,1891.792,1873.164,1885.162,1883.618,5509199471,,0.08196991109663543
2017-09-06,sz399006,1880.701,1902.857,1877.272,1902.857,1885.162,5942041790,,0.9386461216595698
2017-09-07,sz399006,1904.538,1917.958,1889.329,1890.382,1902.857,6968310467,,-0.6555931423117944
2017-09-08,sz399006,1888.395,1895.864,1872.912,1885.274,1890.382,5211138214,,-0.2702099364043975
2017-09-11,sz399006,1883.654,1896.375,1880.139,1896.375,1885.274,4940836804,,0.5888268760933402
2017-09-12,sz399006,1897.519,1904.304,1882.569,1884.484,1896.375,6383554335,,-0.6270384285808506
2017-09-13,sz399006,1884.537,1888.439,1874.871,1888.432,1884.484,4707341726,,0.20950031945083936
2017-09-14,sz399006,1887.362,1892.991,1874.22,1879.252,1888.432,4780371170,,-0.48611758326484455
2017-09-15,sz399006,1877.17,1882.532,1869.63,1875.635,1879.252,4366899736,,-0.19247019558845668
2017-09-18,sz399006,1874.45,1894.813,1873.966,1894.802,1875.635,3959214482,,1.0218939185929088
2017-09-19,sz399006,1896.62,1901.272,1877.145,1880.296,1894.802,4395014856,,-0.7655681174075113
2017-09-20,sz399006,1878.565,1892.669,1876.681,1892.669,1880.296,4522089533,,0.6580346924101255
2017-09-21,sz399006,1892.946,1898.207,1872.652,1872.77,1892.669,4924446516,,-1.0513724269801017
2017-09-22,sz399006,1869.109,1871.24,1854.939,1866.425,1872.77,4452176267,,-0.33880294964143687
2017-09-25,sz399006,1864.864,1869.385,1841.364,1843.621,1866.425,4095070327,,-1.2218010367413545
2017-09-26,sz399006,1840.479,1848.137,1826.918,1839.455,1843.621,3744337424,,-0.2259683524976186
2017-09-27,sz399006,1840.165,1857.332,1840.165,1854.943,1839.455,3654660524,,0.841988523774706
2017-09-28,sz399006,1853.377,1864.246,1852.459,1854.734,1854.943,3953658632,,-0.011267192576813745
2017-09-29,sz399006,1858.058,1866.982,1856.865,1866.982,1854.734,3932091236,,0.660364235518407
2017-10-09,sz399006,1889.887,1894.906,1880.394,1889.838,1866.982,4704771664,,1.2242217653946286
2017-10-10,sz399006,1890.664,1917.458,1887.473,1917.458,1889.838,5453981909,,1.4615009328841966
2017-10-11,sz399006,1918.35,1924.0,1899.962,1901.551,1917.458,5456154129,,-0.8295879231774661
2017-10-12,sz399006,1900.873,1909.478,1889.44,1899.986,1901.551,4482649497,,-0.0823012372531573
2017-10-13,sz399006,1901.175,1927.019,1898.344,1926.074,1899.986,4728844194,,1.3730627488834024
2017-10-16,sz399006,1920.937,1921.639,1882.686,1882.686,1926.074,5522901575,,-2.252665266235887
2017-10-17,sz399006,1876.692,1888.617,1868.917,1876.991,1882.686,3384330453,,-0.3024933525824225
2017-10-18,sz399006,1878.291,1890.322,1867.827,1868.159,1876.991,3842601705,,-0.4705403488881821
2017-10-19,sz399006,1865.929,1876.671,1855.355,1862.611,1868.159,3795022154,,-0.2969768633183767
2017-10-20,sz399006,1858.622,1880.214,1856.101,1880.214,1862.611,3110695356,,0.945071193072522
2017-10-23,sz399006,1881.409,1900.376,1878.344,1898.759,1880.214,3322166933,,0.9863238971734134
2017-10-24,sz399006,1895.438,1901.693,1882.682,1901.693,1898.759,3430409636,,0.15452197988263805
2017-10-25,sz399006,1898.626,1913.264,1893.943,1913.264,1901.693,3200867593,,0.6084578320475487
2017-10-26,sz399006,1911.854,1918.792,1902.272,1910.722,1913.264,3712973690,,-0.13286195736709194
2017-10-27,sz399006,1909.567,1910.931,1895.259,1896.224,1910.722,3367619172,,-0.7587707683273659
2017-10-30,sz399006,1894.861,1902.053,1848.038,1855.986,1896.224,4517441571,,-2.1220066827547734
2017-10-31,sz399006,1855.941,1869.787,1855.227,1869.787,1855.986,3042437148,,0.7435939710752182
2017-11-01,sz399006,1867.987,1881.486,1866.521,1872.746,1869.787,3374636610,,0.15825331976315749
2017-11-02,sz399006,1869.722,1869.722,1847.408,1847.565,1872.746,3614229526,,-1.344603058823779
2017-11-03,sz399006,1843.797,1856.216,1825.292,1832.967,1847.565,3462248867,,-0.7901210512214707
2017-11-06,sz399006,1831.897,1850.303,1818.41,1850.303,1832.967,3286032549,,0.9457889858355273
2017-11-07,sz399006,1849.319,1859.111,1843.918,1859.068,1850.303,3544655286,,0.47370619839020023
2017-11-08,sz399006,1858.643,1881.047,1856.39,1866.142,1859.068,4179881888,,0.38051324642240925
2017-11-09,sz399006,1864.249,1884.112,1858.73,1884.112,1866.142,3887110879,,0.9629492289439989
2017-11-10,sz399006,1882.725,1905.059,1882.278,1900.631,1884.112,4230801550,,0.8767525497422657
2017-11-13,sz399006,1904.584,1911.17,1895.873,1906.437,1900.631,4332913339,,0.3054774966839924
2017-11-14,sz399006,1908.043,1912.487,1888.862,1896.721,1906.437,4426337591,,-0.5096418082527698
2017-11-15,sz399006,1892.653,1894.606,1861.587,1868.081,1896.721,3730475205,,-1.5099743188376258
2017-11-16,sz399006,1865.72,1883.022,1859.773,1878.26,1868.081,3391988240,,0.5448907194067099
2017-11-17,sz399006,1879.426,1884.016,1831.012,1833.895,1878.26,4894124350,,-2.3620265564937792
2017-11-20,sz399006,1819.167,1859.75,1795.686,1859.75,1833.895,3464799003,,1.4098408033175192
2017-11-21,sz399006,1856.729,1871.705,1844.415,1856.961,1859.75,3658381504,,-0.14996639333243467
2017-11-22,sz399006,1854.581,1867.788,1837.297,1853.378,1856.961,3766268563,,-0.19294966345551057
2017-11-23,sz399006,1848.22,1848.22,1793.491,1794.781,1853.378,3656405274,,-3.1616324354772685
2017-11-24,sz399006,1789.514,1804.214,1782.597,1782.657,1794.781,3006879663,,-0.6755141713668755
2017-11-27,sz399006,1781.222,1794.01,1758.449,1760.9,1782.657,2959511383,,-1.2204815620727838
2017-11-28,sz399006,1761.525,1794.137,1761.525,1793.868,1760.9,2909799047,,1.8722244306888403
2017-11-29,sz399006,1793.276,1795.514,1767.632,1787.382,1793.868,3151955429,,-0.3615650649880564
2017-11-30,sz399006,1783.233,1792.141,1765.296,1770.302,1787.382,2843552761,,-0.9555875576681472
2017-12-01,sz399006,1772.043,1808.69,1771.889,1804.622,1770.302,3324674776,,1.9386522751485336
2017-12-04,sz399006,1803.034,1812.4,1795.132,1797.765,1804.622,3228538785,,-0.379968769082939
2017-12-05,sz399006,1794.703,1799.875,1746.123,1758.59,1797.765,3495377667,,-2.1790945980147636
2017-12-06,sz399006,1755.768,1784.822,1744.493,1784.315,1758.59,3255689803,,1.462819645284008
2017-12-07,sz399006,1780.975,1791.055,1774.995,1776.99,1784.315,3013348619,,-0.41052168479220885
2017-12-08,sz399006,1776.265,1803.362,1776.265,1792.155,1776.99,3177505387,,0.8534094170479234
2017-12-11,sz399006,1800.133,1816.985,1800.133,1816.985,1792.155,3514791002,,1.3854828404909147
2017-12-12,sz399006,1818.409,1821.484,1798.691,1798.691,1816.985,3268747541,,-1.006832747656139
2017-12-13,sz399006,1795.474,1806.188,1787.706,1806.09,1798.691,2908665346,,0.4113547018359309
2017-12-14,sz399006,1804.19,1809.671,1787.672,1794.344,1806.09,2983696330,,-0.6503551871722801
2017-12-15,sz399006,1793.24,1801.414,1780.267,1783.973,1794.344,3183932584,,-0.5779828171186829
2017-12-18,sz399006,1784.415,1790.868,1773.319,1780.644,1783.973,2815548148,,-0.18660596320684286
2017-12-19,sz399006,1781.808,1802.577,1781.808,1798.502,1780.644,2815975524,,1.0028955815985618
2017-12-20,sz399006,1798.357,1799.365,1779.682,1782.413,1798.502,2923210666,,-0.8945778208753752
2017-12-21,sz399006,1776.452,1796.583,1762.979,1789.736,1782.413,3193362717,,0.41084754206797136
2017-12-22,sz399006,1788.657,1795.068,1778.609,1779.339,1789.736,2885048041,,-0.5809236669542361
2017-12-25,sz399006,1778.959,1780.517,1751.906,1755.806,1779.339,3201775538,,-1.3225697857462748
2017-12-26,sz399006,1755.144,1760.464,1742.258,1758.821,1755.806,2870911726,,0.17171600962748723
2017-12-27,sz399006,1756.036,1760.424,1743.773,1745.236,1758.821,2956653054,,-0.7723924151462724
2017-12-28,sz399006,1742.468,1759.104,1742.021,1745.017,1745.236,3024463675,,-0.012548446170035366
2017-12-29,sz399006,1745.948,1753.984,1741.001,1752.652,1745.017,2770817719,,0.43753155413386313
2018-01-02,sz399006,1759.02,1770.011,1748.531,1769.672,1752.652,2753236812,,0.9710997961945633
2018-01-03,sz399006,1770.035,1798.78,1766.337,1795.383,1769.672,3706537315,,1.452868102111582
2018-01-04,sz399006,1790.653,1795.253,1788.537,1794.609,1795.383,3251178969,,-0.04311057863419787
2018-01-05,sz399006,1797.258,1804.878,1795.255,1801.418,1794.609,3129725748,,0.37941412307638256
2018-01-08,sz399006,1801.176,1806.156,1785.38,1806.156,1801.418,3443075135,,0.2630150248304375
2018-01-09,sz399006,1803.364,1808.658,1799.419,1803.586,1806.156,2981728067,,-0.14229114207189308
2018-01-10,sz399006,1803.601,1804.726,1780.099,1791.084,1803.586,3439856577,,-0.6931745977180936
2018-01-11,sz399006,1787.385,1807.151,1776.009,1804.235,1791.084,3831801762,,0.7342480866335599
2018-01-12,sz399006,1800.886,1802.522,1785.608,1785.705,1804.235,3368256652,,-1.0270280756109917
2018-01-15,sz399006,1778.794,1780.195,1727.005,1732.623,1785.705,4008890366,,-2.9726074575587735
2018-01-16,sz399006,1729.559,1740.845,1720.649,1729.597,1732.623,3263426707,,-0.1746484953737859
2018-01-17,sz399006,1722.452,1750.063,1697.624,1742.034,1729.597,3923693000,,0.719069239828718
2018-01-18,sz399006,1735.459,1754.616,1734.775,1738.002,1742.034,2925242458,,-0.23145357668106215
2018-01-19,sz399006,1735.03,1745.592,1726.527,1728.14,1738.002,3244262934,,-0.5674331790181952
2018-01-22,sz399006,1726.317,1776.181,1715.427,1768.214,1728.14,4196111364,,2.318909347622289
2018-01-23,sz399006,1767.33,1776.495,1760.339,1767.829,1768.214,3387421486,,-0.021773382633549776
2018-01-24,sz399006,1763.686,1817.084,1752.304,1813.275,1767.829,5446918921,,2.5707237521276127
2018-01-25,sz399006,1811.114,1852.226,1807.515,1810.835,1813.275,5993121359,,-0.13456315230728766
2018-01-26,sz399006,1809.131,1830.547,1809.131,1816.8,1810.835,4205369270,,0.32940604748636915
2018-01-29,sz399006,1811.542,1826.097,1791.578,1799.771,1816.8,4412493589,,-0.9373073535887233
2018-01-30,sz399006,1794.328,1808.011,1779.33,1782.399,1799.771,3546613334,,-0.965233910314145
2018-01-31,sz399006,1766.767,1767.777,1732.98,1735.057,1782.399,4460396839,,-2.6560831777845406
2018-02-01,sz399006,1735.663,1746.545,1697.39,1697.39,1735.057,4508259426,,-2.170937323672939
2018-02-02,sz399006,1683.179,1726.89,1676.243,1702.426,1697.39,4034473247,,0.29669080176033535
2018-02-05,sz399006,1678.187,1698.281,1674.975,1688.272,1702.426,3194551927,,-0.8314017760536974
2018-02-06,sz399006,1653.447,1675.563,1597.886,1598.116,1688.272,4301342871,,-5.34013476501417
2018-02-07,sz399006,1632.872,1637.777,1571.47,1616.4,1598.116,4485085855,,1.1440971744228978
2018-02-08,sz399006,1608.729,1651.586,1608.631,1641.431,1616.4,4592212692,,1.5485647117050139
2018-02-09,sz399006,1598.475,1629.356,1576.886,1592.51,1641.431,4837991413,,-2.980387235284332
2018-02-12,sz399006,1604.562,1654.654,1604.562,1648.072,1592.51,3935224708,,3.48895768315427
2018-02-13,sz399006,1657.128,1669.079,1644.865,1648.582,1648.072,3622436851,,0.030945249964831056
2018-02-14,sz399006,1649.573,1652.009,1633.762,1646.771,1648.582,2603047900,,-0.10985198188504519
2018-02-22,sz399006,1661.559,1679.794,1650.875,1677.765,1646.771,3156845789,,1.8821074697089157
2018-02-23,sz399006,1674.624,1681.245,1656.953,1668.834,1677.765,3529356665,,-0.5323153123351632
2018-02-26,sz399006,1683.146,1733.708,1673.953,1729.153,1668.834,4834986101,,3.6144397825068175
2018-02-27,sz399006,1729.937,1757.374,1728.311,1743.541,1729.153,5649156337,,0.8320836849023738
2018-02-28,sz399006,1730.152,1773.733,1723.395,1753.627,1743.541,5331551721,,0.5784779365670234
2018-03-01,sz399006,1744.34,1789.849,1741.028,1789.849,1753.627,5667066532,,2.0655475765370745
2018-03-02,sz399006,1777.458,1804.25,1767.901,1772.005,1789.849,5447180432,,-0.996955609104444
2018-03-05,sz399006,1780.822,1795.693,1768.881,1795.693,1772.005,4358646438,,1.3367908104096715
2018-03-06,sz399006,1798.035,1810.256,1790.543,1797.609,1795.693,5017516122,,0.10669975324288927
2018-03-07,sz399006,1795.174,1800.451,1780.296,1785.27,1797.609,4348116042,,-0.6864117836526185
2018-03-08,sz399006,1783.104,1795.817,1781.456,1793.222,1785.27,4156194069,,0.445422821197905
2018-03-09,sz399006,1794.254,1858.028,1793.924,1856.455,1793.222,7072603932,,3.5262226316652434
2018-03-12,sz399006,1872.028,1901.151,1872.028,1882.409,1856.455,7470445636,,1.3980408897603214
2018-03-13,sz399006,1879.626,1896.504,1863.16,1872.678,1882.409,6215330242,,-0.5169439797621078
2018-03-14,sz399006,1863.573,1874.153,1840.349,1841.289,1872.678,5190864505,,-1.6761557512823932
2018-03-15,sz399006,1833.77,1848.715,1812.481,1848.71,1841.289,4771256653,,0.40303287533896004
2018-03-16,sz399006,1847.178,1857.15,1821.322,1821.322,1848.71,4218405291,,-1.4814654542897543
2018-03-19,sz399006,1822.603,1860.202,1818.62,1842.92,1821.322,4630589316,,1.185841932398568
2018-03-20,sz399006,1828.006,1867.459,1825.675,1864.62,1842.92,5139330885,,1.1774792177631
2018-03-21,sz399006,1866.81,1877.134,1829.913,1829.913,1864.62,5839662239,,-1.8613444026128634
2018-03-22,sz399006,1830.559,1841.403,1814.686,1817.228,1829.913,4726283882,,-0.6932023544288679
2018-03-23,sz399006,1751.743,1792.231,1710.403,1726.021,1817.228,6861055650,,-5.0190179768306535
2018-03-26,sz399006,1704.355,1781.837,1693.734,1780.609,1726.021,5064053017,,3.1626498171227313
2018-03-27,sz399006,1799.147,1846.541,1797.087,1844.693,1780.609,6354132402,,3.598993378108273
2018-03-28,sz399006,1819.656,1856.885,1816.437,1835.154,1844.693,6607068894,,-0.5171050142218747
2018-03-29,sz399006,1843.442,1857.325,1825.968,1842.187,1835.154,5853250105,,0.38323759204950125
2018-03-30,sz399006,1850.201,1900.957,1849.247,1900.482,1842.187,6990537887,,3.1644453033269793
2018-04-02,sz399006,1911.566,1918.218,1891.958,1900.255,1900.482,7488091380,,-0.011944338331004722
2018-04-03,sz399006,1869.872,1886.975,1850.01,1872.47,1900.255,6279923832,,-1.4621721821545086
2018-04-04,sz399006,1880.329,1887.114,1834.674,1836.813,1872.47,5812818959,,-1.9042761699786914
2018-04-09,sz399006,1830.878,1862.966,1819.094,1841.653,1836.813,5358633141,,0.2634998772329977
2018-04-10,sz399006,1838.885,1842.22,1811.348,1835.52,1841.653,6030317485,,-0.3330160459109277
2018-04-11,sz399006,1840.09,1857.917,1832.423,1834.626,1835.52,5603965856,,-0.04870554393305859
2018-04-12,sz399006,1830.908,1848.631,1826.692,1826.89,1834.626,5044558186,,-0.42166632327241826
2018-04-13,sz399006,1840.868,1848.916,1822.659,1824.594,1826.89,4932109571,,-0.12567806490813016
2018-04-16,sz399006,1818.253,1852.082,1816.323,1838.709,1824.594,5563170847,,0.7735967563194945
2018-04-17,sz399006,1843.747,1849.687,1783.741,1783.741,1838.709,5811779953,,-2.989488820688868
2018-04-18,sz399006,1793.829,1832.987,1757.391,1822.264,1783.741,6346234820,,2.1596745267390194
2018-04-19,sz399006,1815.447,1839.127,1812.934,1820.281,1822.264,5961780087,,-0.10882067581864385
2018-04-20,sz399006,1813.754,1830.726,1781.215,1782.808,1820.281,5887461822,,-2.0586381992670377
2018-04-23,sz399006,1784.146,1794.682,1729.899,1753.048,1782.808,5232250128,,-1.6692767813471732
2018-04-24,sz399006,1753.643,1806.902,1749.179,1806.861,1753.048,5478103918,,3.0696820623280274
2018-04-25,sz399006,1798.002,1825.234,1795.787,1819.406,1806.861,5627186009,,0.6942980118559205
2018-04-26,sz399006,1818.694,1819.428,1780.615,1781.276,1819.406,5166547124,,-2.09573893897238
2018-04-27,sz399006,1790.304,1813.568,1779.175,1805.596,1781.276,4901146531,,1.3653134045481963
2018-05-02,sz399006,1814.625,1833.27,1788.011,1801.571,1805.596,4794817742,,-0.22291808355801024
2018-05-03,sz399006,1797.117,1827.767,1767.604,1826.791,1801.571,5138178252,,1.3998893188222894
2018-05-04,sz399006,1821.022,1832.958,1812.069,1814.855,1826.791,4455536341,,-0.6533861837506261
2018-05-07,sz399006,1819.665,1854.303,1819.015,1852.336,1814.855,4984135781,,2.0652338616583776
2018-05-08,sz399006,1852.686,1857.947,1842.626,1856.868,1852.336,5061882406,,0.2446640350346696
2018-05-09,sz399006,1853.83,1861.936,1845.903,1855.809,1856.868,5007908832,,-0.0570315175876801
2018-05-10,sz399006,1857.985,1866.815,1846.111,1865.359,1855.809,5515867343,,0.5146003710511105
2018-05-11,sz399006,1866.931,1870.004,1834.78,1834.78,1865.359,5303300140,,-1.6393091088632294
2018-05-14,sz399006,1835.696,1844.651,1825.695,1830.98,1834.78,4772257878,,-0.20710929920753074
2018-05-15,sz399006,1830.837,1858.986,1825.505,1858.011,1830.98,4474203322,,1.4763132311658156
2018-05-16,sz399006,1850.009,1862.288,1845.087,1846.675,1858.011,4496447032,,-0.6101147947993879
2018-05-17,sz399006,1845.278,1851.12,1826.232,1831.204,1846.675,4166575804,,-0.837776002815871
2018-05-18,sz399006,1829.063,1839.001,1812.656,1836.754,1831.204,4194732443,,0.30307928554109687
2018-05-21,sz399006,1845.764,1870.57,1845.764,1862.481,1836.754,5336951977,,1.4006774995453997
2018-05-22,sz399006,1860.631,1876.156,1858.114,1875.999,1862.481,5172826757,,0.7258060619141915
2018-05-23,sz399006,1869.5,1876.202,1845.81,1845.973,1875.999,5428339722,,-1.6005339022035714
2018-05-24,sz399006,1847.811,1855.988,1837.439,1838.403,1845.973,4637084233,,-0.41008183760000705
2018-05-25,sz399006,1835.415,1841.639,1804.549,1804.549,1838.403,5076226001,,-1.8414895972210688
2018-05-28,sz399006,1804.784,1815.221,1788.035,1796.913,1804.549,4796736501,,-0.42315282100956475
2018-05-29,sz399006,1795.724,1815.2,1773.623,1773.646,1796.913,4743830121,,-1.2948317475581783
2018-05-30,sz399006,1744.241,1758.866,1724.28,1726.219,1773.646,5447240249,,-2.6739834217200054
2018-05-31,sz399006,1741.325,1748.528,1714.848,1743.743,1726.219,4487568637,,1.015166673521728
2018-06-01,sz399006,1734.35,1744.011,1699.684,1709.548,1743.743,4296234578,,-1.9610114563900716
2018-06-04,sz399006,1709.569,1715.415,1690.991,1702.93,1709.548,3788509393,,-0.38711987028149375
2018-06-05,sz399006,1702.366,1747.747,1702.366,1746.113,1702.93,4282913704,,2.535805934477642
2018-06-06,sz399006,1744.166,1751.97,1735.374,1743.248,1746.113,4297856613,,-0.16407872800900947
2018-06-07,sz399006,1747.932,1750.506,1728.061,1730.375,1743.248,4110180883,,-0.7384491477976818
2018-06-08,sz399006,1726.302,1727.487,1698.246,1711.522,1730.375,4031094016,,-1.0895326157624785
2018-06-11,sz399006,1707.14,1708.205,1684.314,1688.618,1711.522,3599699314,,-1.3382241069644474
2018-06-12,sz399006,1692.668,1715.661,1680.996,1712.768,1688.618,3838557051,,1.4301636012407748
2018-06-13,sz399006,1711.53,1711.53,1685.895,1685.895,1712.768,3754801686,,-1.568980737613035
2018-06-14,sz399006,1682.836,1702.686,1669.381,1673.319,1685.895,3505982289,,-0.7459539295151862
2018-06-15,sz399006,1673.904,1681.889,1636.698,1641.663,1673.319,4296341097,,-1.8918090334239857
2018-06-19,sz399006,1612.901,1626.868,1532.323,1547.145,1641.663,5110292486,,-5.757454483654689
2018-06-20,sz399006,1540.61,1577.623,1525.285,1563.792,1547.145,4793868424,,1.0759818892217554
2018-06-21,sz399006,1562.369,1570.598,1521.562,1521.676,1563.792,4691897410,,-2.6931970492239388
2018-06-22,sz399006,1514.042,1555.72,1506.617,1549.661,1521.676,4249737867,,1.8390905817007086
2018-06-25,sz399006,1563.744,1566.777,1537.27,1538.565,1549.661,3984411238,,-0.7160275699007679
2018-06-26,sz399006,1518.5,1570.276,1515.269,1564.917,1538.565,4586448622,,1.7127648165660814
2018-06-27,sz399006,1564.287,1572.607,1542.516,1546.231,1564.917,4559121524,,-1.194056937204968
2018-06-28,sz399006,1544.645,1570.896,1540.89,1543.664,1546.231,4330413886,,-0.1660165913113909
2018-06-29,sz399006,1547.149,1609.735,1547.149,1606.715,1543.664,5369630285,,4.084502845178739
2018-07-02,sz399006,1605.21,1614.341,1572.562,1588.374,1606.715,5269944792,,-1.1415216762151292
2018-07-03,sz399006,1589.499,1613.826,1558.001,1607.122,1588.374,5665468816,,1.180326547777799
2018-07-04,sz399006,1595.888,1596.001,1557.542,1565.61,1607.122,4906942303,,-2.5830024105201854
2018-07-05,sz399006,1560.976,1576.991,1532.429,1532.679,1565.61,4440289942,,-2.103397397819373
2018-07-06,sz399006,1532.051,1571.016,1517.061,1541.313,1532.679,5278415648,,0.5633273503453662
2018-07-09,sz399006,1546.012,1582.532,1546.012,1581.93,1541.313,4470413454,,2.6352207501007197
2018-07-10,sz399006,1583.743,1594.001,1577.392,1592.976,1581.93,4628433802,,0.6982609849993437
2018-07-11,sz399006,1562.591,1577.172,1540.704,1563.009,1592.976,5420524084,,-1.8811959502214814
2018-07-12,sz399006,1563.788,1620.644,1563.788,1614.632,1563.009,6602732985,,3.302796081148607
2018-07-13,sz399006,1612.188,1626.273,1608.604,1618.463,1614.632,5997542064,,0.23726768700236267
2018-07-16,sz399006,1614.562,1624.329,1605.212,1616.912,1618.463,5450280440,,-0.09583166250942687
2018-07-17,sz399006,1615.842,1622.085,1597.882,1621.632,1616.912,5209952521,,0.2919144641143179
2018-07-18,sz399006,1622.287,1635.907,1607.884,1607.884,1621.632,5494287209,,-0.8477879074907269
2018-07-19,sz399006,1607.929,1619.394,1582.966,1590.063,1607.884,4870125799,,-1.1083510999549628
2018-07-20,sz399006,1589.308,1615.058,1578.801,1609.548,1590.063,4760781541,,1.2254231436112928
2018-07-23,sz399006,1592.24,1621.174,1589.641,1620.973,1609.548,5606329419,,0.7098266097065764
2018-07-24,sz399006,1615.72,1641.968,1607.541,1629.61,1620.973,6098086674,,0.5328281223684783
2018-07-25,sz399006,1629.127,1645.445,1626.086,1632.32,1629.61,5750333105,,0.16629745767391402
2018-07-26,sz399006,1631.455,1635.053,1601.464,1606.115,1632.32,6254149971,,-1.60538374828465
2018-07-27,sz399006,1601.269,1607.3,1590.43,1594.567,1606.115,5179300901,,-0.7190020639866956
2018-07-30,sz399006,1593.604,1596.731,1554.038,1559.641,1594.567,4705224099,,-2.1903124798142604
2018-07-31,sz399006,1557.6,1571.874,1551.094,1561.258,1559.641,3868271255,,0.10367770531807263
2018-08-01,sz399006,1568.123,1580.835,1541.86,1541.86,1561.258,4309659675,,-1.242459606291857
2018-08-02,sz399006,1538.284,1538.937,1484.481,1510.088,1541.86,5210433009,,-2.0606280725876447
2018-08-03,sz399006,1512.566,1523.244,1481.606,1481.606,1510.088,3598604550,,-1.8861152462637976
2018-08-06,sz399006,1471.356,1485.852,1434.787,1440.796,1481.606,3814959647,,-2.7544434890247493
2018-08-07,sz399006,1445.617,1482.028,1435.093,1479.441,1440.796,4034603283,,2.6821978961629522
2018-08-08,sz399006,1475.323,1480.282,1446.814,1447.757,1479.441,4095809203,,-2.1416197063620634
2018-08-09,sz399006,1443.873,1509.868,1443.297,1497.606,1447.757,5056524969,,3.4431883251125672
2018-08-10,sz399006,1496.105,1514.508,1496.105,1511.707,1497.606,4105853905,,0.9415694114473405
2018-08-13,sz399006,1494.315,1534.123,1490.822,1531.34,1511.707,4352857934,,1.298730507962187
2018-08-14,sz399006,1530.452,1533.071,1512.164,1518.491,1531.34,3929466199,,-0.8390690506353882
2018-08-15,sz399006,1518.284,1519.715,1472.441,1478.506,1518.491,4203453276,,-2.6332062554206725
2018-08-16,sz399006,1458.392,1489.337,1449.927,1463.872,1478.506,4048631635,,-0.9897829295248073
2018-08-17,sz399006,1475.887,1480.425,1432.063,1434.306,1463.872,3819121351,,-2.019712105976479
2018-08-20,sz399006,1428.26,1444.0,1404.189,1435.69,1434.306,3955719521,,0.09649265916757965
2018-08-21,sz399006,1435.361,1461.381,1431.844,1456.972,1435.69,3947240224,,1.4823534328441301
2018-08-22,sz399006,1454.706,1457.785,1437.258,1439.552,1456.972,3846960311,,-1.1956303896025533
2018-08-23,sz399006,1439.659,1463.016,1438.278,1455.502,1439.552,3891996568,,1.1079835948961891
2018-08-24,sz399006,1450.952,1460.653,1442.814,1450.091,1455.502,3511075644,,-0.3717617701659015
2018-08-27,sz399006,1455.656,1495.679,1454.28,1493.433,1450.091,4432999762,,2.988915868038644
2018-08-28,sz399006,1495.903,1499.678,1485.536,1493.106,1493.433,4044311497,,-0.021895860075404894
2018-08-29,sz399006,1491.776,1491.776,1475.969,1481.192,1493.106,3692951461,,-0.7979339711982947
2018-08-30,sz399006,1479.849,1484.165,1456.244,1457.916,1481.192,3857199796,,-1.571437058801295
2018-08-31,sz399006,1450.473,1455.514,1434.314,1435.2,1457.916,3496614362,,-1.5581144592692553
2018-09-03,sz399006,1433.629,1445.298,1416.244,1443.688,1435.2,3770544831,,0.5914158305462713
2018-09-04,sz399006,1442.275,1461.108,1430.658,1455.503,1443.688,4451868605,,0.8183901230736756
2018-09-05,sz399006,1450.391,1457.594,1430.24,1430.24,1455.503,4414666844,,-1.73568862448239
2018-09-06,sz399006,1424.465,1443.563,1416.574,1422.87,1430.24,4190542424,,-0.5152981317820826
2018-09-07,sz399006,1426.976,1453.091,1415.174,1425.229,1422.87,4571466238,,0.16579167457322352
2018-09-10,sz399006,1424.014,1427.334,1390.14,1390.823,1425.229,4174124886,,-2.414068195356678
2018-09-11,sz399006,1389.539,1405.979,1383.131,1395.167,1390.823,3674732060,,0.3123330574774652
2018-09-12,sz399006,1394.163,1406.403,1382.842,1385.796,1395.167,3622315644,,-0.6716758638929843
2018-09-13,sz399006,1401.963,1408.874,1369.511,1391.279,1385.796,4276986999,,0.3956570808401727
2018-09-14,sz399006,1394.085,1396.471,1366.565,1366.565,1391.279,4372226244,,-1.7763511128968346
2018-09-17,sz399006,1360.719,1365.397,1345.58,1349.776,1366.565,3759148027,,-1.2285548071258923
2018-09-18,sz399006,1348.111,1379.384,1347.117,1377.303,1349.776,4163803038,,2.039375422292289
2018-09-19,sz399006,1375.21,1405.711,1369.474,1392.403,1377.303,4990863939,,1.0963455390716526
2018-09-20,sz399006,1391.25,1400.04,1384.711,1387.619,1392.403,4346836830,,-0.343578690939339
2018-09-21,sz399006,1393.675,1413.565,1382.405,1411.119,1387.619,4614526268,,1.6935484452144323
2018-09-25,sz399006,1401.863,1416.778,1398.4,1405.806,1411.119,3396176623,,-0.3765097061268263
2018-09-26,sz399006,1409.022,1430.119,1403.556,1420.75,1405.806,4396916848,,1.0630200753162233
2018-09-27,sz399006,1418.369,1423.391,1399.147,1400.359,1420.75,4904682094,,-1.435227872602507
2018-09-28,sz399006,1403.956,1412.948,1394.254,1411.34,1400.359,3897568363,,0.7841560628381705
2018-10-08,sz399006,1380.653,1388.159,1353.231,1353.671,1411.34,3788550765,,-4.086116740119305
2018-10-09,sz399006,1357.967,1365.828,1338.73,1345.953,1353.671,3255421491,,-0.5701533090389121
2018-10-10,sz399006,1350.682,1358.487,1333.838,1346.704,1345.953,3374089630,,0.05579689632551066
2018-10-11,sz399006,1299.167,1311.841,1255.42,1261.883,1346.704,5457578724,,-6.298414499400007
2018-10-12,sz399006,1253.918,1276.586,1230.402,1268.406,1261.883,4956247653,,0.5169258956654321
2018-10-15,sz399006,1268.878,1282.288,1249.201,1250.218,1268.406,3898265094,,-1.433925730404928
2018-10-16,sz399006,1249.559,1252.043,1210.102,1216.687,1250.218,4113960891,,-2.6820122570623828
2018-10-17,sz399006,1231.001,1237.77,1204.078,1231.861,1216.687,4683745072,,1.2471572392899866
2018-10-18,sz399006,1220.288,1230.132,1205.031,1205.031,1231.861,4529837122,,-2.178005473020106
2018-10-19,sz399006,1186.49,1252.689,1184.907,1249.89,1205.031,4974330320,,3.722642819977251
2018-10-22,sz399006,1270.499,1329.554,1270.49,1314.945,1249.89,6704036866,,5.204858027506409
2018-10-23,sz399006,1313.68,1321.971,1281.112,1292.056,1314.945,5634204757,,-1.7406811691743629
2018-10-24,sz399006,1285.863,1303.229,1277.593,1284.102,1292.056,4563450141,,-0.6156079922232438
2018-10-25,sz399006,1245.299,1279.94,1239.592,1273.603,1284.102,4666193231,,-0.8176141770669276
2018-10-26,sz399006,1283.068,1290.567,1257.501,1263.188,1273.603,4199749086,,-0.8177587521386198
2018-10-29,sz399006,1262.54,1271.351,1245.145,1250.48,1263.188,3643488206,,-1.006026023046458
2018-10-30,sz399006,1248.669,1279.04,1222.625,1259.948,1250.48,4433980683,,0.7571492546861958
2018-10-31,sz399006,1263.341,1287.346,1259.662,1275.574,1259.948,4462235431,,1.2402099134249944
2018-11-01,sz399006,1291.882,1312.769,1286.327,1286.327,1275.574,5950861744,,0.8429930368602623
2018-11-02,sz399006,1328.46,1349.427,1320.737,1348.279,1286.327,6886071301,,4.8161937050221315
2018-11-05,sz399006,1347.471,1371.427,1325.02,1348.876,1348.279,6779154452,,0.044278669325859
2018-11-06,sz399006,1346.526,1350.823,1327.397,1349.109,1348.876,5021901695,,0.01727364116492769
2018-11-07,sz399006,1349.618,1367.274,1345.198,1345.768,1349.109,5858606586,,-0.2476449271333836
2018-11-08,sz399006,1357.888,1359.29,1328.992,1329.591,1345.768,5068961154,,-1.202064546043602
2018-11-09,sz399006,1321.325,1337.394,1318.208,1322.831,1329.591,4365255444,,-0.5084270275595992
2018-11-12,sz399006,1322.867,1370.874,1320.52,1368.791,1322.831,6290263995,,3.4743667180463733
2018-11-13,sz399006,1356.623,1400.869,1353.627,1392.055,1368.791,8729088859,,1.6996020575822168
2018-11-14,sz399006,1388.233,1401.428,1382.787,1385.732,1392.055,7450725565,,-0.4542205588141335
2018-11-15,sz399006,1382.344,1405.389,1381.289,1405.248,1385.732,6811346352,,1.4083531303311192
2018-11-16,sz399006,1406.727,1415.383,1390.811,1403.283,1405.248,7208710052,,-0.1398329689848432
2018-11-19,sz399006,1399.005,1403.943,1380.601,1394.4,1403.283,6335010226,,-0.6330155784684766
2018-11-20,sz399006,1384.176,1385.96,1352.735,1355.334,1394.4,6389444516,,-2.8016351118760774
2018-11-21,sz399006,1344.4,1364.761,1342.158,1363.028,1355.334,5734492382,,0.5676829475243617
2018-11-22,sz399006,1365.483,1371.392,1349.991,1353.924,1363.028,5179013915,,-0.6679246501172464
2018-11-23,sz399006,1355.171,1355.171,1306.563,1308.739,1353.924,6394953645,,-3.337336512241451
2018-11-26,sz399006,1309.468,1316.469,1296.034,1304.557,1308.739,4276970065,,-0.31954423303653945
2018-11-27,sz399006,1314.086,1322.412,1307.203,1315.433,1304.557,4478873026,,0.8336929701040274
2018-11-28,sz399006,1314.532,1341.514,1305.016,1341.083,1315.433,5544849738,,1.9499282745681468
2018-11-29,sz399006,1347.743,1351.975,1312.716,1312.716,1341.083,5554016960,,-2.115230750072905
2018-11-30,sz399006,1309.888,1332.935,1304.656,1329.389,1312.716,4803417837,,1.2701147849192074
2018-12-03,sz399006,1365.898,1380.824,1358.1,1372.794,1329.389,6601982117,,3.265033786198046
2018-12-04,sz399006,1370.291,1378.985,1366.487,1378.754,1372.794,5664495495,,0.43415108166264815
2018-12-05,sz399006,1359.266,1391.028,1355.697,1381.767,1378.754,6001496409,,0.21853064433541292
2018-12-06,sz399006,1371.345,1376.32,1342.808,1345.761,1381.767,5711180680,,-2.6057938856551166
2018-12-07,sz399006,1344.129,1349.261,1334.391,1341.019,1345.761,4758525715,,-0.35236568751806363
2018-12-10,sz399006,1328.06,1340.156,1325.91,1326.848,1341.019,4516132120,,-1.0567337226392803
2018-12-11,sz399006,1332.522,1339.02,1328.439,1338.079,1326.848,4340109801,,0.8464420943468998
2018-12-12,sz399006,1343.903,1347.744,1335.348,1338.731,1338.079,4526007266,,0.04872656995589253
2018-12-13,sz399006,1341.554,1357.024,1327.024,1348.504,1338.731,5192269017,,0.7300196977585438
2018-12-14,sz399006,1346.902,1346.902,1309.435,1310.458,1348.504,5250697934,,-2.8213486945533606
2018-12-17,sz399006,1303.882,1306.953,1284.663,1299.175,1310.458,4196620396,,-0.8609966897069721
2018-12-18,sz399006,1293.154,1307.902,1282.956,1293.335,1299.175,4032194016,,-0.44951603902475545
2018-12-19,sz399006,1295.886,1296.863,1265.747,1268.814,1293.335,3846601165,,-1.895951165011378
2018-12-20,sz399006,1266.759,1282.107,1265.88,1278.157,1268.814,3896915045,,0.7363569443590512
2018-12-21,sz399006,1274.04,1279.495,1259.813,1270.304,1278.157,3888107901,,-0.6144002653820979
2018-12-24,sz399006,1267.227,1285.69,1263.566,1284.332,1270.304,3879001497,,1.104302592135431
2018-12-25,sz399006,1269.142,1279.704,1243.967,1273.447,1284.332,5307575514,,-0.8475222917438963
2018-12-26,sz399006,1272.241,1280.357,1262.34,1264.07,1273.447,4476454950,,-0.7363478809875867
2018-12-27,sz399006,1283.171,1285.522,1246.794,1248.077,1264.07,4854296231,,-1.2651989209458314
2018-12-28,sz399006,1248.055,1253.844,1236.277,1250.525,1248.077,4314491677,,0.19614174445967691
2019-01-02,sz399006,1250.623,1251.225,1226.873,1228.767,1250.525,3789953139,,-1.7399092381199965
2019-01-03,sz399006,1226.745,1240.286,1213.873,1214.497,1228.767,4687428168,,-1.1613267608912015
2019-01-04,sz399006,1203.673,1246.394,1201.804,1245.157,1214.497,5777114080,,2.524501913137689
2019-01-07,sz399006,1250.403,1270.358,1244.82,1268.058,1245.157,6386403742,,1.8392058190252358
2019-01-08,sz399006,1262.197,1270.429,1258.566,1263.51,1268.058,5950258263,,-0.35865867334143875
2019-01-09,sz399006,1263.733,1285.311,1258.623,1262.517,1263.51,6737945735,,-0.07859059287222969
2019-01-10,sz399006,1262.105,1270.662,1255.745,1258.989,1262.517,6007913942,,-0.2794417817740258
2019-01-11,sz399006,1260.003,1266.673,1252.298,1261.56,1258.989,5768706104,,0.20421147444495968
2019-01-14,sz399006,1263.024,1264.044,1243.527,1245.999,1261.56,5669915839,,-1.233472843146577
2019-01-15,sz399006,1243.935,1267.647,1238.591,1266.275,1245.999,5812689507,,1.6272886254322882
2019-01-16,sz399006,1267.136,1277.274,1262.271,1267.305,1266.275,5511123577,,0.08134094094884858
2019-01-17,sz399006,1267.821,1267.821,1251.153,1251.414,1267.305,5181806451,,-1.253920721531132
2019-01-18,sz399006,1255.595,1270.003,1248.854,1269.505,1251.414,5064053004,,1.4456446867303852
2019-01-21,sz399006,1271.392,1283.142,1266.802,1274.789,1269.505,5108875331,,0.41622522164148634
2019-01-22,sz399006,1273.472,1273.472,1247.448,1252.239,1274.789,4744049223,,-1.7689201899294682
2019-01-23,sz399006,1250.833,1255.414,1244.939,1251.127,1252.239,4170400492,,-0.08880093975671688
2019-01-24,sz399006,1252.385,1272.488,1248.061,1265.161,1251.127,5075554040,,1.1217086674654153
2019-01-25,sz399006,1266.63,1276.985,1261.406,1265.494,1265.161,5134719372,,0.02632076075692602
2019-01-28,sz399006,1272.367,1279.822,1257.533,1259.743,1265.494,5130517478,,-0.4544470380736687
2019-01-29,sz399006,1259.803,1259.803,1229.484,1243.592,1259.743,5154334579,,-1.2820869018521863
2019-01-30,sz399006,1238.281,1248.959,1230.819,1230.819,1243.592,4171193448,,-1.0271053528810192
2019-01-31,sz399006,1230.999,1243.586,1220.95,1227.988,1230.819,5236620703,,-0.2300094489928961
2019-02-01,sz399006,1233.384,1272.193,1233.384,1271.275,1227.988,4635421017,,3.5250344465906913
2019-02-11,sz399006,1275.22,1319.177,1274.732,1316.098,1271.275,5222441635,,3.5258303671510838
2019-02-12,sz399006,1316.907,1336.139,1314.915,1332.27,1316.098,5869746719,,1.2287838747570445
2019-02-13,sz399006,1335.164,1362.638,1333.105,1357.666,1332.27,7237268187,,1.9062202106179704
2019-02-14,sz399006,1357.776,1369.784,1349.473,1361.938,1357.666,6754772660,,0.31465765512284083
2019-02-15,sz399006,1360.757,1371.965,1355.778,1357.836,1361.938,6801963880,,-0.3011884535125797
2019-02-18,sz399006,1364.939,1413.774,1364.939,1413.6,1357.836,9147214305,,4.106828807013496
2019-02-19,sz399006,1419.036,1427.135,1391.566,1406.037,1413.6,10282450551,,-0.5350169779286817
2019-02-20,sz399006,1406.991,1417.889,1387.903,1408.382,1406.037,8592876227,,0.16678081729002425
2019-02-21,sz399006,1405.518,1452.385,1401.771,1412.535,1408.382,10641962527,,0.2948773841187968
2019-02-22,sz399006,1409.861,1456.305,1407.288,1456.299,1412.535,9839032129,,3.0982595121536782
2019-02-25,sz399006,1487.304,1538.158,1481.172,1536.371,1456.299,14633660693,,5.498321429871211
2019-02-26,sz399006,1549.24,1581.834,1532.44,1546.987,1536.371,15454872908,,0.6909789367281816
2019-02-27,sz399006,1544.163,1555.586,1503.677,1520.419,1546.987,12257320185,,-1.7174029258164358
2019-02-28,sz399006,1522.631,1549.327,1519.756,1535.68,1520.419,9804351952,,1.0037364700125506
2019-03-01,sz399006,1558.898,1568.319,1532.454,1567.873,1535.68,9385027886,,2.09633517399459
2019-03-04,sz399006,1596.554,1651.014,1593.256,1619.71,1567.873,13995693187,,3.3061989076921483
2019-03-05,sz399006,1615.592,1676.566,1613.498,1676.566,1619.71,14156227599,,3.5102580091497915
2019-03-06,sz399006,1684.972,1704.1,1661.011,1700.496,1676.566,16240873538,,1.427322276605869
2019-03-07,sz399006,1699.6,1719.145,1666.373,1692.416,1700.496,16451568698,,-0.47515548404701846
2019-03-08,sz399006,1647.848,1718.384,1635.45,1654.485,1692.416,17086233045,,-2.241233833761913
2019-03-11,sz399006,1673.405,1728.331,1656.14,1727.801,1654.485,14876438462,,4.431348727851869
2019-03-12,sz399006,1733.427,1789.155,1733.427,1773.432,1727.801,17556548344,,2.640987011814455
2019-03-13,sz399006,1769.547,1769.547,1682.359,1693.86,1773.432,15288968556,,-4.486893210452958
2019-03-14,sz399006,1676.614,1700.516,1628.635,1650.186,1693.86,11846669339,,-2.5783712939676184
2019-03-15,sz399006,1667.778,1685.079,1642.698,1662.623,1650.186,9873444127,,0.753672616299017
2019-03-18,sz399006,1671.28,1707.056,1652.882,1707.056,1662.623,9533293619,,2.6724639319918086
2019-03-19,sz399006,1706.194,1730.351,1693.542,1708.874,1707.056,9855341190,,0.10649914238314295
2019-03-20,sz399006,1701.731,1705.59,1654.303,1687.9,1708.874,10029938499,,-1.227357897656578
2019-03-21,sz399006,1683.55,1716.445,1677.655,1703.854,1687.9,11779289550,,0.9451981752473415
2019-03-22,sz399006,1703.966,1703.966,1660.331,1693.865,1703.854,10037013507,,-0.5862591513122628
2019-03-25,sz399006,1662.757,1695.094,1658.447,1668.841,1693.865,10437572551,,-1.477331428419626
2019-03-26,sz399006,1680.776,1684.359,1627.227,1630.19,1668.841,10460071039,,-2.3160384961778746
2019-03-27,sz399006,1640.205,1645.564,1616.6,1637.773,1630.19,8792809711,,0.465160502763462
2019-03-28,sz399006,1632.038,1659.945,1624.007,1626.819,1637.773,8619370604,,-0.6688350583383573
2019-03-29,sz399006,1633.38,1693.547,1628.743,1693.547,1626.819,10011456445,,4.101747029017977
2019-04-01,sz399006,1710.158,1766.367,1710.158,1760.892,1693.547,12165099669,,3.9765651617581277
2019-04-02,sz399006,1771.687,1774.979,1747.442,1754.156,1760.892,13152982388,,-0.3825333978460965
2019-04-03,sz399006,1743.993,1769.756,1739.142,1768.178,1754.156,11133459698,,0.7993587799488777
2019-04-04,sz399006,1780.276,1784.472,1761.047,1777.263,1768.178,11591709176,,0.513805736752726
2019-04-08,sz399006,1787.957,1792.028,1720.003,1739.655,1777.263,11908202432,,-2.1160627324149472
2019-04-09,sz399006,1734.177,1753.523,1721.319,1741.171,1739.655,9851149911,,0.08714371527689391
2019-04-10,sz399006,1727.972,1740.849,1714.641,1726.636,1741.171,11603625537,,-0.8347830282034341
2019-04-11,sz399006,1727.219,1732.615,1688.102,1691.104,1726.636,10354543778,,-2.057874386958225
2019-04-12,sz399006,1692.428,1702.351,1683.292,1695.729,1691.104,8359927800,,0.2734899805097779
2019-04-15,sz399006,1721.637,1726.204,1666.652,1666.897,1695.729,8921062350,,-1.700271682562493
2019-04-16,sz399006,1656.762,1697.529,1638.297,1697.529,1666.897,9543865007,,1.8376660345540197
2019-04-17,sz399006,1699.194,1729.209,1697.966,1717.437,1697.529,10737677262,,1.1727634697257017
2019-04-18,sz399006,1715.179,1719.964,1702.928,1704.547,1717.437,9934077625,,-0.7505369920410399
2019-04-19,sz399006,1704.722,1715.795,1692.49,1715.795,1704.547,9560764499,,0.6598820683735962
2019-04-22,sz399006,1720.776,1723.557,1690.635,1697.512,1715.795,10266245983,,-1.0655701875806889
2019-04-23,sz399006,1695.268,1706.077,1677.728,1683.8,1697.512,9303337582,,-0.8077704310779588
2019-04-24,sz399006,1690.279,1721.421,1676.638,1718.846,1683.8,8633615349,,2.081363582373208
2019-04-25,sz399006,1709.829,1723.662,1669.236,1669.978,1718.846,10348854611,,-2.843070292510208
2019-04-26,sz399006,1664.043,1682.458,1653.691,1657.824,1669.978,8229568690,,-0.727794018843364
2019-04-29,sz399006,1658.192,1661.059,1611.216,1615.616,1657.824,8978837521,,-2.545987993900445
2019-04-30,sz399006,1612.109,1634.712,1608.721,1623.782,1615.616,6708971653,,0.5054418871811128
2019-05-06,sz399006,1551.719,1563.611,1487.452,1494.886,1623.782,8103118303,,-7.938011383301447
2019-05-07,sz399006,1506.972,1523.659,1474.498,1504.164,1494.886,7141408161,,0.6206493337953534
2019-05-08,sz399006,1469.238,1515.156,1465.088,1481.873,1504.164,6921226699,,-1.4819527657888298
2019-05-09,sz399006,1470.977,1491.378,1466.973,1469.475,1481.873,6228192463,,-0.836643895934408
2019-05-10,sz399006,1489.186,1535.164,1463.194,1533.871,1469.475,8887892455,,4.3822453597373245
2019-05-13,sz399006,1513.961,1523.877,1494.48,1503.065,1533.871,6828417860,,-2.0083827127574616
2019-05-14,sz399006,1492.902,1517.666,1491.438,1494.603,1503.065,6645175298,,-0.5629829714616452
2019-05-15,sz399006,1509.452,1533.728,1503.672,1528.691,1494.603,7086525638,,2.2807394338161924
2019-05-16,sz399006,1528.627,1537.592,1515.613,1533.67,1528.691,7120674433,,0.32570349403509
2019-05-17,sz399006,1537.446,1537.446,1472.458,1478.748,1533.67,8584956296,,-3.581083283887665
2019-05-20,sz399006,1478.201,1481.189,1450.28,1469.311,1478.748,6979073458,,-0.6381749966863914
2019-05-21,sz399006,1469.969,1504.214,1465.877,1493.716,1469.311,7113976191,,1.6609825966048097
2019-05-22,sz399006,1493.657,1503.811,1477.459,1488.627,1493.716,7510470755,,-0.3406939471760295
2019-05-23,sz399006,1486.95,1486.95,1449.142,1451.245,1488.627,7931530518,,-2.5111730473785565
2019-05-24,sz399006,1452.043,1465.236,1437.928,1443.747,1451.245,6501483365,,-0.5166598334533368
2019-05-27,sz399006,1447.98,1496.789,1445.792,1491.952,1443.747,7431505741,,3.338881396809823
2019-05-28,sz399006,1497.117,1506.775,1483.756,1505.163,1491.952,7552587191,,0.8854842515040762
2019-05-29,sz399006,1492.579,1507.176,1488.044,1497.892,1505.163,6691769357,,-0.48307060431328486
2019-05-30,sz399006,1494.349,1495.24,1466.832,1485.242,1497.892,6981226777,,-0.8445201656728352
2019-05-31,sz399006,1487.276,1498.244,1474.525,1483.658,1485.242,6546527860,,-0.10664928678290053
2019-06-03,sz399006,1489.429,1499.006,1466.273,1468.982,1483.658,7176835555,,-0.989176750976295
2019-06-04,sz399006,1467.586,1476.209,1448.001,1456.268,1468.982,6383158886,,-0.8654973308045988
2019-06-05,sz399006,1471.954,1475.542,1448.994,1451.177,1456.268,6298045899,,-0.34959224538341216
2019-06-06,sz399006,1450.1,1450.1,1411.614,1416.055,1451.177,6218725244,,-2.420242327434896
2019-06-10,sz399006,1422.343,1441.173,1410.57,1431.337,1416.055,5422546758,,1.07919537023633
2019-06-11,sz399006,1432.949,1488.927,1430.088,1487.35,1431.337,8344225598,,3.9133341763679663
2019-06-12,sz399006,1481.42,1486.603,1467.537,1473.901,1487.35,7591636549,,-0.9042256361985967
2019-06-13,sz399006,1474.553,1485.715,1464.843,1479.83,1473.901,7501326276,,0.40226582382398846
2019-06-14,sz399006,1478.527,1489.467,1451.656,1453.958,1479.83,7476838097,,-1.748308927376785
2019-06-17,sz399006,1450.559,1459.207,1437.136,1442.348,1453.958,5699768565,,-0.7985099982255384
2019-06-18,sz399006,1443.649,1460.189,1437.043,1455.746,1442.348,5378940044,,0.9289020402843295
2019-06-19,sz399006,1501.254,1504.414,1469.589,1469.987,1455.746,7799308965,,0.9782613175650212
2019-06-20,sz399006,1469.814,1507.622,1463.823,1498.014,1469.987,8367003848,,1.9066155006812968
2019-06-21,sz399006,1531.386,1534.491,1515.907,1523.809,1498.014,10389465300,,1.7219465238642595
2019-06-24,sz399006,1526.696,1526.696,1507.688,1514.465,1523.809,8848598404,,-0.6132002107875789
2019-06-25,sz399006,1512.927,1512.927,1480.268,1498.465,1514.465,8351868059,,-1.0564786904946666
2019-06-26,sz399006,1490.564,1511.534,1487.755,1504.549,1498.465,7231776847,,0.4060154891839307
2019-06-27,sz399006,1510.091,1529.722,1507.97,1525.244,1504.549,8272001765,,1.3754952480776517
2019-06-28,sz399006,1523.792,1523.792,1501.632,1511.507,1525.244,7633352139,,-0.9006427824007068
2019-07-01,sz399006,1545.061,1568.399,1534.555,1568.16,1511.507,9558857181,,3.7481136375815627
2019-07-02,sz399006,1565.987,1577.028,1560.599,1570.512,1568.16,8537333905,,0.14998469543923143
2019-07-03,sz399006,1566.301,1566.301,1538.367,1544.357,1570.512,7158316348,,-1.6653804619130574
2019-07-04,sz399006,1548.558,1551.141,1525.293,1532.744,1544.357,6588763337,,-0.7519634385054763
2019-07-05,sz399006,1535.481,1551.936,1532.863,1547.737,1532.744,5698112719,,0.9781803093015018
2019-07-08,sz399006,1547.598,1547.598,1495.227,1506.661,1547.737,7198584152,,-2.6539392674595264
2019-07-09,sz399006,1507.386,1521.71,1501.741,1517.793,1506.661,5183766125,,0.7388523363915267
2019-07-10,sz399006,1521.946,1523.806,1504.659,1510.435,1517.793,5129122497,,-0.4847828392936293
2019-07-11,sz399006,1522.807,1531.637,1507.705,1514.199,1510.435,5340062451,,0.24919973385151284
2019-07-12,sz399006,1517.039,1525.691,1506.703,1518.074,1514.199,5220377796,,0.25591088093441794
2019-07-15,sz399006,1512.768,1556.046,1496.813,1547.468,1518.074,7141314139,,1.936269246426714
2019-07-16,sz399006,1545.337,1551.992,1538.619,1545.273,1547.468,5705520045,,-0.14184461326502973
2019-07-17,sz399006,1544.421,1563.048,1541.37,1550.217,1545.273,6231951342,,0.31994346630013215
2019-07-18,sz399006,1542.433,1542.661,1524.479,1524.479,1550.217,5863221388,,-1.6602836893157558
2019-07-19,sz399006,1532.377,1552.741,1532.377,1541.981,1524.479,5448272107,,1.148064355100975
2019-07-22,sz399006,1545.913,1545.927,1511.521,1515.965,1541.981,5946066043,,-1.6871803219365322
2019-07-23,sz399006,1519.629,1535.043,1516.858,1534.926,1515.965,4881554304,,1.2507544699251083
2019-07-24,sz399006,1539.232,1562.13,1538.671,1553.718,1534.926,6218276403,,1.2242935490049733
2019-07-25,sz399006,1552.853,1567.329,1549.491,1566.077,1553.718,5825003886,,0.7954467927899334
2019-07-26,sz399006,1562.203,1565.437,1552.39,1561.855,1566.077,4968258290,,-0.2695908311021733
2019-07-29,sz399006,1561.269,1566.744,1556.385,1566.524,1561.855,4973931095,,0.29893940218521653
2019-07-30,sz399006,1568.162,1593.694,1566.6,1580.129,1566.524,5605677333,,0.8684833427384353
2019-07-31,sz399006,1577.196,1578.754,1567.995,1570.393,1580.129,4967839155,,-0.6161522255461294
2019-08-01,sz399006,1562.533,1578.859,1561.201,1573.866,1570.393,5323874314,,0.22115483194333763
2019-08-02,sz399006,1539.92,1559.121,1536.402,1556.744,1573.866,6174125993,,-1.0878943950755726
2019-08-05,sz399006,1552.35,1566.73,1531.372,1531.372,1556.744,5599876841,,-1.629811966514716
2019-08-06,sz399006,1501.396,1517.676,1478.543,1507.911,1531.372,7414242426,,-1.5320248770383738
2019-08-07,sz399006,1520.582,1523.618,1500.074,1500.251,1507.911,5185535948,,-0.5079875403787182
2019-08-08,sz399006,1512.272,1526.182,1511.343,1522.974,1500.251,4863247072,,1.5146132213876173
2019-08-09,sz399006,1532.975,1536.252,1504.893,1507.706,1522.974,5338919125,,-1.0025121899651657
2019-08-12,sz399006,1511.32,1539.913,1506.68,1539.913,1507.706,5131308299,,2.1361591716156925
2019-08-13,sz399006,1526.078,1535.98,1519.013,1524.357,1539.913,4804189470,,-1.0101869391322738
2019-08-14,sz399006,1546.209,1551.444,1534.848,1536.66,1524.357,5821958684,,0.8070944011147052
2019-08-15,sz399006,1507.954,1556.012,1505.429,1555.773,1536.66,6148583352,,1.2438014915465923
2019-08-16,sz399006,1554.719,1584.379,1553.821,1567.993,1555.773,6469398395,,0.7854616322561236
2019-08-19,sz399006,1586.009,1622.844,1581.708,1622.844,1567.993,8962055420,,3.498166127017166
2019-08-20,sz399006,1624.801,1630.316,1607.405,1611.593,1622.844,8391154095,,-0.6932890653691848
2019-08-21,sz399006,1614.302,1616.077,1605.401,1609.833,1611.593,6762149124,,-0.10920871460722292
2019-08-22,sz399006,1614.127,1615.611,1599.309,1613.458,1609.833,6881003569,,0.2251786365418118
2019-08-23,sz399006,1614.543,1623.187,1605.014,1615.559,1613.458,7119982989,,0.1302172104882704
2019-08-26,sz399006,1588.553,1608.196,1587.896,1600.795,1615.559,6666591874,,-0.913863251048086
2019-08-27,sz399006,1611.902,1646.87,1610.003,1628.121,1600.795,8085836861,,1.7070268210482853
2019-08-28,sz399006,1629.986,1632.694,1617.252,1625.188,1628.121,7556157565,,-0.1801463159064931
2019-08-29,sz399006,1625.955,1632.957,1615.572,1620.861,1625.188,7711826650,,-0.266246120448832
2019-08-30,sz399006,1630.052,1637.264,1600.453,1610.898,1620.861,8976472454,,-0.6146733125172443
2019-09-02,sz399006,1614.029,1655.419,1610.811,1652.288,1610.898,8592027961,,2.569374348965625
2019-09-03,sz399006,1656.05,1662.375,1646.924,1660.427,1652.288,8887671159,,0.492589669597554
2019-09-04,sz399006,1656.59,1669.41,1650.035,1669.41,1660.427,8885206192,,0.5410054160767119
2019-09-05,sz399006,1682.438,1708.971,1682.438,1689.054,1669.41,11598255263,,1.1767031466206612
2019-09-06,sz399006,1699.664,1700.192,1674.667,1692.239,1689.054,9428686856,,0.18856709140144812
2019-09-09,sz399006,1702.986,1733.23,1691.941,1733.23,1692.239,11239712033,,2.4222937776519737
2019-09-10,sz399006,1733.628,1734.973,1715.75,1725.308,1733.23,10976119782,,-0.4570657096865438
2019-09-11,sz399006,1730.35,1736.178,1700.908,1703.538,1725.308,9446474497,,-1.2618036895441276
2019-09-12,sz399006,1713.591,1715.335,1695.295,1710.572,1703.538,8248589389,,0.41290537692730833
2019-09-16,sz399006,1715.922,1723.112,1703.377,1714.368,1710.572,9338067475,,0.22191407318721268
2019-09-17,sz399006,1710.767,1710.767,1671.073,1677.987,1714.368,9594615956,,-2.12212313808936
2019-09-18,sz399006,1683.148,1687.114,1668.657,1679.306,1677.987,7779799396,,0.07860609170393662
2019-09-19,sz399006,1684.933,1706.864,1676.504,1705.599,1679.306,7793958537,,1.5657063096302881
2019-09-20,sz399006,1709.226,1716.84,1701.402,1705.047,1705.599,8186138336,,-0.03236399646106003
2019-09-23,sz399006,1699.344,1699.344,1669.887,1684.324,1705.047,7822722278,,-1.2153917164746786
2019-09-24,sz399006,1685.12,1706.822,1678.183,1694.596,1684.324,8525893669,,0.6098589107558894
2019-09-25,sz399006,1686.19,1689.234,1670.684,1672.646,1694.596,8368681242,,-1.2952939815743747
2019-09-26,sz399006,1677.793,1680.925,1623.651,1623.791,1672.646,8538948842,,-2.9208212616417373
2019-09-27,sz399006,1628.14,1653.057,1624.748,1647.533,1623.791,6698973902,,1.462133981528413
2019-09-30,sz399006,1648.896,1651.869,1626.054,1627.545,1647.533,5710067611,,-1.2132078689774284
2019-10-08,sz399006,1631.915,1638.716,1615.163,1616.584,1627.545,5613070809,,-0.673468321920434
2019-10-09,sz399006,1613.021,1623.184,1601.809,1622.415,1616.584,5450743358,,0.36069885635388044
2019-10-10,sz399006,1632.218,1668.174,1627.433,1666.966,1622.415,6545411947,,2.7459682017239695
2019-10-11,sz399006,1667.954,1675.736,1654.564,1666.834,1666.966,7314265402,,-0.007918577823418094
2019-10-14,sz399006,1678.79,1690.94,1671.094,1679.378,1666.834,8175529442,,0.7525644425299571
2019-10-15,sz399006,1676.243,1676.243,1659.107,1660.887,1679.378,8482438629,,-1.1010624171568284
2019-10-16,sz399006,1660.996,1671.768,1655.304,1656.372,1660.887,7138431574,,-0.2718426961015319
2019-10-17,sz399006,1657.931,1664.096,1652.425,1658.259,1656.372,6293249490,,0.1139236838101576
2019-10-18,sz399006,1662.611,1674.916,1644.268,1648.625,1658.259,6962179258,,-0.5809707651217355
2019-10-21,sz399006,1651.288,1651.288,1628.928,1644.508,1648.625,6572768660,,-0.2497232542270078
2019-10-22,sz399006,1649.761,1667.213,1647.308,1666.869,1644.508,6678519083,,1.35973798850475
2019-10-23,sz399006,1668.709,1672.434,1646.985,1650.29,1666.869,6731797982,,-0.9946192532226505
2019-10-24,sz399006,1650.787,1658.389,1640.161,1653.865,1650.29,6389484008,,0.21662859255040523
2019-10-25,sz399006,1655.29,1677.026,1649.14,1675.34,1653.865,6639359428,,1.2984735755336763
2019-10-28,sz399006,1687.373,1704.781,1684.105,1704.417,1675.34,9221407907,,1.7355880000477608
2019-10-29,sz399006,1702.155,1706.307,1686.58,1686.58,1704.417,9822598643,,-1.0465161987940785
2019-10-30,sz399006,1684.597,1689.832,1672.103,1684.078,1686.58,7807373598,,-0.14834754354966506
2019-10-31,sz399006,1688.42,1693.387,1669.333,1671.312,1684.078,6801032227,,-0.758040898343193
2019-11-01,sz399006,1667.856,1688.711,1663.614,1686.998,1671.312,6458325297,,0.9385440899126074
2019-11-04,sz399006,1689.578,1707.107,1688.999,1699.919,1686.998,6732100055,,0.7659167349338913
2019-11-05,sz399006,1704.063,1718.184,1695.401,1713.289,1699.919,6474853165,,0.7865080630312216
2019-11-06,sz399006,1720.68,1721.096,1696.788,1703.017,1713.289,6429677361,,-0.5995485875412654
2019-11-07,sz399006,1698.634,1724.371,1695.337,1715.575,1703.017,6174693899,,0.7373972191704548
2019-11-08,sz399006,1724.402,1731.003,1709.959,1711.216,1715.575,6583968052,,-0.25408390772774236
2019-11-11,sz399006,1699.172,1700.277,1671.667,1673.129,1711.216,6544850378,,-2.225727202176697
2019-11-12,sz399006,1676.427,1679.728,1654.913,1671.442,1673.129,5692094358,,-0.10082904545912763
2019-11-13,sz399006,1673.546,1683.63,1666.571,1681.794,1671.442,5131766739,,0.6193454514126229
2019-11-14,sz399006,1682.87,1696.728,1681.074,1692.583,1681.794,5477958065,,0.6415173320870382
2019-11-15,sz399006,1692.084,1695.973,1674.784,1674.784,1692.583,6172254535,,-1.0515880166585667
2019-11-18,sz399006,1671.594,1683.456,1665.106,1682.492,1674.784,5222499728,,0.46023845463056823
2019-11-19,sz399006,1685.752,1729.161,1683.57,1729.078,1682.492,6736735507,,2.768869034741317
2019-11-20,sz399006,1730.034,1745.094,1717.009,1719.665,1729.078,6931126712,,-0.5443941800196361
2019-11-21,sz399006,1713.444,1726.762,1706.885,1713.202,1719.665,5608605719,,-0.37582901320896145
2019-11-22,sz399006,1721.882,1736.83,1670.927,1679.803,1713.202,7244837892,,-1.9495074136032908
2019-11-25,sz399006,1682.226,1684.448,1652.541,1661.774,1679.803,5974892484,,-1.073280616834249
2019-11-26,sz399006,1667.784,1679.727,1659.028,1679.082,1661.774,5544395886,,1.0415375375953717
2019-11-27,sz399006,1671.146,1686.49,1659.005,1674.389,1679.082,5286913351,,-0.2794979637683048
2019-11-28,sz399006,1675.172,1683.247,1668.159,1673.795,1674.389,4959108245,,-0.035475627228787054
2019-11-29,sz399006,1670.391,1673.234,1647.288,1664.896,1673.795,4929876580,,-0.5316660642432414
2019-12-02,sz399006,1670.156,1680.241,1665.113,1669.536,1664.896,5071115436,,0.27869608672252966
2019-12-03,sz399006,1664.785,1675.425,1647.67,1675.385,1669.536,5483903964,,0.3503368600617174
2019-12-04,sz399006,1666.599,1683.788,1663.932,1673.779,1675.385,5255554447,,-0.09585856385249114
2019-12-05,sz399006,1681.249,1714.08,1679.402,1709.826,1673.779,6342804210,,2.15362960104053
2019-12-06,sz399006,1711.636,1726.801,1707.217,1726.801,1709.826,6652591834,,0.992791079326194
2019-12-09,sz399006,1733.478,1734.059,1715.39,1721.071,1726.801,7098244977,,-0.3318274659326659
2019-12-10,sz399006,1715.712,1734.024,1711.009,1734.022,1721.071,7597459313,,0.7524965559235985
2019-12-11,sz399006,1730.399,1733.739,1713.895,1718.26,1734.022,7799558735,,-0.9089850071106298
2019-12-12,sz399006,1720.419,1733.746,1716.781,1720.986,1718.26,7803103610,,0.15864886571299586
2019-12-13,sz399006,1738.558,1757.748,1733.123,1755.413,1720.986,8197253937,,2.000423013319108
2019-12-16,sz399006,1760.795,1780.333,1752.006,1780.333,1755.413,9606663084,,1.4196089467265027
2019-12-17,sz399006,1782.985,1807.949,1780.52,1801.616,1780.333,10896172705,,1.1954505140330474
2019-12-18,sz399006,1798.4,1804.378,1787.233,1792.418,1801.616,10532141569,,-0.510541647054652
2019-12-19,sz399006,1792.709,1797.024,1781.029,1790.438,1792.418,10037698486,,-0.11046530441001234
2019-12-20,sz399006,1792.045,1798.382,1771.707,1771.707,1790.438,9529423174,,-1.0461685911491991
2019-12-23,sz399006,1763.727,1775.015,1735.724,1736.624,1771.707,8357813477,,-1.9801806957922552
2019-12-24,sz399006,1742.895,1769.885,1742.864,1769.869,1736.624,7207888066,,1.9143464561125478
2019-12-25,sz399006,1766.223,1787.504,1764.809,1784.395,1769.869,8174797727,,0.8207387100401364
2019-12-26,sz399006,1784.427,1793.635,1777.695,1793.635,1784.395,7738871826,,0.5178225673127201
2019-12-27,sz399006,1795.41,1805.191,1767.173,1767.582,1793.635,9107574857,,-1.4525251793146232
2019-12-30,sz399006,1763.58,1790.912,1749.165,1790.239,1767.582,7932842693,,1.2818075766781956
2019-12-31,sz399006,1790.796,1804.82,1787.451,1798.118,1790.239,7018562453,,0.44010883463045936
2020-01-02,sz399006,1811.22,1839.41,1797.542,1832.742,1798.118,10430880972,,1.925568844758807
2020-01-03,sz399006,1836.864,1842.558,1821.667,1836.012,1832.742,10227894765,,0.17842118530595474
2020-01-06,sz399006,1825.552,1876.464,1824.346,1859.921,1836.012,12388259753,,1.302224604196489
2020-01-07,sz399006,1866.261,1893.214,1866.261,1893.214,1859.921,11771646416,,1.7900222643864927
2020-01-08,sz399006,1881.009,1892.577,1858.284,1862.699,1893.214,12425264099,,-1.6118093358701069
2020-01-09,sz399006,1884.422,1913.783,1884.422,1913.142,1862.699,11103994125,,2.7080596489287956
2020-01-10,sz399006,1917.612,1917.828,1894.67,1904.194,1913.142,10190987858,,-0.46771227645413527
2020-01-13,sz399006,1905.399,1935.072,1893.566,1935.072,1904.194,9700828468,,1.6215784736218986
2020-01-14,sz399006,1941.124,1945.767,1922.131,1922.557,1935.072,10455905211,,-0.6467459608737958
2020-01-15,sz399006,1920.661,1928.69,1902.608,1924.238,1922.557,9626213296,,0.0874356390993869
2020-01-16,sz399006,1924.519,1936.035,1917.564,1929.961,1924.238,9078990185,,0.297416431855102
2020-01-17,sz399006,1935.296,1949.044,1928.351,1932.511,1929.961,8789198254,,0.13212702225589013
2020-01-20,sz399006,1940.122,1982.176,1935.83,1982.176,1932.511,9612978296,,2.569972434827017
2020-01-21,sz399006,1979.373,1987.662,1959.442,1967.027,1982.176,9777104772,,-0.7642610948775386
2020-01-22,sz399006,1958.08,2004.393,1928.028,1993.899,1967.027,10492075263,,1.366122579913731
2020-01-23,sz399006,1973.331,1996.552,1904.275,1927.742,1993.899,11576635669,,-3.317971471975256
2020-02-03,sz399006,1769.164,1830.808,1769.164,1795.774,1927.742,5501617633,,-6.845729355899288
2020-02-04,sz399006,1786.16,1886.804,1786.16,1882.691,1795.774,13787985855,,4.840085667795613
2020-02-05,sz399006,1908.974,1966.26,1901.796,1939.62,1882.691,12839284462,,3.023810067610655
2020-02-06,sz399006,1934.98,2014.885,1918.661,2012.249,1939.62,13985924805,,3.744496344644843
2020-02-07,sz399006,2014.157,2025.319,1976.787,2015.799,2012.249,15057002115,,0.17641951865796646
2020-02-10,sz399006,2019.314,2043.679,2007.225,2042.177,2015.799,14085019352,,1.3085630065299059
2020-02-11,sz399006,2044.218,2046.812,2015.761,2028.444,2042.177,11469417603,,-0.6724686449803285
2020-02-12,sz399006,2024.379,2086.943,2022.676,2085.278,2028.444,12514158067,,2.8018520600026298
2020-02-13,sz399006,2080.819,2093.368,2052.569,2064.596,2085.278,13245466820,,-0.9918102046825306
2020-02-14,sz399006,2063.306,2104.007,2049.257,2069.219,2064.596,12046586428,,0.22391789967626252
2020-02-17,sz399006,2089.214,2146.177,2089.214,2146.177,2069.219,13728826512,,3.7191810050072105
2020-02-18,sz399006,2149.298,2170.949,2134.342,2170.949,2146.177,15198730841,,1.1542384435207387
2020-02-19,sz399006,2168.846,2171.955,2137.413,2139.437,2170.949,15337470200,,-1.4515311045998902
2020-02-20,sz399006,2151.42,2190.499,2140.055,2186.737,2139.437,14995919094,,2.2108620165024906
2020-02-21,sz399006,2191.984,2247.417,2189.25,2226.639,2186.737,17155438296,,1.8247278936607492
2020-02-24,sz399006,2223.19,2271.704,2213.822,2263.972,2226.639,17437982861,,1.6766525691861212
2020-02-25,sz399006,2218.326,2293.463,2171.679,2287.312,2263.972,20387817369,,1.0309314779511247
2020-02-26,sz399006,2248.653,2263.074,2173.204,2180.701,2287.312,18170014351,,-4.660973229712429
2020-02-27,sz399006,2200.381,2233.763,2163.884,2196.714,2180.701,15100950639,,0.7343051615054108
2020-02-28,sz399006,2114.319,2155.968,2068.93,2071.566,2196.714,16364094636,,-5.697054782734579
2020-03-02,sz399006,2110.448,2153.217,2082.969,2135.415,2071.566,13558175795,,3.0821610317991466
2020-03-03,sz399006,2190.498,2238.735,2151.523,2173.346,2135.415,16493678245,,1.776282361976489
2020-03-04,sz399006,2159.858,2180.425,2122.454,2169.443,2173.346,13689465383,,-0.17958484291041854
2020-03-05,sz399006,2206.082,2216.825,2176.49,2209.588,2169.443,15372243908,,1.8504749836709244
2020-03-06,sz399006,2178.5,2220.364,2175.014,2192.936,2209.588,13265570626,,-0.7536246576284822
2020-03-09,sz399006,2151.27,2163.728,2091.855,2093.063,2192.936,14729176637,,-4.554305278403015
2020-03-10,sz399006,2083.197,2151.45,2052.055,2148.81,2093.063,14643594625,,2.6634172024444513
2020-03-11,sz399006,2157.931,2162.604,2100.507,2101.463,2148.81,13820195548,,-2.2034056058934826
2020-03-12,sz399006,2070.222,2076.009,2025.906,2045.926,2101.463,11672561205,,-2.642777912340133
2020-03-13,sz399006,1937.946,2055.331,1937.946,2030.58,2045.926,13950839042,,-0.7500760047039812
2020-03-16,sz399006,2034.754,2036.734,1902.398,1910.767,2030.58,14196996685,,-5.900432388775611
2020-03-17,sz399006,1941.202,1955.624,1847.51,1917.702,1910.767,11821589152,,0.3629432578645009
2020-03-18,sz399006,1941.301,1980.789,1887.042,1887.042,1917.702,11913560022,,-1.5987885500458376
2020-03-19,sz399006,1898.763,1908.685,1838.313,1894.943,1887.042,11176365291,,0.41869762305237757
2020-03-20,sz399006,1923.96,1928.879,1878.849,1915.046,1894.943,9944795691,,1.0608762374382907
2020-03-23,sz399006,1856.303,1884.449,1819.77,1827.052,1915.046,10024552044,,-4.59487657215546
2020-03-24,sz399006,1869.044,1880.865,1817.554,1876.91,1827.052,10773832551,,2.728876901150068
2020-03-25,sz399006,1924.991,1940.075,1915.528,1937.855,1876.91,10937160547,,3.247092295315168
2020-03-26,sz399006,1922.792,1948.631,1914.346,1927.275,1937.855,9101007676,,-0.5459644813466391
2020-03-27,sz399006,1955.871,1957.699,1902.788,1903.881,1927.275,8859591563,,-1.2138381912285445
2020-03-30,sz399006,1875.306,1877.501,1833.009,1860.484,1903.881,9324863716,,-2.2793966639721774
2020-03-31,sz399006,1876.688,1886.266,1862.856,1871.917,1860.484,7508902572,,0.6145175126472502
2020-04-01,sz399006,1875.364,1900.183,1862.272,1864.8,1871.917,7958868952,,-0.38019848102239795
2020-04-02,sz399006,1860.075,1916.951,1857.323,1916.951,1864.8,8346390660,,2.796600171600172
2020-04-03,sz399006,1912.742,1928.339,1898.794,1906.675,1916.951,7849157759,,-0.5360596071574131
2020-04-07,sz399006,1944.964,1972.868,1942.798,1969.782,1906.675,9393440577,,3.309793226428215
2020-04-08,sz399006,1960.356,1974.723,1956.902,1964.757,1969.782,10268883613,,-0.2551043719558721
2020-04-09,sz399006,1981.239,2001.36,1975.038,1997.136,1964.757,10282208246,,1.647990056785642
2020-04-10,sz399006,1990.263,1994.354,1943.694,1949.885,1997.136,11767320435,,-2.365938023249292
2020-04-13,sz399006,1929.797,1937.327,1913.955,1923.081,1949.885,8272640642,,-1.3746451713819052
2020-04-14,sz399006,1937.292,1985.426,1934.482,1985.426,1923.081,8777417571,,3.2419331271017704
2020-04-15,sz399006,1991.598,2002.76,1975.796,1977.515,1985.426,9225082048,,-0.39845353087950564
2020-04-16,sz399006,1970.732,2012.463,1968.253,2008.388,1977.515,9438672610,,1.5612018113642545
2020-04-17,sz399006,2025.652,2048.278,2015.835,2020.77,2008.388,10822006428,,0.6165143388628058
2020-04-20,sz399006,2027.841,2043.556,2022.587,2043.437,2020.77,9494812166,,1.1217011337262495
2020-04-21,sz399006,2035.77,2035.77,1996.962,2023.942,2043.437,10083749593,,-0.954029901582476
2020-04-22,sz399006,2005.646,2043.558,2002.962,2043.171,2023.942,9654843009,,0.9500766326307808
2020-04-23,sz399006,2053.124,2057.851,2027.334,2029.524,2043.171,10177088734,,-0.6679323463381293
2020-04-24,sz399006,2032.554,2038.236,1997.121,2003.748,2029.524,9817546180,,-1.2700514997605272
2020-04-27,sz399006,2011.158,2035.889,1995.505,2018.666,2003.748,8452065145,,0.7445047980085162
2020-04-28,sz399006,2023.962,2046.932,1967.399,2030.724,2018.666,9820254724,,0.5973251642421351
2020-04-29,sz399006,2022.506,2053.378,2020.983,2030.477,2030.724,7403147232,,-0.012163149694388586
2020-04-30,sz399006,2044.676,2077.807,2043.816,2069.432,2030.477,9225939470,,1.9185147135377445
2020-05-06,sz399006,2052.389,2111.656,2051.292,2110.267,2069.432,8895810837,,1.9732467652959773
2020-05-07,sz399006,2113.752,2116.227,2095.742,2106.842,2110.267,8773069043,,-0.16230173717353136
2020-05-08,sz399006,2117.866,2137.786,2112.887,2125.243,2106.842,8630859800,,0.8733924992951447
2020-05-11,sz399006,2137.98,2139.665,2088.658,2102.825,2125.243,8815888261,,-1.0548440813591742
2020-05-12,sz399006,2106.223,2125.323,2092.578,2124.15,2102.825,8213300669,,1.0141119684234479
2020-05-13,sz399006,2120.011,2145.024,2116.551,2140.681,2124.15,7603974789,,0.7782407080479281
2020-05-14,sz399006,2131.46,2137.14,2116.352,2117.647,2140.681,8379758255,,-1.0760127267911535
2020-05-15,sz399006,2128.876,2138.968,2109.546,2124.311,2117.647,8247369262,,0.3146888976302664
2020-05-18,sz399006,2122.307,2137.149,2096.254,2114.858,2124.311,9183586127,,-0.4449913407217676
2020-05-19,sz399006,2137.417,2144.983,2128.892,2144.121,2114.858,7987408635,,1.3836862805918893
2020-05-20,sz399006,2149.292,2153.244,2112.086,2118.119,2144.121,8694743272,,-1.2127114094773517
2020-05-21,sz399006,2130.96,2138.72,2092.544,2099.432,2118.119,7879576185,,-0.8822450485548861
2020-05-22,sz399006,2099.416,2099.416,2036.678,2046.596,2099.432,7740271875,,-2.516680702208973
2020-05-25,sz399006,2049.712,2055.186,2036.004,2052.302,2046.596,6544585006,,0.2788044147452817
2020-05-26,sz399006,2070.139,2113.288,2067.144,2112.973,2052.302,7468807411,,2.956241332903242
2020-05-27,sz399006,2114.071,2114.859,2064.409,2071.473,2112.973,7925118631,,-1.96405727853598
2020-05-28,sz399006,2071.168,2075.868,2021.98,2054.964,2071.473,7923709385,,-0.7969691132831525
2020-05-29,sz399006,2049.754,2090.296,2043.953,2086.666,2054.964,8170712092,,1.5427034244882343
2020-06-01,sz399006,2105.242,2163.35,2105.242,2158.223,2086.666,10788104584,,3.429250296885078
2020-06-02,sz399006,2164.989,2164.989,2132.399,2145.286,2158.223,10457915322,,-0.5994283259885491
2020-06-03,sz399006,2151.498,2165.454,2139.993,2143.117,2145.286,10526797869,,-0.10110540039882654
2020-06-04,sz399006,2150.503,2157.278,2137.35,2151.385,2143.117,9059275216,,0.38579321614264916
2020-06-05,sz399006,2152.418,2166.375,2143.28,2166.375,2151.385,8830081536,,0.6967604589601439
2020-06-08,sz399006,2184.582,2186.974,2147.865,2153.564,2166.375,9382248192,,-0.5913565287634981
2020-06-09,sz399006,2160.343,2186.47,2147.173,2181.589,2153.564,8775874672,,1.3013311886714396
2020-06-10,sz399006,2186.562,2205.268,2180.353,2201.988,2181.589,8749842299,,0.9350523861277216
2020-06-11,sz399006,2202.14,2236.085,2181.588,2195.638,2201.988,9989314852,,-0.2883757767980555
2020-06-12,sz399006,2149.956,2220.972,2147.416,2206.764,2195.638,10047591213,,0.5067319840520224
2020-06-15,sz399006,2223.425,2256.649,2217.286,2219.55,2206.764,11202595904,,0.5794004252380525
2020-06-16,sz399006,2246.892,2261.179,2239.342,2260.458,2219.55,10889775027,,1.8430762992498462
2020-06-17,sz399006,2265.087,2274.488,2248.72,2263.961,2260.458,11600277231,,0.15496859485997216
2020-06-18,sz399006,2266.877,2270.112,2243.631,2266.032,2263.961,10898362999,,0.09147684081132201
2020-06-19,sz399006,2271.652,2328.583,2271.589,2319.449,2266.032,10021960060,,2.3572923948117275
2020-06-22,sz399006,2328.4,2358.913,2328.4,2342.88,2319.449,10412054352,,1.0101968182960608
2020-06-23,sz399006,2344.052,2382.329,2335.219,2382.047,2342.88,9853478402,,1.6717458854059952
2020-06-24,sz399006,2386.26,2397.363,2367.685,2382.473,2382.047,9319897809,,0.017883778111849047
2020-06-29,sz399006,2375.993,2387.163,2360.161,2372.536,2382.473,9474821084,,-0.4170876228188014
2020-06-30,sz399006,2387.593,2441.9,2387.593,2438.197,2372.536,9564591118,,2.7675449392548845
2020-07-01,sz399006,2449.865,2450.842,2381.593,2419.629,2438.197,10216449286,,-0.7615463393647159
2020-07-02,sz399006,2418.308,2435.117,2397.685,2424.393,2419.629,11317217820,,0.1968896884604998
2020-07-03,sz399006,2426.302,2467.497,2407.998,2462.563,2424.393,12165718337,,1.5744147091663718
2020-07-06,sz399006,2469.24,2535.714,2460.131,2529.487,2462.563,16059628794,,2.7176563604667248
2020-07-07,sz399006,2548.408,2632.805,2538.822,2591.263,2529.487,17829002342,,2.442234334471771
2020-07-08,sz399006,2603.648,2653.071,2577.485,2651.969,2591.263,15782492069,,2.3427185893519997
2020-07-09,sz399006,2649.451,2771.215,2646.466,2757.653,2651.969,18823261314,,3.985114456466121
2020-07-10,sz399006,2744.608,2799.0,2734.965,2778.457,2757.653,16647524202,,0.7544096374707099
2020-07-13,sz399006,2789.976,2896.309,2789.976,2889.427,2778.457,16828479965,,3.9939434009595987
2020-07-14,sz399006,2876.855,2892.888,2789.035,2858.672,2889.427,17874267188,,-1.0643978892700856
2020-07-15,sz399006,2866.242,2894.424,2787.827,2813.061,2858.672,16951916409,,-1.5955310717703841
2020-07-16,sz399006,2814.798,2849.101,2638.166,2646.26,2813.061,15247191728,,-5.929519480736467
2020-07-17,sz399006,2659.445,2726.278,2618.684,2662.402,2646.26,11900095041,,0.6099929712122032
2020-07-20,sz399006,2707.613,2717.001,2619.029,2697.301,2662.402,11601482450,,1.310808810990971
2020-07-21,sz399006,2708.135,2745.049,2692.872,2736.512,2697.301,11465368710,,1.4537124332805407
2020-07-22,sz399006,2725.453,2807.415,2716.448,2769.028,2736.512,12293418461,,1.188227933953856
2020-07-23,sz399006,2740.414,2799.674,2707.546,2799.674,2769.028,13139848075,,1.1067421492307217
2020-07-24,sz399006,2769.969,2781.79,2614.78,2627.843,2799.674,14840802820,,-6.137536013121537
2020-07-27,sz399006,2639.256,2671.448,2605.769,2631.762,2627.843,10446063936,,0.14913371917577578
2020-07-28,sz399006,2668.247,2677.736,2627.649,2666.521,2631.762,10252567678,,1.320750128621051
2020-07-29,sz399006,2659.939,2768.174,2652.903,2767.402,2666.521,11993964835,,3.783244159712229
2020-07-30,sz399006,2782.11,2787.382,2734.059,2743.634,2767.402,12590463984,,-0.8588560678932766
2020-07-31,sz399006,2747.41,2817.418,2741.442,2795.4,2743.634,12875802759,,1.8867676956911827
2020-08-03,sz399006,2831.351,2870.65,2801.113,2868.882,2795.4,15016518905,,2.628675681476711
2020-08-04,sz399006,2863.318,2893.403,2819.007,2832.845,2868.882,14395167848,,-1.256133922552416
2020-08-05,sz399006,2826.408,2875.439,2803.772,2860.241,2832.845,12666724389,,0.9670843268869245
2020-08-06,sz399006,2868.823,2868.823,2774.689,2814.374,2860.241,13541805869,,-1.603606129693269
2020-08-07,sz399006,2807.098,2823.974,2703.126,2749.953,2814.374,13020807473,,-2.288999258804969
2020-08-10,sz399006,2735.432,2757.426,2693.727,2735.256,2749.953,11441602822,,-0.534445497795788
2020-08-11,sz399006,2740.152,2774.901,2686.191,2688.7,2735.256,11662696818,,-1.702071031011354
2020-08-12,sz399006,2689.576,2694.954,2577.712,2635.502,2688.7,11421080768,,-1.9785770074757236
2020-08-13,sz399006,2657.202,2660.706,2611.143,2622.64,2635.502,9831698168,,-0.48802846668301036
2020-08-14,sz399006,2624.834,2669.482,2615.632,2668.712,2622.64,9873423518,,1.7567031693255686
2020-08-17,sz399006,2682.21,2696.696,2652.052,2696.392,2668.712,11756878404,,1.037204464175967
2020-08-18,sz399006,2702.421,2724.035,2689.029,2701.061,2696.392,12006142309,,0.1731573154051924
2020-08-19,sz399006,2695.895,2695.895,2612.835,2612.835,2701.061,11706232063,,-3.266346076597315
2020-08-20,sz399006,2592.876,2629.286,2578.392,2587.861,2612.835,9698927414,,-0.9558200192511301
2020-08-21,sz399006,2611.541,2644.021,2607.816,2632.452,2587.861,10778814201,,1.7230832722468614
2020-08-24,sz399006,2653.632,2704.804,2592.659,2684.629,2632.452,13989257426,,1.98206842897799
2020-08-25,sz399006,2687.293,2737.47,2683.187,2701.604,2684.629,18456999760,,0.6323033834470193
2020-08-26,sz399006,2701.483,2717.802,2635.132,2644.144,2701.604,18239471859,,-2.1268846211361825
2020-08-27,sz399006,2653.739,2699.884,2637.42,2689.17,2644.144,19444537346,,1.702857333034813
2020-08-28,sz399006,2687.231,2762.885,2680.492,2757.839,2689.17,19262957134,,2.5535388242468926
2020-08-31,sz399006,2769.832,2779.519,2726.677,2728.313,2757.839,17237910094,,-1.0706208738073486
2020-09-01,sz399006,2721.18,2750.424,2701.558,2750.424,2728.313,16932663727,,0.8104275425876661
2020-09-02,sz399006,2753.925,2785.349,2731.411,2771.85,2750.424,26189813752,,0.779007163986356
2020-09-03,sz399006,2766.984,2789.121,2738.127,2746.953,2771.85,23515994652,,-0.8982087775312508
2020-09-04,sz399006,2690.287,2739.899,2686.865,2732.155,2746.953,21978664213,,-0.5387059771317482
2020-09-07,sz399006,2728.742,2745.615,2628.863,2641.202,2732.155,27979827177,,-3.328983897326465
2020-09-08,sz399006,2648.44,2663.686,2612.637,2650.629,2641.202,28702673694,,0.35692082619958043
2020-09-09,sz399006,2609.129,2609.373,2506.898,2523.396,2650.629,33301291035,,-4.800105937119071
2020-09-10,sz399006,2551.302,2565.848,2477.674,2483.031,2523.396,25869629192,,-1.5996300223984017
2020-09-11,sz399006,2474.703,2542.13,2474.703,2536.618,2483.031,18115823704,,2.158128513095492
2020-09-14,sz399006,2568.014,2604.385,2548.092,2572.601,2536.618,21576088966,,1.418542326830452
2020-09-15,sz399006,2578.693,2599.541,2563.071,2595.154,2572.601,19971177769,,0.8766614022151176
2020-09-16,sz399006,2597.639,2597.639,2540.015,2554.8,2595.154,16802777515,,-1.5549751575436255
2020-09-17,sz399006,2551.289,2582.264,2521.603,2557.321,2554.8,16723905710,,0.09867700015655512
2020-09-18,sz399006,2558.291,2600.584,2537.835,2596.082,2557.321,16861243203,,1.5156877060017004
2020-09-21,sz399006,2605.554,2607.654,2565.042,2569.219,2596.082,15603999453,,-1.0347515987553457
2020-09-22,sz399006,2556.462,2596.808,2547.363,2555.544,2569.219,15333523357,,-0.5322629172522908
2020-09-23,sz399006,2563.713,2608.416,2549.338,2599.885,2555.544,15139483451,,1.7350904543220746
2020-09-24,sz399006,2576.035,2583.625,2535.868,2535.868,2599.885,15149443380,,-2.462301217169227
2020-09-25,sz399006,2551.445,2570.363,2529.128,2540.426,2535.868,11481978803,,0.17974121681412214
2020-09-28,sz399006,2551.781,2555.019,2517.035,2521.246,2540.426,10545051464,,-0.7549914856799567
2020-09-29,sz399006,2538.364,2579.271,2521.698,2563.379,2521.246,10469154298,,1.6711181693495947
2020-09-30,sz399006,2575.464,2601.803,2561.054,2574.758,2563.379,10469739954,,0.4439062659091775
2020-10-09,sz399006,2632.592,2679.014,2629.221,2672.934,2574.758,12763801206,,3.813018543878699
2020-10-12,sz399006,2702.156,2777.388,2698.756,2777.388,2672.934,17626046004,,3.9078405976354036
2020-10-13,sz399006,2769.662,2792.965,2754.153,2784.717,2777.388,18329997769,,0.26388102778582834
2020-10-14,sz399006,2777.887,2793.485,2759.542,2764.244,2784.717,16950656868,,-0.7351914036507146
2020-10-15,sz399006,2767.171,2770.337,2735.338,2737.963,2764.244,15181939098,,-0.9507481973371368
2020-10-16,sz399006,2735.68,2754.35,2697.252,2724.497,2737.963,14188729716,,-0.4918254921633447
2020-10-19,sz399006,2750.946,2752.758,2684.462,2689.669,2724.497,15011191870,,-1.2783277059949083
2020-10-20,sz399006,2698.055,2740.583,2686.816,2740.583,2689.669,15733028220,,1.8929466785690074
2020-10-21,sz399006,2746.728,2746.728,2689.34,2700.533,2740.583,16133301788,,-1.4613678914304096
2020-10-22,sz399006,2686.777,2686.889,2645.75,2673.585,2700.533,15135994176,,-0.9978770857456576
2020-10-23,sz399006,2680.707,2701.465,2592.42,2600.843,2673.585,15368087617,,-2.7207663118995695
2020-10-26,sz399006,2585.788,2629.313,2555.319,2617.743,2600.843,13302294331,,0.6497893183094794
2020-10-27,sz399006,2618.696,2656.165,2613.075,2650.764,2617.743,14227446192,,1.2614301709526154
2020-10-28,sz399006,2648.49,2684.949,2628.469,2670.481,2650.764,15860908412,,0.743823290191048
2020-10-29,sz399006,2635.693,2713.881,2631.231,2699.923,2670.481,16139937338,,1.1024980144026308
2020-10-30,sz399006,2709.002,2712.452,2647.307,2655.865,2699.923,17364265226,,-1.6318243149897271
2020-11-02,sz399006,2670.516,2721.305,2664.764,2708.388,2655.865,13850514653,,1.9776231096083619
2020-11-03,sz399006,2720.7,2750.474,2701.065,2744.314,2708.388,14834152289,,1.326471687217623
2020-11-04,sz399006,2747.541,2758.419,2725.522,2750.554,2744.314,14512560331,,0.22737922847022585
2020-11-05,sz399006,2782.063,2791.566,2744.779,2787.878,2750.554,15731823269,,1.3569629972725483
2020-11-06,sz399006,2798.554,2798.554,2708.079,2733.072,2787.878,14841343904,,-1.9658679468757212
2020-11-09,sz399006,2753.925,2831.368,2753.925,2813.998,2733.072,16494828970,,2.9609904166447043
2020-11-10,sz399006,2811.485,2811.485,2757.953,2773.218,2813.998,15355384340,,-1.4491836881191933
2020-11-11,sz399006,2762.706,2766.645,2681.524,2681.524,2773.218,12510045990,,-3.3064115406722383
2020-11-12,sz399006,2705.761,2721.433,2687.762,2700.51,2681.524,10790012728,,0.7080302096867497
2020-11-13,sz399006,2699.517,2717.46,2679.095,2706.813,2700.51,9642447576,,0.23340035771020062
2020-11-16,sz399006,2716.021,2722.522,2679.099,2712.409,2706.813,9864021399,,0.20673759140361625
2020-11-17,sz399006,2715.086,2715.694,2626.369,2658.092,2712.409,11245961361,,-2.0025372279770526
2020-11-18,sz399006,2656.889,2680.616,2612.823,2620.672,2658.092,10552748643,,-1.4077767059981428
2020-11-19,sz399006,2614.781,2651.368,2593.835,2645.161,2620.672,11761500697,,0.9344549794861878
2020-11-20,sz399006,2649.559,2677.131,2649.559,2667.093,2645.161,10583368375,,0.8291366763686581
2020-11-23,sz399006,2677.347,2705.768,2653.082,2686.358,2667.093,11109007477,,0.7223220187672519
2020-11-24,sz399006,2689.798,2700.015,2664.953,2674.798,2686.358,10078681846,,-0.430322391877791
2020-11-25,sz399006,2678.106,2679.032,2615.531,2615.531,2674.798,10568051412,,-2.2157561056946995
2020-11-26,sz399006,2616.74,2632.872,2584.691,2609.386,2615.531,9642280667,,-0.23494273247000041
2020-11-27,sz399006,2614.664,2635.694,2594.068,2618.991,2609.386,9244513385,,0.36809425665653706
2020-11-30,sz399006,2627.867,2653.436,2593.703,2631.889,2618.991,10178421505,,0.4924797374256107
2020-12-01,sz399006,2628.726,2700.28,2627.447,2698.443,2631.889,10727256129,,2.528754062196392
2020-12-02,sz399006,2697.444,2703.254,2662.177,2682.972,2698.443,10832657559,,-0.5733306206579081
2020-12-03,sz399006,2681.586,2721.848,2670.215,2712.518,2682.972,10365653556,,1.1012414590983344
2020-12-04,sz399006,2701.369,2736.273,2696.947,2730.837,2712.518,8860936220,,0.6753503571220509
2020-12-07,sz399006,2720.854,2739.765,2715.927,2726.483,2730.837,9062868979,,-0.15943829675663101
2020-12-08,sz399006,2736.029,2757.343,2735.834,2746.281,2726.483,8253797460,,0.7261369317175248
2020-12-09,sz399006,2752.354,2763.414,2693.188,2697.826,2746.281,10100281485,,-1.764386091590775
2020-12-10,sz399006,2689.215,2734.639,2675.458,2718.545,2697.826,8588118860,,0.7679887435290578
2020-12-11,sz399006,2727.966,2733.938,2665.101,2687.781,2718.545,10642308660,,-1.1316347531492021
2020-12-14,sz399006,2695.191,2729.068,2674.508,2726.601,2687.781,9080457122,,1.4443141014837124
2020-12-15,sz399006,2727.953,2761.319,2720.142,2758.854,2726.601,8570985359,,1.18290134860215
2020-12-16,sz399006,2764.337,2771.592,2732.578,2760.64,2758.854,8813401854,,0.06473702486613497
2020-12-17,sz399006,2758.442,2789.248,2739.156,2785.615,2760.64,9372907969,,0.9046815231250616
2020-12-18,sz399006,2787.776,2803.114,2768.468,2780.73,2785.615,8288383693,,-0.1753652245554349
2020-12-21,sz399006,2789.642,2882.443,2783.387,2882.443,2780.73,8857520022,,3.6577805108730432
2020-12-22,sz399006,2867.21,2888.35,2809.922,2811.749,2882.443,10467325389,,-2.452572349219062
2020-12-23,sz399006,2822.259,2865.472,2809.785,2842.97,2811.749,9905439166,,1.11037649519925
2020-12-24,sz399006,2838.938,2848.337,2811.928,2820.753,2842.97,10220231065,,-0.7814714893227714
2020-12-25,sz399006,2811.547,2841.567,2793.778,2840.801,2820.753,8790767070,,0.7107322051948417
2020-12-28,sz399006,2847.12,2860.995,2823.003,2842.81,2840.801,9776201285,,0.07071949073518269
2020-12-29,sz399006,2838.708,2843.715,2795.646,2812.997,2842.81,9736867029,,-1.0487158832282129
2020-12-30,sz399006,2828.014,2909.188,2827.067,2900.538,2812.997,8456437559,,3.1120189605605697
2020-12-31,sz399006,2911.39,2969.753,2909.666,2966.256,2900.538,8739989137,,2.2657176013553215
2021-01-04,sz399006,2977.321,3094.528,2963.414,3078.111,2966.256,10434961364,,3.770915254785834
2021-01-05,sz399006,3050.183,3100.001,3027.756,3097.977,3078.111,10918729864,,0.645395828805384
2021-01-06,sz399006,3113.847,3134.763,3057.564,3115.091,3097.977,11197234879,,0.5524250180036772
2021-01-07,sz399006,3106.339,3162.398,3086.064,3162.398,3115.091,12654076939,,1.5186394233748013
2021-01-08,sz399006,3179.365,3194.366,3115.992,3150.78,3162.398,11127174585,,-0.3673794380087525
2021-01-11,sz399006,3159.594,3159.594,3066.741,3092.861,3150.78,10821013798,,-1.8382432286608519
2021-01-12,sz399006,3079.84,3180.35,3057.735,3180.35,3092.861,9386732654,,2.8287401212016894
2021-01-13,sz399006,3180.747,3207.071,3100.065,3130.298,3180.35,10423994946,,-1.5737890483751849
2021-01-14,sz399006,3101.962,3142.854,3061.018,3089.177,3130.298,9418309265,,-1.3136448989840455
2021-01-15,sz399006,3073.997,3109.87,3020.781,3089.945,3089.177,9139663997,,0.02486099048386592
2021-01-18,sz399006,3078.026,3164.581,3056.805,3149.2,3089.945,9392322926,,1.9176716737676403
2021-01-19,sz399006,3146.273,3157.464,3074.193,3084.488,3149.2,10657511970,,-2.0548710783691138
2021-01-20,sz399006,3106.348,3204.932,3098.427,3204.932,3084.488,9438076092,,3.9048295859799076
2021-01-21,sz399006,3217.827,3303.322,3217.827,3283.721,3204.932,10615364142,,2.4583672914121113
2021-01-22,sz399006,3282.041,3366.692,3281.399,3358.238,3283.721,10503275193,,2.2692853625505993
2021-01-25,sz399006,3363.602,3427.444,3333.743,3355.24,3358.238,10383467644,,-0.08927300566546892
2021-01-26,sz399006,3335.438,3335.438,3253.274,3258.355,3355.24,9217945971,,-2.887572871091182
2021-01-27,sz399006,3269.773,3296.163,3196.088,3281.031,3258.355,9148409385,,0.6959339912317786
2021-01-28,sz399006,3219.93,3248.015,3160.529,3161.863,3281.031,9566322212,,-3.6320290786646114
2021-01-29,sz399006,3201.669,3221.114,3070.038,3128.865,3161.863,9829750759,,-1.0436252298091309
2021-02-01,sz399006,3134.79,3189.852,3123.435,3159.993,3128.865,8720213996,,0.9948655502874049
2021-02-02,sz399006,3176.253,3232.434,3130.763,3228.698,3159.993,8552920746,,2.174213677055614
2021-02-03,sz399006,3245.261,3276.235,3218.87,3223.766,3228.698,8735680327,,-0.15275507340729577
2021-02-04,sz399006,3208.646,3248.281,3155.787,3200.549,3223.766,8662749811,,-0.7201825442665566
2021-02-05,sz399006,3224.847,3256.722,3191.458,3193.707,3200.549,7604547980,,-0.2137758240851828
2021-02-08,sz399006,3202.483,3278.06,3162.587,3278.06,3193.707,6697265710,,2.6412253847957867
2021-02-09,sz399006,3291.501,3339.969,3273.059,3334.242,3278.06,7173896146,,1.7138795507098736
2021-02-10,sz399006,3350.324,3427.82,3314.673,3413.81,3334.242,6913493270,,2.386389470230399
2021-02-18,sz399006,3475.89,3475.998,3300.183,3320.144,3413.81,9142775437,,-2.7437379350344626
2021-02-19,sz399006,3289.006,3308.746,3195.954,3285.535,3320.144,9398626833,,-1.0423945467425533
2021-02-22,sz399006,3278.586,3278.586,3138.648,3138.672,3285.535,11833666769,,-4.4699873840942095
2021-02-23,sz399006,3099.189,3156.37,3090.319,3112.357,3138.672,8808378210,,-0.8384119143382995
2021-02-24,sz399006,3112.723,3125.24,2973.884,3007.456,3112.357,9798856134,,-3.370468105040647
2021-02-25,sz399006,3040.901,3045.0,2969.033,2977.176,3007.456,8828585070,,-1.00683102263176
2021-02-26,sz399006,2907.483,2961.027,2887.809,2914.113,2977.176,9027592645,,-2.1182153826310612
2021-03-01,sz399006,2958.53,2998.033,2935.076,2994.751,2914.113,9098464386,,2.7671541906576946
2021-03-02,sz399006,3019.096,3023.208,2937.89,2966.892,2994.751,8756487492,,-0.9302609799612838
2021-03-03,sz399006,2951.29,2997.993,2933.834,2997.749,2966.892,8035792155,,1.0400445988596907
2021-03-04,sz399006,2962.52,2962.52,2841.154,2851.873,2997.749,9579500518,,-4.86618459384024
2021-03-05,sz399006,2800.25,2897.172,2800.25,2871.972,2851.873,10577969165,,0.704764903626498
2021-03-08,sz399006,2889.085,2905.469,2726.343,2728.844,2871.972,10709280417,,-4.9836140463765055
2021-03-09,sz399006,2717.17,2733.982,2608.241,2633.45,2728.844,10826165892,,-3.4957659726976065
2021-03-10,sz399006,2708.229,2720.25,2665.697,2676.702,2633.45,8542556127,,1.6424082477358715
2021-03-11,sz399006,2682.948,2768.955,2677.571,2746.575,2676.702,8302838730,,2.610413860041194
2021-03-12,sz399006,2768.577,2771.866,2711.325,2756.813,2746.575,8311495903,,0.3727551586976574
2021-03-15,sz399006,2737.447,2737.447,2612.449,2644.015,2756.813,7993570726,,-4.091608680022918
2021-03-16,sz399006,2664.693,2678.915,2629.358,2672.117,2644.015,8829156183,,1.0628532742817498
2021-03-17,sz399006,2662.926,2717.675,2631.729,2704.136,2672.117,8496844279,,1.1982633993945502
2021-03-18,sz399006,2717.274,2760.789,2713.85,2748.726,2704.136,8405684798,,1.6489555259055155
2021-03-19,sz399006,2697.827,2726.872,2653.998,2671.518,2748.726,8062902912,,-2.8088649068695903
2021-03-22,sz399006,2683.638,2729.098,2665.616,2698.261,2671.518,8272100701,,1.0010413555139763
2021-03-23,sz399006,2684.643,2708.959,2641.375,2668.082,2698.261,9052274901,,-1.1184611125461985
2021-03-24,sz399006,2650.372,2678.402,2623.292,2634.614,2668.082,8087879483,,-1.2543842355669632
2021-03-25,sz399006,2609.378,2670.896,2603.937,2655.999,2634.614,8474103400,,0.8116938572405585
2021-03-26,sz399006,2672.909,2754.303,2672.909,2745.4,2655.999,8065214991,,3.366002773344423
2021-03-29,sz399006,2747.856,2768.14,2716.947,2733.963,2745.4,7902515829,,-0.4165877467764201
2021-03-30,sz399006,2728.49,2779.866,2722.234,2771.322,2733.963,8098369688,,1.3664778930804866
2021-03-31,sz399006,2770.332,2777.083,2731.221,2758.501,2771.322,6845203931,,-0.4626311919004644
2021-04-01,sz399006,2766.417,2819.415,2766.417,2815.413,2758.501,6505166113,,2.063149514899565
2021-04-02,sz399006,2828.352,2871.11,2820.01,2852.229,2815.413,6882803981,,1.3076589473729028
2021-04-06,sz399006,2865.445,2871.867,2814.487,2831.598,2852.229,7020712048,,-0.72332901741059
2021-04-07,sz399006,2843.574,2843.574,2773.674,2807.201,2831.598,7425732676,,-0.8615982918479204
2021-04-08,sz399006,2793.166,2838.937,2778.866,2826.99,2807.201,7843943410,,0.7049370529577326
2021-04-09,sz399006,2823.78,2829.955,2772.306,2783.327,2826.99,6928841615,,-1.544504932808377
2021-04-12,sz399006,2789.785,2813.487,2711.837,2719.953,2783.327,7603862981,,-2.276915360645737
2021-04-13,sz399006,2719.556,2785.14,2719.556,2742.852,2719.953,7062620500,,0.8418895473561561
2021-04-14,sz399006,2753.665,2809.165,2753.665,2804.409,2742.852,6845242068,,2.2442698330059407
2021-04-15,sz399006,2787.247,2793.666,2761.293,2790.644,2804.409,6871798164,,-0.4908342542047306
2021-04-16,sz399006,2801.739,2802.618,2744.682,2783.373,2790.644,7957609600,,-0.2605491778958413
2021-04-19,sz399006,2777.017,2899.729,2769.65,2898.729,2783.373,9070631699,,4.144467881236169
2021-04-20,sz399006,2880.057,2922.034,2870.292,2896.108,2898.729,9143020663,,-0.09041893878315443
2021-04-21,sz399006,2873.362,2920.718,2867.207,2916.975,2896.108,7617940544,,0.720518709937612
2021-04-22,sz399006,2941.303,2950.228,2901.917,2939.395,2916.975,7673935790,,0.7686044618140375
2021-04-23,sz399006,2938.932,3009.273,2937.944,2994.488,2939.395,8398319168,,1.8742972618514875
2021-04-26,sz399006,3019.303,3057.124,2965.011,2969.405,2994.488,9373227720,,-0.8376390220965813
2021-04-27,sz399006,2964.027,2986.034,2946.799,2986.034,2969.405,8791010472,,0.560011180691089
2021-04-28,sz399006,2990.7,3052.039,2980.648,3050.585,2986.034,8216691147,,2.1617637307545623
2021-04-29,sz399006,3053.738,3068.595,3014.553,3051.417,3050.585,8358582467,,0.027273457386045585
2021-04-30,sz399006,3040.649,3110.156,3037.314,3091.395,3051.417,8108127599,,1.3101454176862815
2021-05-06,sz399006,3059.584,3059.584,2961.994,3014.812,3091.395,7421619065,,-2.477295848637917
2021-05-07,sz399006,3021.867,3026.849,2910.411,2910.411,3014.812,8148062307,,-3.4629356656401766
2021-05-10,sz399006,2920.42,2960.327,2901.08,2921.721,2910.411,8016130726,,0.38860490837890893
2021-05-11,sz399006,2898.801,2932.477,2864.046,2921.343,2921.721,8106036551,,-0.012937580282312844
2021-05-12,sz399006,2913.064,2965.212,2887.212,2960.355,2921.343,8256231926,,1.335413198655555
2021-05-13,sz399006,2922.731,2967.616,2912.515,2943.617,2960.355,9338211691,,-0.5654051625565093
2021-05-14,sz399006,2954.172,3039.726,2942.98,3033.806,2943.617,10555158338,,3.063883650624377
2021-05-17,sz399006,3049.019,3130.205,3049.019,3112.741,3033.806,10272223189,,2.60184731653903
2021-05-18,sz399006,3108.634,3128.94,3068.764,3090.123,3112.741,8485862129,,-0.7266264684405166
2021-05-19,sz399006,3081.221,3128.601,3075.8,3114.724,3090.123,8610766005,,0.7961171772126852
2021-05-20,sz399006,3113.552,3158.455,3112.556,3143.616,3114.724,8655452145,,0.9275942266473658
2021-05-21,sz399006,3162.791,3171.899,3098.239,3113.259,3143.616,8509349745,,-0.9656713797104977
2021-05-24,sz399006,3128.776,3140.945,3075.449,3139.686,3113.259,8740319410,,0.8488532434982154
2021-05-25,sz399006,3155.274,3232.739,3151.902,3227.355,3139.686,9250645801,,2.7922855979865435
2021-05-26,sz399006,3226.698,3228.766,3185.769,3196.848,3227.355,9971248975,,-0.9452632263881711
2021-05-27,sz399006,3192.045,3238.454,3169.03,3226.108,3196.848,10039436142,,0.915276547399202
2021-05-28,sz399006,3226.081,3285.284,3215.029,3232.291,3226.108,10243174503,,0.19165508408274246
2021-05-31,sz399006,3246.149,3309.749,3246.149,3309.069,3232.291,10214857160,,2.37534306162408
2021-06-01,sz399006,3290.533,3307.474,3242.905,3300.159,3309.069,10869216527,,-0.2692600244963095
2021-06-02,sz399006,3309.181,3310.493,3228.851,3243.022,3300.159,10501110601,,-1.7313408232754846
2021-06-03,sz399006,3241.158,3255.163,3201.232,3201.784,3243.022,9911125979,,-1.2715917437501112
2021-06-04,sz399006,3194.39,3281.264,3183.667,3242.612,3201.784,9953049289,,1.2751640960164679
2021-06-07,sz399006,3240.954,3241.774,3197.91,3228.243,3242.612,10185118685,,-0.44313041461636615
2021-06-08,sz399006,3227.271,3275.783,3185.222,3208.572,3228.243,11386212811,,-0.6093407466538192
2021-06-09,sz399006,3203.147,3222.184,3183.057,3207.626,3208.572,10623021002,,-0.029483521018069947
2021-06-10,sz399006,3213.444,3301.16,3213.444,3285.51,3207.626,13312599973,,2.428088561447006
2021-06-11,sz399006,3305.531,3320.255,3266.357,3298.497,3285.51,14232825969,,0.39528109791173716
2021-06-15,sz399006,3298.212,3306.436,3240.525,3262.188,3298.497,13581557003,,-1.1007740798309018
2021-06-16,sz399006,3258.603,3258.691,3122.814,3125.701,3262.188,14002507978,,-4.183909694965471
2021-06-17,sz399006,3133.911,3197.543,3133.911,3188.593,3125.701,13198688346,,2.0120926473773393
2021-06-18,sz399006,3210.137,3260.73,3198.289,3239.227,3188.593,13580722317,,1.5879731279595743
2021-06-21,sz399006,3235.692,3288.736,3205.364,3270.577,3239.227,14097065852,,0.9678234961612908
2021-06-22,sz399006,3273.631,3291.176,3220.417,3281.992,3270.577,15203410795,,0.34902098314761876
2021-06-23,sz399006,3288.756,3341.962,3266.902,3318.946,3281.992,14273694569,,1.1259625251980987
2021-06-24,sz399006,3326.334,3328.562,3260.031,3279.159,3318.946,13289248415,,-1.1987841923309372
2021-06-25,sz399006,3288.269,3355.885,3286.271,3347.699,3279.159,12742040642,,2.0901700710456605
2021-06-28,sz399006,3356.219,3422.726,3345.208,3412.863,3347.699,11935863686,,1.9465310351975962
2021-06-29,sz399006,3438.885,3445.872,3392.632,3406.238,3412.863,12218346161,,-0.19411854504560733
2021-06-30,sz399006,3418.812,3484.193,3389.96,3477.178,3406.238,11964622365,,2.0826495388754473
2021-07-01,sz399006,3486.778,3500.739,3431.771,3455.359,3477.178,13319951689,,-0.6274916038235601
2021-07-02,sz399006,3429.606,3429.606,3329.824,3333.897,3455.359,11997764427,,-3.515177438871042
2021-07-05,sz399006,3332.49,3387.099,3318.337,3352.117,3333.897,12897392541,,0.5465075855672907
2021-07-06,sz399006,3359.263,3367.754,3240.869,3291.988,3352.117,13845968853,,-1.793761971912089
2021-07-07,sz399006,3278.126,3419.695,3261.317,3409.589,3291.988,12943174629,,3.572339874871955
2021-07-08,sz399006,3435.311,3469.596,3418.699,3432.957,3409.589,15375282409,,0.6853611974932949
2021-07-09,sz399006,3413.018,3428.297,3334.272,3409.309,3432.957,13778111200,,-0.688852205256274
2021-07-12,sz399006,3453.01,3554.073,3426.013,3534.763,3409.309,16060604848,,3.679748594216581
2021-07-13,sz399006,3518.527,3560.884,3478.274,3514.977,3534.763,16407783722,,-0.5597546426733602
2021-07-14,sz399006,3491.42,3539.552,3464.917,3488.627,3514.977,15637436078,,-0.7496492864675908
2021-07-15,sz399006,3476.114,3537.391,3453.353,3537.391,3488.627,13824338847,,1.3977991914870813
2021-07-16,sz399006,3525.271,3525.271,3428.976,3432.647,3537.391,13095190484,,-2.9610523688221146
2021-07-19,sz399006,3438.198,3482.087,3420.401,3449.526,3432.647,13562654889,,0.49171965541461304
2021-07-20,sz399006,3431.001,3491.052,3418.765,3463.791,3449.526,12728001626,,0.4135350769931989
2021-07-21,sz399006,3480.702,3568.698,3473.145,3560.045,3463.791,16030329151,,2.778862812450278
2021-07-22,sz399006,3572.435,3576.119,3512.718,3544.436,3560.045,17259770839,,-0.4384495139808653
2021-07-23,sz399006,3539.423,3542.276,3461.616,3469.873,3544.436,17415624959,,-2.1036633190724907
2021-07-26,sz399006,3450.903,3464.741,3292.202,3371.228,3469.873,16348854512,,-2.8428994375298444
2021-07-27,sz399006,3384.456,3423.454,3232.839,3232.839,3371.228,16864314246,,-4.105002687448023
2021-07-28,sz399006,3204.314,3306.503,3157.994,3284.92,3232.839,15231102149,,1.6109988774572592
2021-07-29,sz399006,3375.326,3467.896,3338.132,3459.721,3284.92,15664408358,,5.321316805279874
2021-07-30,sz399006,3454.026,3479.376,3402.326,3440.182,3459.721,17173312766,,-0.5647565222744899
2021-08-02,sz399006,3448.257,3500.334,3399.642,3493.359,3440.182,17226386501,,1.5457612417017597
2021-08-03,sz399006,3490.857,3517.095,3447.141,3477.229,3493.359,18725777723,,-0.4617332487156345
2021-08-04,sz399006,3463.729,3564.274,3445.054,3563.127,3477.229,16512410468,,2.4703003454762396
2021-08-05,sz399006,3547.836,3569.838,3507.033,3532.5,3563.127,17478716410,,-0.859553981657124
2021-08-06,sz399006,3539.967,3548.341,3469.119,3490.902,3532.5,15906903420,,-1.17757961783439
2021-08-09,sz399006,3455.703,3466.88,3412.863,3456.747,3490.902,14372071360,,-0.9784004248758693
2021-08-10,sz399006,3453.845,3470.972,3422.377,3468.67,3456.747,15916487759,,0.344919660015619
2021-08-11,sz399006,3457.789,3471.937,3422.864,3437.058,3468.67,17052441934,,-0.9113579556429441
2021-08-12,sz399006,3413.521,3439.413,3379.421,3386.432,3437.058,17188978878,,-1.4729457576799776
2021-08-13,sz399006,3360.517,3432.818,3328.7,3345.126,3386.432,16610767348,,-1.2197498724320965
2021-08-16,sz399006,3330.825,3346.801,3288.045,3301.391,3345.126,15728922247,,-1.3074245932739204
2021-08-17,sz399006,3311.952,3326.082,3211.245,3224.153,3301.391,16965583381,,-2.3395592948548094
2021-08-18,sz399006,3238.261,3269.216,3219.054,3248.373,3224.153,14935574135,,0.7512050451700114
2021-08-19,sz399006,3259.094,3304.431,3231.361,3278.357,3248.373,14698830187,,0.9230467067667281
2021-08-20,sz399006,3256.492,3265.631,3162.756,3192.9,3278.357,14149442452,,-2.6067020766804783
2021-08-23,sz399006,3218.968,3296.364,3202.806,3293.77,3192.9,16231037614,,3.159196968273359
2021-08-24,sz399006,3301.865,3351.927,3269.864,3330.58,3293.77,16465103156,,1.1175643715256367
2021-08-25,sz399006,3330.809,3348.889,3295.464,3348.662,3330.58,14765204487,,0.542908442373391
2021-08-26,sz399006,3361.907,3368.655,3262.682,3264.45,3348.662,15120685668,,-2.5147954615903356
2021-08-27,sz399006,3259.154,3296.684,3243.18,3257.072,3264.45,14806544028,,-0.22601050712982573
2021-08-30,sz399006,3275.975,3316.635,3249.865,3271.802,3257.072,15472036434,,0.45224668045409366
2021-08-31,sz399006,3273.813,3273.813,3181.353,3214.117,3271.802,14815376960,,-1.7630956885532734
2021-09-01,sz399006,3214.166,3222.467,3128.269,3186.85,3214.117,15723817525,,-0.8483511956783207
2021-09-02,sz399006,3181.258,3200.036,3133.761,3138.803,3186.85,14271190559,,-1.5076643080157548
2021-09-03,sz399006,3150.304,3165.211,3088.775,3102.145,3138.803,16100818918,,-1.1678974437070444
2021-09-06,sz399006,3106.257,3231.568,3085.155,3228.088,3102.145,14418760730,,4.0598682524511265
2021-09-07,sz399006,3222.428,3256.526,3203.683,3251.487,3228.088,14650161243,,0.7248563236194272
2021-09-08,sz399006,3259.534,3282.454,3215.475,3219.947,3251.487,17177404470,,-0.9700177180471559
2021-09-09,sz399006,3224.451,3244.075,3174.029,3221.941,3219.947,16375660455,,0.06192648512537424
2021-09-10,sz399006,3207.864,3241.87,3189.971,3232.01,3221.941,15242166237,,0.31251348178009675
2021-09-13,sz399006,3231.395,3260.329,3183.442,3194.275,3232.01,15353468449,,-1.1675397043944824
2021-09-14,sz399006,3199.411,3275.94,3197.896,3236.547,3194.275,15896072745,,1.3233675873241868
2021-09-15,sz399006,3233.154,3234.125,3185.648,3200.399,3236.547,14290572925,,-1.1168693054666057
2021-09-16,sz399006,3199.459,3199.459,3127.786,3128.845,3200.399,15219880540,,-2.2357837257167
2021-09-17,sz399006,3124.316,3201.447,3122.323,3193.261,3128.845,13455860589,,2.0587788784679484
2021-09-22,sz399006,3144.455,3199.765,3141.235,3164.328,3193.261,11227950138,,-0.906064364923509
2021-09-23,sz399006,3197.261,3210.641,3160.583,3182.467,3164.328,14023660627,,0.573233874617296
2021-09-24,sz399006,3176.868,3250.139,3169.504,3207.817,3182.467,13148217918,,0.796551857411254
2021-09-27,sz399006,3228.068,3280.301,3211.613,3231.583,3207.817,13956685068,,0.7408776747551471
2021-09-28,sz399006,3219.381,3272.94,3202.619,3211.454,3231.583,9893354389,,-0.6228835836801894
2021-09-29,sz399006,3181.979,3209.692,3165.487,3175.152,3211.454,10674070345,,-1.1303914052637865
2021-09-30,sz399006,3188.392,3257.668,3180.914,3244.646,3175.152,9269979002,,2.1886826205485654
2021-10-08,sz399006,3259.46,3285.73,3224.06,3243.204,3244.646,10704122573,,-0.04444244456868196
2021-10-11,sz399006,3242.184,3257.364,3190.665,3196.189,3243.204,10258226155,,-1.4496467073918384
2021-10-12,sz399006,3194.012,3196.706,3106.472,3138.263,3196.189,10618414572,,-1.812345890684186
2021-10-13,sz399006,3141.424,3211.341,3140.016,3210.159,3138.263,9207802708,,2.2909488465434613
2021-10-14,sz399006,3216.86,3238.155,3204.923,3215.736,3210.159,9112492113,,0.17372971245348534
2021-10-15,sz399006,3198.893,3284.653,3187.404,3276.321,3215.736,10019086202,,1.8840165983774693
2021-10-18,sz399006,3287.039,3287.039,3231.045,3276.484,3276.321,9523773298,,0.0049750924894009785
2021-10-19,sz399006,3293.801,3310.021,3273.545,3297.293,3276.484,9752432343,,0.6351015295664508
2021-10-20,sz399006,3304.551,3320.332,3276.825,3285.122,3297.293,10131304476,,-0.3691209728707845
2021-10-21,sz399006,3286.27,3304.005,3256.853,3279.487,3285.122,9995558644,,-0.17153092031284567
2021-10-22,sz399006,3290.541,3309.561,3268.937,3284.911,3279.487,10224857955,,0.16539172132714608
2021-10-25,sz399006,3303.22,3342.221,3302.485,3338.624,3284.911,10440954107,,1.6351432352352813
2021-10-26,sz399006,3370.785,3370.785,3322.193,3327.537,3338.624,11542105167,,-0.33208291799255996
2021-10-27,sz399006,3321.64,3324.347,3283.726,3308.962,3327.537,11632689969,,-0.5582206899577669
2021-10-28,sz399006,3301.906,3335.928,3266.312,3278.359,3308.962,10691675531,,-0.9248519626396501
2021-10-29,sz399006,3275.831,3358.349,3253.043,3350.665,3278.359,11483278006,,2.2055546692720363
2021-11-01,sz399006,3341.472,3374.536,3302.959,3331.915,3350.665,11889288285,,-0.5595904096649451
2021-11-02,sz399006,3329.414,3373.179,3307.504,3339.597,3331.915,12692952636,,0.2305581024726111
2021-11-03,sz399006,3334.414,3363.753,3301.437,3327.085,3339.597,10734499300,,-0.3746559839405861
2021-11-04,sz399006,3351.298,3380.209,3344.761,3362.249,3327.085,12031584128,,1.0569011612267198
2021-11-05,sz399006,3354.379,3383.296,3347.158,3352.754,3362.249,14607164494,,-0.282400262443383
2021-11-08,sz399006,3353.889,3393.387,3341.602,3380.292,3352.754,14214073644,,0.8213546236914393
2021-11-09,sz399006,3400.973,3409.942,3377.513,3409.942,3380.292,13516319599,,0.8771431580467004
2021-11-10,sz399006,3388.054,3403.31,3338.46,3399.663,3409.942,14643832685,,-0.30144207731392925
2021-11-11,sz399006,3396.654,3443.961,3393.984,3433.241,3399.663,16004996133,,0.9876861324195962
2021-11-12,sz399006,3436.262,3446.036,3409.479,3430.141,3433.241,15936678618,,-0.09029369042254931
2021-11-15,sz399006,3435.623,3435.68,3387.531,3401.874,3430.141,16328615182,,-0.824076911124072
2021-11-16,sz399006,3400.34,3423.519,3389.546,3393.715,3401.874,16343814823,,-0.2398383949552385
2021-11-17,sz399006,3413.431,3425.57,3400.771,3421.329,3393.715,15003957307,,0.8136805830778471
2021-11-18,sz399006,3416.643,3416.643,3374.011,3383.906,3421.329,15880789662,,-1.0938147135221454
2021-11-19,sz399006,3385.834,3419.746,3378.377,3418.96,3383.906,14365104641,,1.0359034795883737
2021-11-22,sz399006,3434.575,3505.727,3430.592,3505.727,3418.96,15151270561,,2.537818517911883
2021-11-23,sz399006,3501.218,3508.898,3482.688,3492.769,3505.727,15553946979,,-0.3696237613482145
2021-11-24,sz399006,3488.381,3501.579,3469.364,3478.662,3492.769,16010345725,,-0.40389158286734395
2021-11-25,sz399006,3477.596,3490.621,3462.125,3474.451,3478.662,15986110190,,-0.12105228964468528
2021-11-26,sz399006,3470.211,3501.341,3461.194,3468.865,3474.451,15445064908,,-0.1607736013545802
2021-11-29,sz399006,3455.608,3522.504,3455.608,3503.409,3468.865,14761815638,,0.995830048156976
2021-11-30,sz399006,3520.294,3520.294,3472.583,3495.593,3503.409,16087067101,,-0.2230969892467627
2021-12-01,sz399006,3492.435,3501.334,3459.514,3473.366,3495.593,15930870261,,-0.6358577786372721
2021-12-02,sz399006,3464.921,3487.935,3456.312,3466.914,3473.366,16252885183,,-0.18575641035236679
2021-12-03,sz399006,3467.413,3482.46,3446.954,3478.666,3466.914,13410885295,,0.33897581537931654
2021-12-06,sz399006,3460.961,3479.862,3403.159,3405.935,3478.666,13956561089,,-2.0907727272466037
2021-12-07,sz399006,3429.765,3429.84,3338.004,3368.784,3405.935,13041442182,,-1.090772431065179
2021-12-08,sz399006,3388.318,3428.228,3378.281,3424.704,3368.784,11722301702,,1.6599461408033367
2021-12-09,sz399006,3422.379,3463.652,3400.381,3459.319,3424.704,13298574103,,1.010744286221521
2021-12-10,sz399006,3431.289,3485.08,3429.572,3466.797,3459.319,13122351881,,0.21616971432816268
2021-12-13,sz399006,3473.389,3508.192,3457.544,3496.962,3466.797,14323965486,,0.8701115179227337
2021-12-14,sz399006,3491.823,3507.271,3486.913,3495.06,3496.962,15677935411,,-0.054390067721643565
2021-12-15,sz399006,3492.581,3520.466,3462.506,3464.758,3495.06,15925601843,,-0.8669951302695877
2021-12-16,sz399006,3479.184,3491.183,3467.734,3490.449,3464.758,15345043998,,0.7414947883806144
2021-12-17,sz399006,3480.513,3486.236,3427.016,3434.339,3490.449,16478182782,,-1.607529575707889
2021-12-20,sz399006,3420.862,3434.091,3327.79,3332.606,3434.339,14990013005,,-2.962229412996209
2021-12-21,sz399006,3328.895,3354.925,3306.962,3350.429,3332.606,13827556926,,0.5348066948207997
2021-12-22,sz399006,3360.283,3379.08,3354.382,3368.699,3350.429,15318596332,,0.5453033029501508
2021-12-23,sz399006,3379.808,3389.854,3358.916,3373.703,3368.699,13725577683,,0.14854399279959907
2021-12-24,sz399006,3381.545,3384.293,3280.937,3297.106,3373.703,14855119608,,-2.2704132521445985
2021-12-27,sz399006,3296.408,3315.753,3273.815,3293.811,3297.106,12881064471,,-0.09993612580244671
2021-12-28,sz399006,3300.311,3331.316,3280.067,3328.559,3293.811,13360160944,,1.054948204374817
2021-12-29,sz399006,3326.076,3326.212,3281.897,3281.897,3328.559,12930180200,,-1.401867895386566
2021-12-30,sz399006,3285.769,3339.654,3280.308,3322.795,3281.897,14997205763,,1.2461695172030218
2021-12-31,sz399006,3342.187,3353.567,3315.073,3322.673,3322.795,14467687781,,-0.003671607788036102
2022-01-04,sz399006,3348.128,3349.455,3238.245,3250.159,3322.673,17766437269,,-2.182399531943102
2022-01-05,sz399006,3242.435,3245.758,3145.047,3161.507,3250.159,17765998746,,-2.7276204025710737
2022-01-06,sz399006,3133.046,3150.113,3093.039,3127.48,3161.507,15651290472,,-1.0762905158837266
2022-01-07,sz399006,3137.075,3147.227,3093.207,3096.881,3127.48,16123439606,,-0.978391548467139
2022-01-10,sz399006,3082.781,3115.469,3051.531,3095.689,3096.881,13156026011,,-0.03849033915090949
2022-01-11,sz399006,3094.703,3103.827,3050.586,3056.153,3095.689,13609472266,,-1.2771308745807453
2022-01-12,sz399006,3091.669,3139.38,3088.781,3136.685,3056.153,13451922556,,2.6350774977561775
2022-01-13,sz399006,3145.02,3145.02,3083.141,3083.141,3136.685,14381913130,,-1.707025091776826
2022-01-14,sz399006,3059.143,3128.251,3057.939,3119.408,3083.141,15850181937,,1.1763004027386392
2022-01-17,sz399006,3124.628,3176.242,3113.977,3170.408,3119.408,17911559362,,1.6349256012679225
2022-01-18,sz399006,3168.786,3177.822,3136.251,3144.333,3170.408,19372870404,,-0.8224493503675157
2022-01-19,sz399006,3139.23,3141.281,3052.645,3075.977,3144.333,16248574913,,-2.1739427726007454
2022-01-20,sz399006,3072.388,3102.306,3056.959,3065.994,3075.977,17096927157,,-0.3245472901780344
2022-01-21,sz399006,3052.977,3069.881,3020.3,3034.679,3065.994,13864294294,,-1.0213653386144883
2022-01-24,sz399006,3011.628,3071.058,3010.204,3056.434,3034.679,11634186988,,0.7168797754227185
2022-01-25,sz399006,3035.824,3055.876,2974.955,2974.955,3056.434,13795548573,,-2.6658190558016437
2022-01-26,sz399006,2993.157,3008.383,2952.908,3004.412,2974.955,10477623703,,0.9901662378086318
2022-01-27,sz399006,2993.995,3001.549,2904.715,2906.763,3004.412,11644355743,,-3.2501867253891925
2022-01-28,sz399006,2945.718,2962.769,2882.674,2908.945,2906.763,10543139715,,0.07506631947635789
2022-02-07,sz399006,2972.194,2987.498,2905.249,2917.864,2908.945,10409457181,,0.30660600320735476
2022-02-08,sz399006,2913.319,2913.319,2782.277,2846.482,2917.864,10719248576,,-2.4463785837859464
2022-02-09,sz399006,2844.838,2887.731,2818.393,2883.597,2846.482,12707317523,,1.3038902055238832
2022-02-10,sz399006,2891.3,2891.3,2796.901,2826.517,2883.597,11586408322,,-1.979472166186902
2022-02-11,sz399006,2800.749,2811.777,2742.514,2746.383,2826.517,12354463686,,-2.8350793573857835
2022-02-14,sz399006,2723.51,2776.233,2710.884,2732.01,2746.383,10313785349,,-0.5233428840769716
2022-02-15,sz399006,2744.385,2817.807,2739.42,2816.444,2732.01,10115495128,,3.090545056570071
2022-02-16,sz399006,2829.652,2841.326,2808.265,2818.397,2816.444,10567743449,,0.0693427598773555
2022-02-17,sz399006,2813.48,2861.967,2804.887,2839.825,2818.397,12513694132,,0.7602903352508461
2022-02-18,sz399006,2819.548,2829.825,2803.237,2826.813,2839.825,10750365670,,-0.4581972480698582
2022-02-21,sz399006,2830.601,2836.279,2794.259,2804.598,2826.813,13833275751,,-0.7858673354056323
2022-02-22,sz399006,2783.283,2783.283,2741.971,2765.91,2804.598,14026979997,,-1.3794490333373988
2022-02-23,sz399006,2770.214,2845.082,2770.214,2843.866,2765.91,14107745317,,2.81845757815693
2022-02-24,sz399006,2817.796,2852.721,2746.62,2783.899,2843.866,19482361255,,-2.108643656206022
2022-02-25,sz399006,2827.829,2882.073,2827.829,2855.803,2783.899,13021102881,,2.5828523233062617
2022-02-28,sz399006,2844.823,2881.306,2834.543,2881.306,2855.803,11820747538,,0.8930237835032884
2022-03-01,sz399006,2895.388,2905.128,2865.884,2885.786,2881.306,11944181746,,0.15548504740559022
2022-03-02,sz399006,2866.69,2866.69,2811.118,2834.636,2885.786,12081766034,,-1.7724807036973655
2022-03-03,sz399006,2850.669,2853.474,2789.515,2791.949,2834.636,12579453085,,-1.5059076368182711
2022-03-04,sz399006,2763.062,2797.82,2737.474,2748.638,2791.949,13362759571,,-1.551281918115277
2022-03-07,sz399006,2718.444,2720.783,2620.829,2630.371,2748.638,12007812841,,-4.302749216157231
2022-03-08,sz399006,2645.109,2654.639,2567.91,2582.986,2630.371,13625182207,,-1.801456904748422
2022-03-09,sz399006,2594.962,2608.208,2462.17,2566.719,2582.986,14374975147,,-0.6297749968447341
2022-03-10,sz399006,2645.363,2664.58,2625.601,2635.194,2566.719,13844436432,,2.667802747398529
2022-03-11,sz399006,2589.696,2668.242,2566.031,2665.462,2635.194,13871125439,,1.1486061367777856
2022-03-14,sz399006,2638.49,2647.255,2570.28,2570.447,2665.462,12724977158,,-3.564672840955896
2022-03-15,sz399006,2547.717,2615.708,2504.782,2504.782,2570.447,13979091514,,-2.554614041837855
2022-03-16,sz399006,2549.153,2639.927,2478.438,2635.083,2504.782,15417766941,,5.202089443312818
2022-03-17,sz399006,2684.841,2764.249,2684.037,2710.726,2635.083,17133012826,,2.870611665742606
2022-03-18,sz399006,2693.154,2725.69,2668.935,2713.795,2710.726,13849695224,,0.11321690204026957
2022-03-21,sz399006,2730.209,2756.351,2702.177,2726.18,2713.795,14446135853,,0.45637198093444464
2022-03-22,sz399006,2718.002,2718.002,2676.837,2688.234,2726.18,13450133778,,-1.3919110256842893
2022-03-23,sz399006,2707.565,2725.557,2682.132,2715.954,2688.234,12474071317,,1.0311602338189507
2022-03-24,sz399006,2697.425,2725.284,2655.918,2706.215,2715.954,11978187871,,-0.35858486557578395
2022-03-25,sz399006,2702.653,2714.151,2637.944,2637.944,2706.215,11551978862,,-2.522748562106125
2022-03-28,sz399006,2622.468,2622.588,2576.233,2594.128,2637.944,10681951290,,-1.6609905289877158
2022-03-29,sz399006,2603.425,2633.449,2581.379,2592.666,2594.128,10998233760,,-0.05635805172297115
2022-03-30,sz399006,2612.715,2696.826,2610.406,2696.826,2592.666,10747822063,,4.017486247746516
2022-03-31,sz399006,2683.195,2686.277,2646.24,2659.492,2696.826,12077568697,,-1.3843681424014709
2022-04-01,sz399006,2641.752,2687.153,2632.975,2666.969,2659.492,11886350248,,0.2811439177105912
2022-04-06,sz399006,2662.281,2662.622,2615.923,2633.91,2666.969,11576730860,,-1.2395719635286406
2022-04-07,sz399006,2611.979,2632.097,2576.534,2578.533,2633.91,11651384938,,-2.1024636377097172
2022-04-08,sz399006,2578.736,2609.347,2546.514,2569.911,2578.533,10880541644,,-0.3343761743595963
2022-04-11,sz399006,2536.149,2536.149,2455.455,2462.043,2569.911,10821747359,,-4.197343799065411
2022-04-12,sz399006,2461.595,2523.694,2459.262,2523.694,2462.043,10376006114,,2.5040586212344618
2022-04-13,sz399006,2499.191,2513.475,2466.841,2466.841,2523.694,10407488897,,-2.2527691550560447
2022-04-14,sz399006,2495.165,2498.805,2443.151,2466.293,2466.841,9238638493,,-0.022214646181073494
2022-04-15,sz399006,2443.355,2483.746,2416.704,2460.362,2466.293,10191369327,,-0.24048237577611875
2022-04-18,sz399006,2435.851,2491.596,2410.857,2487.774,2460.362,8329388289,,1.1141449916719504
2022-04-19,sz399006,2484.516,2510.406,2444.593,2453.545,2487.774,8477129265,,-1.3758886458335784
2022-04-20,sz399006,2440.295,2443.31,2357.913,2363.653,2453.545,9671038780,,-3.663759988098869
2022-04-21,sz399006,2352.215,2378.341,2298.745,2312.456,2363.653,10436306690,,-2.1660116776870186
2022-04-22,sz399006,2299.156,2321.14,2279.778,2296.595,2312.456,9514197308,,-0.6858941316072786
2022-04-25,sz399006,2240.042,2262.767,2168.897,2169.004,2296.595,12163521767,,-5.55565957428279
2022-04-26,sz399006,2172.799,2218.562,2149.596,2150.513,2169.004,11377588335,,-0.8525111064802138
2022-04-27,sz399006,2122.318,2271.171,2122.318,2269.171,2150.513,12400633165,,5.5176602047976475
2022-04-28,sz399006,2249.512,2266.433,2206.956,2227.655,2269.171,10675588639,,-1.8295668329975867
2022-04-29,sz399006,2247.696,2322.97,2221.993,2319.137,2227.655,12404934689,,4.106650266760337
2022-05-05,sz399006,2263.92,2317.166,2242.955,2288.404,2319.137,10279861280,,-1.3251912241493358
2022-05-06,sz399006,2227.682,2274.394,2222.488,2244.969,2288.404,9743867940,,-1.8980477223427328
2022-05-09,sz399006,2236.169,2263.119,2213.582,2228.073,2244.969,8980267124,,-0.7526161831187927
2022-05-10,sz399006,2192.058,2287.868,2187.438,2276.345,2228.073,10140790625,,2.1665358361238507
2022-05-11,sz399006,2280.96,2401.099,2275.271,2346.152,2276.345,13044975464,,3.06662654386749
2022-05-12,sz399006,2325.948,2367.307,2324.757,2351.271,2346.152,10129887105,,0.2181870569340827
2022-05-13,sz399006,2367.546,2373.302,2334.366,2358.161,2351.271,8712446311,,0.29303300215075545
2022-05-16,sz399006,2376.643,2395.753,2328.74,2331.23,2358.161,9216155328,,-1.1420339832606818
2022-05-17,sz399006,2335.125,2370.663,2323.07,2369.089,2331.23,9418647312,,1.6239924846540132
2022-05-18,sz399006,2373.889,2384.598,2352.916,2365.377,2369.089,9637781248,,-0.15668470032151882
2022-05-19,sz399006,2329.963,2377.314,2325.671,2377.127,2365.377,9736371194,,0.49674956677097093
2022-05-20,sz399006,2395.352,2426.575,2384.114,2417.349,2377.127,10125447308,,1.6920425370626102
2022-05-23,sz399006,2422.127,2423.791,2385.695,2410.122,2417.349,9985134662,,-0.298963864961177
2022-05-24,sz399006,2404.596,2404.596,2316.788,2318.075,2410.122,12018920186,,-3.8191842570625023
2022-05-25,sz399006,2320.78,2332.959,2303.154,2325.597,2318.075,8793485754,,0.32449338351867585
2022-05-26,sz399006,2329.434,2343.208,2283.442,2321.134,2325.597,9206406813,,-0.19190771229925518
2022-05-27,sz399006,2340.616,2377.402,2311.057,2322.482,2321.134,9121288154,,0.058075061586282395
2022-05-30,sz399006,2338.355,2359.575,2323.823,2350.385,2322.482,8463448639,,1.201430194076858
2022-05-31,sz399006,2349.789,2411.176,2323.352,2405.085,2350.385,10006882320,,2.327278296959845
2022-06-01,sz399006,2403.355,2441.388,2395.966,2428.957,2405.085,9546478382,,0.9925636723857822
2022-06-02,sz399006,2418.663,2463.345,2411.708,2458.256,2428.957,9671425742,,1.206237903758689
2022-06-06,sz399006,2456.162,2562.016,2455.951,2554.659,2458.256,11227924800,,3.9216013303740693
2022-06-07,sz399006,2555.55,2575.889,2532.781,2554.626,2554.659,11099701835,,-0.0012917575300641637
2022-06-08,sz399006,2558.154,2576.335,2507.111,2576.335,2554.626,11179554052,,0.8497917111937259
2022-06-09,sz399006,2558.326,2561.406,2491.822,2500.205,2576.335,9784077518,,-2.954972858731497
2022-06-10,sz399006,2482.312,2556.98,2481.958,2556.473,2500.205,9910252352,,2.250535456092595
2022-06-13,sz399006,2522.73,2563.24,2520.003,2546.488,2556.473,10639612306,,-0.3905771740988495
2022-06-14,sz399006,2515.511,2551.084,2461.543,2548.314,2546.488,11341814759,,0.07170660140554119
2022-06-15,sz399006,2560.644,2631.938,2550.501,2575.086,2548.314,12559606776,,1.0505769697140899
2022-06-16,sz399006,2575.964,2616.822,2574.953,2585.471,2575.086,12139945498,,0.4032875018543214
2022-06-17,sz399006,2561.396,2666.076,2559.671,2657.212,2585.471,11983597370,,2.7747748862779753
2022-06-20,sz399006,2672.768,2741.588,2672.316,2710.141,2657.212,12443440651,,1.9918997806723793
2022-06-21,sz399006,2707.98,2723.033,2664.685,2692.985,2710.141,12938861050,,-0.6330297943907714
2022-06-22,sz399006,2701.628,2721.809,2677.011,2677.285,2692.985,11793332089,,-0.5829961919580073
2022-06-23,sz399006,2693.751,2760.102,2672.579,2760.102,2677.285,12134418575,,3.093320285289014
2022-06-24,sz399006,2779.407,2824.44,2761.46,2824.44,2760.102,12526857496,,2.331000810839612
2022-06-27,sz399006,2838.58,2863.658,2819.289,2830.597,2824.44,13178086815,,0.21799011485463815
2022-06-28,sz399006,2827.352,2850.285,2771.933,2840.419,2830.597,13834711748,,0.34699393802790635
2022-06-29,sz399006,2817.117,2845.461,2764.397,2768.61,2840.419,14396565705,,-2.5281129298177385
2022-06-30,sz399006,2776.393,2834.49,2772.769,2810.601,2768.61,12318445012,,1.5166816561379193
2022-07-01,sz399006,2810.106,2822.797,2768.482,2781.943,2810.601,10977599309,,-1.019639571749953
2022-07-04,sz399006,2764.62,2834.689,2748.131,2834.689,2781.943,10914129274,,1.896012966477012
2022-07-05,sz399006,2845.74,2867.425,2780.358,2825.131,2834.689,11637428006,,-0.3371798458314146
2022-07-06,sz399006,2826.351,2858.049,2776.7,2802.715,2825.131,10510856474,,-0.7934499320562338
2022-07-07,sz399006,2814.15,2852.803,2792.179,2849.706,2802.715,10329212170,,1.6766242732493275
2022-07-08,sz399006,2868.689,2887.718,2810.647,2817.639,2849.706,11501631999,,-1.1252739756311692
2022-07-11,sz399006,2804.548,2804.798,2742.456,2767.461,2817.639,10174094369,,-1.780852692626711
2022-07-12,sz399006,2768.819,2774.12,2697.683,2702.693,2767.461,9787048361,,-2.3403401168074156
2022-07-13,sz399006,2708.096,2762.51,2674.47,2746.86,2702.693,9344557907,,1.6341848667236647
2022-07-14,sz399006,2739.917,2841.385,2736.322,2819.129,2746.86,10274644840,,2.630967723145683
2022-07-15,sz399006,2804.177,2835.011,2760.499,2760.499,2819.129,11205043376,,-2.0797203675319564
2022-07-18,sz399006,2778.404,2812.673,2736.259,2800.357,2760.499,11813025299,,1.4438693873825015
2022-07-19,sz399006,2799.377,2799.377,2736.668,2750.866,2800.357,11944190121,,-1.767310382211984
2022-07-20,sz399006,2764.245,2786.293,2754.176,2765.162,2750.866,11504637055,,0.5196908900688024
2022-07-21,sz399006,2756.317,2794.369,2741.313,2751.415,2765.162,11249270586,,-0.497149895738469
2022-07-22,sz399006,2776.985,2788.936,2714.116,2737.314,2751.415,10855937263,,-0.5124999318532497
2022-07-25,sz399006,2732.611,2736.725,2693.157,2704.945,2737.314,9796208779,,-1.1825095695999654
2022-07-26,sz399006,2708.736,2729.377,2682.21,2713.458,2704.945,9301921935,,0.3147198926410688
2022-07-27,sz399006,2710.737,2730.17,2696.198,2714.249,2713.458,10039369668,,0.029150994782289885
2022-07-28,sz399006,2734.626,2749.139,2704.05,2705.901,2714.249,12010732319,,-0.30756205491832
2022-07-29,sz399006,2716.101,2718.526,2665.653,2670.451,2705.901,11418570666,,-1.3100996673566345
2022-08-01,sz399006,2662.755,2734.642,2641.177,2733.736,2670.451,11407469539,,2.3698244229158227
2022-08-02,sz399006,2692.123,2716.04,2651.852,2678.621,2733.736,15028468233,,-2.0161054322728966
2022-08-03,sz399006,2687.248,2716.22,2620.395,2628.818,2678.621,13517121814,,-1.859277590969377
2022-08-04,sz399006,2644.997,2655.657,2610.503,2640.776,2628.818,10996658437,,0.4548812432050964
2022-08-05,sz399006,2648.055,2686.229,2637.235,2683.602,2640.776,12173668499,,1.6217202822200738
2022-08-08,sz399006,2668.987,2679.682,2647.252,2675.686,2683.602,10997389066,,-0.2949766768693629
2022-08-09,sz399006,2668.918,2698.456,2658.685,2694.8,2675.686,11177486851,,0.7143588597466222
2022-08-10,sz399006,2688.133,2692.249,2645.547,2658.585,2694.8,11219112674,,-1.3438845183316062
2022-08-11,sz399006,2672.176,2724.846,2650.877,2721.492,2658.585,13175874231,,2.366183514914888
2022-08-12,sz399006,2712.693,2717.677,2689.667,2690.831,2721.492,12390698282,,-1.1266246602966379
2022-08-15,sz399006,2688.66,2734.327,2686.823,2718.593,2690.831,10934871092,,1.0317258869100288
2022-08-16,sz399006,2725.927,2759.516,2718.172,2731.393,2718.593,11333410648,,0.47083178688387406
2022-08-17,sz399006,2739.48,2783.929,2719.222,2777.91,2731.393,11957288924,,1.703050421524832
2022-08-18,sz399006,2771.154,2797.485,2769.21,2775.821,2777.91,12092725342,,-0.07520042045998654
2022-08-19,sz399006,2779.991,2780.097,2733.049,2734.218,2775.821,13177437000,,-1.4987637891636374
2022-08-22,sz399006,2730.423,2782.667,2715.16,2779.015,2734.218,11262737485,,1.6383843570629608
2022-08-23,sz399006,2775.214,2802.05,2764.522,2780.306,2779.015,10576648564,,0.046455308805470885
2022-08-24,sz399006,2800.378,2803.43,2675.88,2679.048,2780.306,12614650192,,-3.6419732216525946
2022-08-25,sz399006,2688.862,2694.159,2634.851,2667.301,2679.048,10674653511,,-0.4384766529005768
2022-08-26,sz399006,2666.214,2677.727,2634.432,2640.291,2667.301,9542732802,,-1.012634119658773
2022-08-29,sz399006,2599.84,2641.169,2595.706,2630.505,2640.291,8983056861,,-0.37064096343926156
2022-08-30,sz399006,2630.131,2632.128,2594.784,2612.142,2630.505,9413748078,,-0.6980788859933806
2022-08-31,sz399006,2596.156,2611.646,2550.994,2570.415,2612.142,10628430712,,-1.5974246423050453
2022-09-01,sz399006,2561.935,2584.617,2531.807,2533.854,2570.415,8570086014,,-1.4223773203937973
2022-09-02,sz399006,2548.182,2552.341,2517.456,2533.023,2533.854,8576012774,,-0.03279589116025328
2022-09-05,sz399006,2528.707,2553.107,2519.894,2538.204,2533.023,7995983480,,0.2045382138259333
2022-09-06,sz399006,2541.122,2542.981,2493.428,2540.635,2538.204,8166195258,,0.09577638361613072
2022-09-07,sz399006,2525.155,2584.853,2522.375,2570.802,2540.635,8530321801,,1.187380320274256
2022-09-08,sz399006,2570.046,2572.117,2521.542,2523.006,2570.802,8087395593,,-1.859186355075193
2022-09-09,sz399006,2535.745,2551.054,2525.769,2548.216,2523.006,7005666829,,0.9992049166748007
2022-09-13,sz399006,2566.838,2569.113,2537.277,2550.625,2548.216,7014915358,,0.09453672687087522
2022-09-14,sz399006,2512.283,2527.279,2486.082,2503.824,2550.625,7054015229,,-1.8348836069590813
2022-09-15,sz399006,2512.453,2515.207,2404.436,2424.192,2503.824,9220270771,,-3.1804152368537064
2022-09-16,sz399006,2418.438,2430.23,2366.895,2367.398,2424.192,8154381875,,-2.3428012302655787
2022-09-19,sz399006,2360.58,2389.477,2339.034,2350.376,2367.398,7023882347,,-0.7190172501624126
2022-09-20,sz399006,2366.787,2397.925,2351.893,2366.904,2350.376,6160032217,,0.7032066358744204
2022-09-21,sz399006,2353.777,2358.964,2322.951,2331.516,2366.904,6364576803,,-1.495117672706625
2022-09-22,sz399006,2309.287,2348.762,2302.643,2319.419,2331.516,6268938758,,-0.5188469648074512
2022-09-23,sz399006,2320.918,2336.289,2275.292,2303.905,2319.419,6852987124,,-0.6688744034605065
2022-09-26,sz399006,2288.232,2358.477,2285.636,2323.052,2303.905,6754981035,,0.8310672532070518
2022-09-27,sz399006,2336.038,2374.737,2325.651,2374.737,2323.052,6615465753,,2.224874862895887
2022-09-28,sz399006,2367.481,2367.481,2313.77,2313.77,2374.737,6585157099,,-2.5673158754001
2022-09-29,sz399006,2343.276,2359.125,2321.559,2332.995,2313.77,6369325195,,0.8308950327819975
2022-09-30,sz399006,2335.54,2339.188,2288.195,2288.969,2332.995,5812608765,,-1.8871022012477479
2022-10-10,sz399006,2294.715,2301.236,2230.637,2236.245,2288.969,6138111209,,-2.3033951093265226
2022-10-11,sz399006,2256.342,2273.896,2245.469,2261.892,2236.245,5520996282,,1.1468779136454055
2022-10-12,sz399006,2260.678,2343.503,2234.464,2343.3,2261.892,7338882057,,3.599110832877983
2022-10-13,sz399006,2324.466,2374.615,2318.268,2350.686,2343.3,7866226060,,0.31519651773139756
2022-10-14,sz399006,2379.83,2453.043,2365.139,2434.219,2350.686,8909234576,,3.553558408056201
2022-10-17,sz399006,2419.642,2446.704,2409.523,2435.023,2434.219,9009008390,,0.033029074212298504
2022-10-18,sz399006,2446.358,2469.034,2428.147,2446.928,2435.023,8835950046,,0.4889070862985623
2022-10-19,sz399006,2440.031,2463.775,2425.727,2425.957,2446.928,8221078221,,-0.8570337991146482
2022-10-20,sz399006,2402.756,2444.413,2365.725,2401.716,2425.957,8581340292,,-0.9992345288890148
2022-10-21,sz399006,2390.413,2410.015,2381.205,2395.157,2401.716,7303672525,,-0.27309640273869284
2022-10-24,sz399006,2385.816,2412.595,2323.848,2336.838,2395.157,9129515775,,-2.434871701521024
2022-10-25,sz399006,2323.838,2344.387,2281.402,2314.551,2336.838,9441584623,,-0.9537246484352058
2022-10-26,sz399006,2324.766,2397.132,2320.27,2372.876,2314.551,10952536987,,2.5199271910621324
2022-10-27,sz399006,2377.181,2377.684,2337.253,2337.253,2372.876,11064635028,,-1.5012583885546493
2022-10-28,sz399006,2309.957,2326.491,2245.462,2250.51,2337.253,11042328885,,-3.7113226509924213
2022-10-31,sz399006,2228.618,2295.952,2227.83,2265.078,2250.51,9995767528,,0.6473199408133956
2022-11-01,sz399006,2270.035,2337.823,2251.799,2337.653,2265.078,10505712904,,3.2040839211717964
2022-11-02,sz399006,2322.983,2396.212,2320.551,2375.862,2337.653,12239105425,,1.6345026400411244
2022-11-03,sz399006,2352.56,2385.057,2349.748,2376.061,2375.862,9931751054,,0.008375907354896128
2022-11-04,sz399006,2378.42,2464.508,2377.913,2451.223,2376.061,11146087684,,3.163302625648079
2022-11-07,sz399006,2447.13,2470.636,2432.049,2454.694,2451.223,11272859373,,0.14160278359007794
2022-11-08,sz399006,2452.857,2460.989,2411.724,2432.403,2454.694,9819374381,,-0.9080968951730939
2022-11-09,sz399006,2422.171,2432.293,2398.07,2399.336,2432.403,9208156496,,-1.3594375603055875
2022-11-10,sz399006,2380.232,2393.605,2344.684,2357.125,2399.336,11085600165,,-1.7592784003574224
2022-11-11,sz399006,2443.113,2446.094,2402.94,2405.318,2357.125,14269412575,,2.0445670042954944
2022-11-14,sz399006,2406.869,2418.517,2364.441,2375.207,2405.318,11940214650,,-1.2518511065896631
2022-11-15,sz399006,2373.993,2432.455,2356.35,2431.733,2375.207,12226501840,,2.379834683882298
2022-11-16,sz399006,2427.406,2443.794,2399.698,2402.905,2431.733,11806454164,,-1.185491992747556
2022-11-17,sz399006,2389.465,2389.465,2350.996,2385.861,2402.905,11531213219,,-0.7093081083105801
2022-11-18,sz399006,2394.31,2420.379,2384.654,2389.76,2385.861,13112062838,,0.16342108781695064
2022-11-21,sz399006,2369.763,2389.643,2360.851,2387.295,2389.76,10882598275,,-0.10314843331548085
2022-11-22,sz399006,2380.708,2382.141,2334.472,2343.554,2387.295,11225187397,,-1.8322410929524802
2022-11-23,sz399006,2338.86,2357.0,2302.991,2340.337,2343.554,10529074812,,-0.1372701461114234
2022-11-24,sz399006,2349.271,2356.669,2330.371,2335.524,2340.337,8524145865,,-0.2056541429717229
2022-11-25,sz399006,2325.575,2327.281,2304.98,2309.36,2335.524,7916766913,,-1.1202625192462068
2022-11-28,sz399006,2264.83,2300.951,2261.054,2298.802,2309.36,7920617523,,-0.4571829424602436
2022-11-29,sz399006,2301.212,2347.708,2298.309,2339.793,2298.802,9402940427,,1.783146177878736
2022-11-30,sz399006,2335.952,2348.158,2323.193,2345.313,2339.793,8830504235,,0.23591830559370752
2022-12-01,sz399006,2386.081,2403.767,2380.667,2381.183,2345.313,10406645898,,1.5294333847976738
2022-12-02,sz399006,2378.4,2408.738,2369.306,2383.322,2381.183,9762394376,,0.089829299134081
2022-12-05,sz399006,2391.103,2394.432,2366.124,2377.107,2383.322,10723838835,,-0.26077047079664517
2022-12-06,sz399006,2366.107,2414.199,2365.691,2393.281,2377.107,9868926743,,0.680406897964625
2022-12-07,sz399006,2382.563,2432.106,2382.563,2414.043,2393.281,10019541355,,0.8675120054853602
2022-12-08,sz399006,2411.797,2423.161,2398.209,2411.812,2414.043,9909044943,,-0.09241757499763859
2022-12-09,sz399006,2412.16,2421.655,2391.667,2420.629,2411.812,10281299313,,0.3655757579778207
2022-12-12,sz399006,2409.444,2418.058,2399.687,2401.522,2420.629,10188989431,,-0.7893402913044523
2022-12-13,sz399006,2403.736,2404.876,2371.071,2376.205,2401.522,10239269999,,-1.054206457404927
2022-12-14,sz399006,2384.701,2391.212,2362.606,2368.079,2376.205,9416038321,,-0.3419738616827983
2022-12-15,sz399006,2365.234,2399.363,2363.342,2399.124,2368.079,8763426630,,1.3109782232771705
2022-12-16,sz399006,2381.68,2390.663,2361.893,2373.723,2399.124,9516284603,,-1.0587614479284913
2022-12-19,sz399006,2372.925,2389.298,2337.402,2346.697,2373.723,9166027170,,-1.138549021937263
2022-12-20,sz399006,2340.515,2340.732,2308.566,2310.799,2346.697,7356749842,,-1.5297245447537633
2022-12-21,sz399006,2312.523,2322.525,2293.578,2303.703,2310.799,6980026429,,-0.3070799320927575
2022-12-22,sz399006,2318.713,2328.71,2288.523,2295.32,2303.703,7606488310,,-0.3638923941150285
2022-12-23,sz399006,2282.325,2301.619,2273.038,2286.188,2295.32,7365858116,,-0.3978530226722232
2022-12-26,sz399006,2290.256,2334.975,2290.159,2331.41,2286.188,7195629850,,1.9780525486092992
2022-12-27,sz399006,2335.565,2363.148,2326.31,2359.5,2331.41,7847751098,,1.2048502837338937
2022-12-28,sz399006,2346.038,2348.85,2323.483,2338.258,2359.5,7140645804,,-0.9002754820936709
2022-12-29,sz399006,2328.734,2365.687,2327.688,2349.383,2338.258,6936587831,,0.4757815433540591
2022-12-30,sz399006,2361.966,2369.136,2346.767,2346.767,2349.383,6958561767,,-0.11134838380970624
2023-01-03,sz399006,2339.981,2361.554,2312.309,2356.424,2346.767,9365845448,,0.41150229230255686
2023-01-04,sz399006,2347.003,2352.334,2323.722,2335.122,2356.424,9027929966,,-0.903996903783022
2023-01-05,sz399006,2343.782,2405.432,2343.715,2399.458,2335.122,8590783145,,2.7551451273209793
2023-01-06,sz399006,2392.655,2442.235,2391.335,2422.141,2399.458,8557357302,,0.9453384889420935
2023-01-09,sz399006,2433.346,2455.6,2427.807,2440.366,2422.141,7838829301,,0.7524334875632643
2023-01-10,sz399006,2441.497,2478.895,2435.193,2474.005,2440.366,7200202658,,1.3784407748673733
2023-01-11,sz399006,2470.639,2480.163,2442.734,2445.971,2474.005,7368472289,,-1.1331424148294023
2023-01-12,sz399006,2455.733,2477.012,2448.759,2458.494,2445.971,7012168046,,0.5119848109401248
2023-01-13,sz399006,2475.137,2493.126,2462.874,2493.126,2458.494,6812683853,,1.4086672572721337
2023-01-16,sz399006,2490.72,2566.686,2490.72,2539.521,2493.126,8338168785,,1.8609167767694057
2023-01-17,sz399006,2540.566,2556.638,2535.18,2545.555,2539.521,6746136451,,0.23760386309070736
2023-01-18,sz399006,2548.702,2555.685,2534.427,2543.896,2545.555,6716568410,,-0.06517242801666878
2023-01-19,sz399006,2539.891,2571.438,2531.956,2571.438,2543.896,7385281033,,1.0826700462597483
2023-01-20,sz399006,2580.272,2588.89,2571.831,2585.963,2571.438,7728302294,,0.5648590399613074
2023-01-30,sz399006,2657.393,2661.281,2611.129,2613.885,2585.963,12002957555,,1.0797524945252546
2023-01-31,sz399006,2608.12,2618.282,2575.532,2580.839,2613.885,10462184695,,-1.264248427149639
2023-02-01,sz399006,2592.449,2613.689,2572.333,2613.689,2580.839,12898655493,,1.2728418936632568
2023-02-02,sz399006,2619.793,2631.858,2598.122,2602.316,2613.689,13660870209,,-0.43513210638297384
2023-02-03,sz399006,2592.843,2605.995,2551.826,2580.111,2602.316,12309943194,,-0.853278387405676
2023-02-06,sz399006,2560.46,2560.46,2523.709,2544.091,2580.111,12652245075,,-1.3960639677905284
2023-02-07,sz399006,2551.133,2557.382,2522.546,2537.969,2544.091,13528086560,,-0.24063604643072
2023-02-08,sz399006,2542.244,2550.375,2522.526,2525.877,2537.969,12710467882,,-0.4764439597173986
2023-02-09,sz399006,2520.83,2569.99,2515.51,2569.733,2525.877,13622555874,,1.7362682347557001
2023-02-10,sz399006,2567.086,2571.198,2531.871,2545.156,2569.733,13819402899,,-0.9564028636438238
2023-02-13,sz399006,2546.145,2576.04,2540.847,2573.181,2545.156,13684963855,,1.1011112874810047
2023-02-14,sz399006,2585.967,2586.181,2551.47,2565.155,2573.181,12597304069,,-0.31190965579179775
2023-02-15,sz399006,2564.54,2574.581,2543.635,2547.198,2565.155,14035388940,,-0.7000356703591115
2023-02-16,sz399006,2549.427,2567.293,2495.159,2512.499,2547.198,17575855302,,-1.3622419615593295
2023-02-17,sz399006,2508.259,2513.206,2449.351,2449.351,2512.499,13568793011,,-2.513354234170828
2023-02-20,sz399006,2445.643,2481.572,2424.63,2480.794,2449.351,11768567908,,1.2837278119795625
2023-02-21,sz399006,2473.599,2480.346,2452.84,2469.807,2480.794,11555069922,,-0.44288239974782373
2023-02-22,sz399006,2452.387,2470.495,2446.194,2451.898,2469.807,10386755698,,-0.725117387714902
2023-02-23,sz399006,2450.962,2470.398,2446.413,2457.482,2451.898,10869528840,,0.22774193706263102
2023-02-24,sz399006,2457.532,2458.291,2425.66,2428.936,2457.482,9577546158,,-1.1615954867624567
2023-02-27,sz399006,2416.428,2432.388,2403.655,2409.794,2428.936,9558140366,,-0.7880816950302627
2023-02-28,sz399006,2417.575,2432.323,2407.756,2429.027,2409.794,10090406363,,0.7981180134069676
2023-03-01,sz399006,2428.1,2449.445,2415.947,2443.946,2429.027,13033677088,,0.614196548659196
2023-03-02,sz399006,2438.582,2442.191,2415.124,2418.598,2443.946,13129803749,,-1.037175125800649
2023-03-03,sz399006,2423.672,2434.125,2405.296,2422.437,2418.598,11116052148,,0.15872832111827329
2023-03-06,sz399006,2421.425,2435.902,2393.919,2431.556,2422.437,10438089211,,0.37643909831297506
2023-03-07,sz399006,2423.026,2430.645,2383.504,2383.731,2431.556,11210705138,,-1.9668475659207485
2023-03-08,sz399006,2375.866,2390.066,2366.246,2377.584,2383.731,9392376272,,-0.25787305698505847
2023-03-09,sz399006,2377.975,2386.901,2365.862,2372.68,2377.584,11716153561,,-0.2062597998640614
2023-03-10,sz399006,2366.59,2388.612,2354.023,2370.358,2372.68,12766955112,,-0.09786401874671835
2023-03-13,sz399006,2359.721,2374.969,2345.989,2357.068,2370.358,12732621660,,-0.5606748010216211
2023-03-14,sz399006,2353.21,2356.896,2308.932,2343.11,2357.068,13650216657,,-0.5921763818438897
2023-03-15,sz399006,2359.222,2375.285,2335.594,2337.463,2343.11,11405070486,,-0.2410044769558417
2023-03-16,sz399006,2320.383,2333.311,2298.44,2302.049,2337.463,11679601424,,-1.5150614148758845
2023-03-17,sz399006,2320.198,2324.831,2289.28,2293.67,2302.049,14064456348,,-0.36398008904241497
2023-03-20,sz399006,2291.385,2317.636,2280.136,2291.918,2293.67,15012082724,,-0.07638413546848799
2023-03-21,sz399006,2298.281,2337.371,2298.281,2337.257,2291.918,13237525605,,1.9782121349891213
2023-03-22,sz399006,2348.523,2358.63,2330.819,2341.923,2337.257,15933547604,,0.19963572683705522
2023-03-23,sz399006,2330.981,2361.409,2327.386,2361.409,2341.923,14968263315,,0.8320512672705505
2023-03-24,sz399006,2366.432,2373.774,2355.744,2370.38,2361.409,16502982145,,0.37990030528383123
2023-03-27,sz399006,2363.007,2399.438,2363.007,2398.015,2370.38,17496042304,,1.165846826247252
2023-03-28,sz399006,2389.849,2389.919,2364.628,2369.172,2398.015,15132062682,,-1.202786471310635
2023-03-29,sz399006,2371.298,2381.997,2367.382,2371.19,2369.172,13964539043,,0.0851774375182579
2023-03-30,sz399006,2370.733,2384.959,2362.658,2383.038,2371.19,12673556322,,0.49966472530669215
2023-03-31,sz399006,2386.861,2402.55,2385.415,2399.502,2383.038,13863571403,,0.6908828142899948
2023-04-03,sz399006,2406.137,2442.967,2406.137,2440.207,2399.502,17961460494,,1.696393668352858
2023-04-04,sz399006,2441.427,2442.574,2407.484,2421.655,2440.207,18111865246,,-0.7602633710992457
2023-04-06,sz399006,2404.262,2428.801,2402.304,2426.567,2421.655,16454605846,,0.20283648992114323
2023-04-07,sz399006,2421.751,2454.044,2421.061,2446.945,2426.567,15856176911,,0.8397872385143446
2023-04-10,sz399006,2457.193,2461.297,2432.049,2443.521,2446.945,16629821707,,-0.13992958566702018
2023-04-11,sz399006,2449.272,2463.272,2426.666,2439.396,2443.521,14586941913,,-0.16881377323951785
2023-04-12,sz399006,2436.893,2440.327,2417.279,2429.293,2439.396,16391801027,,-0.4141598985978545
2023-04-13,sz399006,2418.271,2426.834,2403.916,2405.76,2429.293,17031968041,,-0.9687180591225419
2023-04-14,sz399006,2409.775,2432.363,2409.602,2428.09,2405.76,15252092627,,0.9281890130353743
2023-04-17,sz399006,2420.012,2440.73,2420.012,2434.442,2428.09,13807013991,,0.2616048004810301
2023-04-18,sz399006,2428.183,2443.771,2423.93,2431.1,2434.442,12992223709,,-0.13727991876578693
2023-04-19,sz399006,2429.327,2429.327,2413.336,2415.76,2431.1,13936065325,,-0.6309900867919715
2023-04-20,sz399006,2414.009,2414.009,2378.055,2386.674,2415.76,14935868912,,-1.2040103321522055
2023-04-21,sz399006,2393.192,2400.789,2340.615,2341.191,2386.674,16890525180,,-1.9057064349802366
2023-04-24,sz399006,2337.381,2340.259,2288.785,2301.238,2341.191,15142569558,,-1.7065245851363708
2023-04-25,sz399006,2302.859,2305.916,2243.833,2259.193,2301.238,17121368168,,-1.827060043333184
2023-04-26,sz399006,2249.533,2306.658,2247.947,2294.057,2259.193,16782038060,,1.5432059146783583
2023-04-27,sz399006,2283.632,2315.321,2281.603,2307.271,2294.057,15902928143,,0.5760100991387906
2023-04-28,sz399006,2309.35,2328.887,2303.308,2324.715,2307.271,16734336991,,0.756044695226521
2023-05-04,sz399006,2316.333,2319.828,2290.917,2297.67,2324.715,16656855659,,-1.1633684129022326
2023-05-05,sz399006,2291.24,2293.837,2260.636,2267.632,2297.67,15149714053,,-1.3073243764335163
2023-05-08,sz399006,2274.717,2277.226,2251.772,2273.4,2267.632,14863441147,,0.25436225983757055
2023-05-09,sz399006,2270.762,2277.288,2245.719,2245.823,2273.4,15436591364,,-1.213028943432759
2023-05-10,sz399006,2241.436,2273.677,2228.18,2262.217,2245.823,13786573877,,0.7299773846825897
2023-05-11,sz399006,2264.901,2296.451,2264.859,2276.571,2262.217,13473711858,,0.6345103055984458
2023-05-12,sz399006,2277.423,2287.474,2251.757,2252.38,2276.571,12952243157,,-1.0626068767457642
2023-05-15,sz399006,2259.169,2299.93,2257.823,2299.93,2252.38,12893653253,,2.111100258393339
2023-05-16,sz399006,2300.796,2307.171,2286.228,2294.192,2299.93,12810385288,,-0.24948585391728617
2023-05-17,sz399006,2293.549,2300.287,2281.166,2293.644,2294.192,12606126188,,-0.023886405322670612
2023-05-18,sz399006,2299.63,2300.616,2264.836,2277.974,2293.644,14853035987,,-0.6831923349918112
2023-05-19,sz399006,2275.804,2293.098,2270.389,2278.585,2277.974,13478497432,,0.026822079619859274
2023-05-22,sz399006,2278.708,2291.331,2265.756,2280.151,2278.585,12192369512,,0.06872686338230682
2023-05-23,sz399006,2282.9,2284.075,2253.331,2253.331,2280.151,12429145774,,-1.1762378895081804
2023-05-24,sz399006,2245.471,2268.862,2239.898,2245.257,2253.331,12397701967,,-0.35831398050264474
2023-05-25,sz399006,2245.311,2257.221,2228.844,2244.184,2245.257,14087041055,,-0.04778962942771914
2023-05-26,sz399006,2244.342,2244.342,2215.286,2229.268,2244.184,13467485877,,-0.664651383309045
2023-05-29,sz399006,2236.981,2238.401,2196.064,2203.842,2229.268,14588364342,,-1.1405537602477533
2023-05-30,sz399006,2200.801,2218.603,2180.7,2218.603,2203.842,15180316659,,0.6697848575351495
2023-05-31,sz399006,2215.272,2215.492,2183.421,2193.408,2218.603,15019960872,,-1.1356245348987715
2023-06-01,sz399006,2191.801,2225.125,2184.916,2206.426,2193.408,16276989982,,0.5935056314192444
2023-06-02,sz399006,2213.773,2240.566,2211.982,2233.275,2206.426,14717787286,,1.2168547687527287
2023-06-05,sz399006,2226.203,2226.591,2195.663,2202.136,2233.275,13174330134,,-1.3943200008955547
2023-06-06,sz399006,2196.978,2197.576,2162.715,2164.811,2202.136,14725182078,,-1.6949452713183821
2023-06-07,sz399006,2159.163,2162.564,2124.525,2129.898,2164.811,12460510246,,-1.6127504895346534
2023-06-08,sz399006,2136.021,2139.959,2118.331,2123.961,2129.898,13006377710,,-0.2787457427538942
2023-06-09,sz399006,2122.16,2143.009,2118.792,2143.009,2123.961,14677846357,,0.8968149603500342
2023-06-12,sz399006,2135.882,2162.528,2131.118,2152.422,2143.009,13905856012,,0.4392422057023504
2023-06-13,sz399006,2148.395,2169.656,2147.563,2166.962,2152.422,14396900695,,0.6755180907833003
2023-06-14,sz399006,2175.916,2177.804,2163.34,2163.34,2166.962,15104790067,,-0.1671464474226947
2023-06-15,sz399006,2174.535,2237.74,2174.535,2237.74,2163.34,15688835762,,3.439126535819592
2023-06-16,sz399006,2243.537,2272.016,2234.476,2270.064,2237.74,15089014482,,1.444493104650224
2023-06-19,sz399006,2271.762,2276.557,2257.638,2265.185,2270.064,15820729854,,-0.21492786106470652
2023-06-20,sz399006,2264.183,2277.33,2257.878,2271.419,2265.185,15920109936,,0.27520930961488776
2023-06-21,sz399006,2260.505,2266.76,2211.836,2211.836,2271.419,15334703647,,-2.6231619969719455
2023-06-26,sz399006,2185.149,2212.412,2171.586,2186.253,2211.836,14025332828,,-1.1566409082770845
2023-06-27,sz399006,2186.161,2205.563,2179.317,2191.828,2186.253,11707618072,,0.2550025088587482
2023-06-28,sz399006,2184.989,2189.02,2160.193,2182.095,2191.828,13528544152,,-0.4440585666393604
2023-06-29,sz399006,2178.882,2194.251,2178.434,2180.063,2182.095,12721122456,,-0.09312151854065087
2023-06-30,sz399006,2178.533,2227.995,2171.42,2215.001,2180.063,13127743372,,1.6026142363775753
2023-07-03,sz399006,2223.33,2239.432,2215.357,2228.211,2215.001,13838138250,,0.5963879926013327
2023-07-04,sz399006,2222.327,2234.865,2215.766,2232.75,2228.211,12580122063,,0.20370602245478597
2023-07-05,sz399006,2235.2,2239.928,2209.106,2212.415,2232.75,12173545268,,-0.9107602732056908
2023-07-06,sz399006,2206.301,2218.394,2190.031,2192.187,2212.415,11618302561,,-0.9142950124637617
2023-07-07,sz399006,2185.725,2186.037,2169.208,2169.208,2192.187,11635878329,,-1.0482226196943834
2023-07-10,sz399006,2174.332,2213.761,2174.332,2198.865,2169.208,10855577184,,1.3671810172191767
2023-07-11,sz399006,2202.934,2217.657,2194.166,2216.779,2198.865,10886495905,,0.8146930348156944
2023-07-12,sz399006,2216.03,2217.75,2194.614,2196.852,2216.779,13145050923,,-0.8989168518828472
2023-07-13,sz399006,2208.224,2238.674,2208.224,2237.515,2196.852,13082841402,,1.8509667469633895
2023-07-14,sz399006,2237.245,2239.425,2221.785,2224.096,2237.515,13522733370,,-0.5997278230536973
2023-07-17,sz399006,2212.763,2214.425,2198.266,2207.445,2224.096,11960954534,,-0.748663726745602
2023-07-18,sz399006,2215.054,2215.249,2196.229,2200.619,2207.445,11126196053,,-0.30922627743840136
2023-07-19,sz399006,2196.588,2201.43,2170.33,2177.247,2200.619,10238138921,,-1.0620648099466723
2023-07-20,sz399006,2180.714,2199.642,2153.978,2155.647,2177.247,11705385323,,-0.9920785285270739
2023-07-21,sz399006,2151.851,2177.801,2151.066,2163.117,2155.647,11059380066,,0.34653169094940317
2023-07-24,sz399006,2148.286,2167.188,2142.909,2146.929,2163.117,9213966195,,-0.7483645128765648
2023-07-25,sz399006,2183.047,2195.751,2169.723,2192.897,2146.929,11841621869,,2.141104805980998
2023-07-26,sz399006,2185.811,2194.539,2180.204,2191.169,2192.897,11515585465,,-0.0787998706733628
2023-07-27,sz399006,2199.481,2205.716,2180.693,2184.096,2191.169,11108492257,,-0.32279573141094087
2023-07-28,sz399006,2176.486,2224.027,2172.372,2219.538,2184.096,12456779083,,1.6227308689727993
2023-07-31,sz399006,2233.264,2256.054,2230.134,2236.673,2219.538,14374011873,,0.7720075078687438
2023-08-01,sz399006,2234.615,2249.384,2215.577,2223.796,2236.673,12434389881,,-0.5757211715793908
2023-08-02,sz399006,2220.77,2231.868,2213.041,2218.565,2223.796,10590645699,,-0.23522841123915228
2023-08-03,sz399006,2214.088,2242.573,2214.088,2241.983,2218.565,10335933479,,1.055547166749693
2023-08-04,sz399006,2263.404,2282.648,2247.9,2263.373,2241.983,13503220959,,0.9540661102247272
2023-08-07,sz399006,2252.435,2255.999,2234.041,2240.775,2263.373,12109259390,,-0.998421382600212
2023-08-08,sz399006,2238.663,2244.897,2226.239,2228.909,2240.775,11434137582,,-0.5295489283841492
2023-08-09,sz399006,2222.51,2241.874,2222.51,2228.731,2228.909,11321718205,,-0.007985969817514427
2023-08-10,sz399006,2226.913,2241.85,2220.832,2239.306,2228.731,10240798460,,0.47448525640823025
2023-08-11,sz399006,2241.481,2241.481,2187.036,2187.036,2239.306,10873884438,,-2.334205329686967
2023-08-14,sz399006,2163.28,2170.221,2139.973,2164.693,2187.036,10204748274,,-1.0216109839984222
2023-08-15,sz399006,2164.82,2171.564,2130.382,2148.674,2164.693,10008744870,,-0.7400125560529935
2023-08-16,sz399006,2140.006,2158.004,2132.888,2132.969,2148.674,10059962851,,-0.7309159044135982
2023-08-17,sz399006,2130.54,2151.227,2113.304,2147.061,2132.969,10862412231,,0.6606753309588598
2023-08-18,sz399006,2145.796,2156.173,2118.925,2118.925,2147.061,11352980757,,-1.3104425072226644
2023-08-21,sz399006,2108.7,2115.02,2084.969,2084.969,2118.925,9967575162,,-1.6025107070802513
2023-08-22,sz399006,2099.842,2104.736,2049.091,2086.941,2084.969,12229244318,,0.0945817419827133
2023-08-23,sz399006,2081.214,2081.214,2038.976,2038.976,2086.941,11059923832,,-2.2983400105704765
2023-08-24,sz399006,2050.534,2083.644,2042.58,2064.573,2038.976,12847744839,,1.2553850560281132
2023-08-25,sz399006,2053.648,2059.149,2032.582,2040.399,2064.573,13771607667,,-1.1708958704778172
2023-08-28,sz399006,2182.386,2182.386,2055.61,2060.044,2040.399,17146028935,,0.9628018833571339
2023-08-29,sz399006,2054.976,2133.597,2054.976,2118.194,2060.044,16568480189,,2.8227552421210556
2023-08-30,sz399006,2122.649,2141.599,2110.874,2117.125,2118.194,15849456755,,-0.05046752091639739
2023-08-31,sz399006,2111.021,2117.402,2100.727,2102.575,2117.125,12543690469,,-0.6872527602290956
2023-09-01,sz399006,2108.077,2118.511,2093.099,2100.258,2102.575,10802689501,,-0.11019820933855229
2023-09-04,sz399006,2110.169,2120.977,2088.994,2118.034,2100.258,12036186344,,0.8463722076049951
2023-09-05,sz399006,2113.595,2122.624,2107.861,2111.327,2118.034,12931906318,,-0.31666158333624184
2023-09-06,sz399006,2103.297,2105.1,2089.453,2101.398,2111.327,13477980827,,-0.47027296103351324
2023-09-07,sz399006,2096.615,2097.284,2056.98,2056.98,2101.398,13767550881,,-2.113735713082443
2023-09-08,sz399006,2047.6,2057.123,2038.571,2049.765,2056.98,13078741309,,-0.3507569349240236
2023-09-11,sz399006,2048.95,2076.903,2041.765,2063.189,2049.765,13859328746,,0.6549043426929524
2023-09-12,sz399006,2060.62,2063.925,2049.482,2051.039,2063.189,12153079334,,-0.5888941827432936
2023-09-13,sz399006,2045.314,2053.455,2015.394,2027.729,2051.039,12360496945,,-1.1364971607073393
2023-09-14,sz399006,2021.597,2024.859,2002.431,2011.883,2027.729,11042111423,,-0.7814653733314469
2023-09-15,sz399006,2009.327,2022.944,1996.122,2002.728,2011.883,10671293395,,-0.45504634215807194
2023-09-18,sz399006,1994.868,2033.146,1993.679,2020.467,2002.728,10542289060,,0.8857418481191592
2023-09-19,sz399006,2017.89,2017.89,1995.241,2002.665,2020.467,9906011077,,-0.881083432691554
2023-09-20,sz399006,2000.719,2001.504,1987.296,1987.296,2002.665,9033460418,,-0.767427402985521
2023-09-21,sz399006,1983.02,1990.328,1967.607,1967.607,1987.296,9224867867,,-0.9907432008115613
2023-09-22,sz399006,1965.692,2013.955,1963.233,2013.344,1967.607,11925254760,,2.3244987439056786
2023-09-25,sz399006,2015.316,2015.316,2000.812,2005.255,2013.344,11748422109,,-0.40176939459922734
2023-09-26,sz399006,2000.231,2007.91,1989.65,1989.828,2005.255,11087291796,,-0.7693285891320567
2023-09-27,sz399006,1994.013,2027.818,1990.158,2006.224,1989.828,11658266128,,0.8239908172967603
2023-09-28,sz399006,2013.621,2019.287,1995.559,2003.908,2006.224,12042498547,,-0.11544074839100471
2023-10-09,sz399006,2000.134,2006.428,1977.774,1998.607,2003.908,13415318503,,-0.26453310231806526
2023-10-10,sz399006,2004.947,2014.297,1987.351,1987.938,1998.607,13974544945,,-0.5338218068884903
2023-10-11,sz399006,2000.515,2021.107,1996.82,2003.902,1987.938,14837112333,,0.803043153257299
2023-10-12,sz399006,2015.546,2022.361,2001.906,2019.102,2003.902,13624705064,,0.7585201272317654
2023-10-13,sz399006,2004.205,2005.719,1986.188,1996.601,2019.102,14113785571,,-1.1144063053773356
2023-10-16,sz399006,1993.907,1994.264,1949.326,1956.723,1996.601,14035802335,,-1.997294401835925
2023-10-17,sz399006,1963.828,1969.47,1950.332,1961.886,1956.723,12895399921,,0.26385952431693394
2023-10-18,sz399006,1952.996,1952.996,1934.844,1938.435,1961.886,13083268125,,-1.1953293922276842
2023-10-19,sz399006,1925.533,1936.216,1913.425,1913.702,1938.435,13424396822,,-1.2759261981959646
2023-10-20,sz399006,1899.985,1922.933,1893.95,1896.946,1913.702,12406771529,,-0.8755804195219596
2023-10-23,sz399006,1891.485,1891.485,1854.445,1864.909,1896.946,12623196366,,-1.6888725351169587
2023-10-24,sz399006,1872.291,1890.099,1859.864,1880.814,1864.909,13651282901,,0.8528566273206861
2023-10-25,sz399006,1890.484,1894.535,1863.768,1863.796,1880.814,15174534645,,-0.9048209977169486
2023-10-26,sz399006,1851.193,1877.448,1840.258,1875.858,1863.796,15525630401,,0.6471738323292842
2023-10-27,sz399006,1868.226,1937.313,1863.527,1929.909,1875.858,17262581242,,2.8814014706870283
2023-10-30,sz399006,1933.789,1983.465,1931.701,1977.686,1929.909,16898044614,,2.4756089535827863
2023-10-31,sz399006,1974.8,1975.395,1958.352,1968.226,1977.686,15886551014,,-0.4783368037190816
2023-11-01,sz399006,1969.078,1971.413,1949.994,1959.127,1968.226,13878258170,,-0.46229447228114395
2023-11-02,sz399006,1964.43,1973.229,1939.412,1939.705,1959.127,14562587936,,-0.9913599271512252
2023-11-03,sz399006,1943.214,1975.52,1943.214,1968.213,1939.705,14749044984,,1.469708022611682
2023-11-06,sz399006,1984.332,2034.569,1984.332,2032.335,1968.213,17563397496,,3.2578791014996833
2023-11-07,sz399006,2025.103,2031.792,2012.058,2022.766,2032.335,17347538162,,-0.47083773098430814
2023-11-08,sz399006,2016.603,2035.911,2010.019,2023.13,2022.766,19609419055,,0.01799516108140775
2023-11-09,sz399006,2019.686,2035.423,2013.509,2018.385,2023.13,17429252930,,-0.23453757296861832
2023-11-10,sz399006,2006.087,2011.933,2000.489,2005.235,2018.385,14476367375,,-0.6515109852679335
2023-11-13,sz399006,2018.827,2022.845,1998.024,2009.214,2005.235,15452093409,,0.19843060788387046
2023-11-14,sz399006,2008.293,2024.656,1995.761,2004.813,2009.214,15463688481,,-0.21904087867195
2023-11-15,sz399006,2032.262,2033.389,2008.482,2015.364,2004.813,16340058140,,0.5262834987602272
2023-11-16,sz399006,2012.198,2012.198,1978.118,1978.118,2015.364,15328492208,,-1.8481028737240557
2023-11-17,sz399006,1971.223,1986.665,1971.223,1986.526,1978.118,14370069570,,0.42505047727183776
2023-11-20,sz399006,1987.854,1998.098,1969.919,1992.97,1986.526,16206868841,,0.3243853843342581
2023-11-21,sz399006,2001.069,2014.594,1981.285,1984.271,1992.97,17801649357,,-0.43648424211102377
2023-11-22,sz399006,1973.661,1980.015,1950.008,1950.008,1984.271,15677683710,,-1.7267298670393227
2023-11-23,sz399006,1945.901,1961.351,1940.209,1961.351,1950.008,13784032325,,0.5816899212721216
2023-11-24,sz399006,1960.376,1960.376,1935.002,1937.94,1961.351,14548033528,,-1.193616033030298
2023-11-27,sz399006,1936.612,1936.612,1916.55,1926.201,1937.94,13546900938,,-0.6057463079352288
2023-11-28,sz399006,1923.357,1938.729,1918.352,1938.423,1926.201,12460617446,,0.6345132205828996
2023-11-29,sz399006,1934.554,1937.848,1917.219,1917.903,1938.423,12125665201,,-1.0585924743980013
2023-11-30,sz399006,1915.045,1932.826,1912.172,1922.591,1917.903,12259673144,,0.2444336340263309
2023-12-01,sz399006,1922.37,1934.091,1904.646,1926.284,1922.591,13843008829,,0.19208453592054475
2023-12-04,sz399006,1923.216,1926.166,1908.534,1908.917,1926.284,14136931440,,-0.9015804523113014
2023-12-05,sz399006,1900.986,1905.728,1870.982,1871.096,1908.917,13180136733,,-1.9812804852175292
2023-12-06,sz399006,1867.5,1898.601,1866.904,1881.942,1871.096,13390051194,,0.5796602632895276
2023-12-07,sz399006,1877.032,1888.751,1864.237,1877.212,1881.942,13614396985,,-0.2513361198166586
2023-12-08,sz399006,1881.104,1896.78,1870.882,1892.178,1877.212,14816516950,,0.7972461288336063
2023-12-11,sz399006,1880.578,1919.835,1866.093,1915.737,1892.178,13483863870,,1.2450731379394453
2023-12-12,sz399006,1909.598,1913.292,1899.564,1903.871,1915.737,12145861102,,-0.6193960862059922
2023-12-13,sz399006,1899.339,1899.934,1871.775,1872.341,1903.871,11899321429,,-1.6560995991850347
2023-12-14,sz399006,1884.546,1895.599,1859.249,1860.513,1872.341,11178664619,,-0.6317225334487642
2023-12-15,sz399006,1869.514,1877.775,1844.181,1848.501,1860.513,10765898804,,-0.6456283831394849
2023-12-18,sz399006,1839.316,1845.969,1814.93,1819.995,1848.501,10105358970,,-1.542114394311933
2023-12-19,sz399006,1818.875,1837.944,1813.601,1827.672,1819.995,9312253514,,0.4218143456438117
2023-12-20,sz399006,1830.721,1832.313,1802.355,1802.881,1827.672,10059199471,,-1.3564250040488668
2023-12-21,sz399006,1795.274,1840.965,1792.376,1832.616,1802.881,11119992895,,1.6493046407388912
2023-12-22,sz399006,1827.684,1848.317,1812.765,1825.842,1832.616,13002559204,,-0.3696355373957183
2023-12-25,sz399006,1820.252,1838.129,1820.22,1831.569,1825.842,9261320156,,0.3136635042900737
2023-12-26,sz399006,1828.559,1829.871,1801.379,1808.5,1831.569,9464989954,,-1.2595212083192031
2023-12-27,sz399006,1813.053,1818.05,1796.695,1809.832,1808.5,9551734737,,0.07365219795412159
2023-12-28,sz399006,1806.787,1887.147,1804.697,1879.496,1809.832,12170714103,,3.8491970525440955
2023-12-29,sz399006,1879.535,1897.672,1878.042,1891.366,1879.496,12243719957,,0.6315522884858371
2024-01-02,sz399006,1889.023,1889.023,1855.727,1855.922,1891.366,11595394570,,-1.87398948696339
2024-01-03,sz399006,1850.161,1856.439,1825.545,1834.732,1855.922,10753667822,,-1.141750569258837
2024-01-04,sz399006,1831.295,1831.383,1794.002,1801.761,1834.732,9399127020,,-1.7970471981739067
2024-01-05,sz399006,1798.817,1815.073,1765.724,1775.577,1801.761,10169629728,,-1.4532449087309551
2024-01-08,sz399006,1769.325,1779.378,1744.238,1744.411,1775.577,8996973808,,-1.7552604026747298
2024-01-09,sz399006,1749.765,1774.319,1737.995,1750.775,1744.411,9976519251,,0.36482228098768665
2024-01-10,sz399006,1741.126,1771.68,1726.556,1743.198,1750.775,9860194078,,-0.432779768959457
2024-01-11,sz399006,1744.301,1790.327,1739.158,1777.272,1743.198,10495536571,,1.9546832889895338
2024-01-12,sz399006,1770.968,1785.513,1760.875,1761.16,1777.272,10231773981,,-0.9065579157270132
2024-01-15,sz399006,1751.524,1766.258,1738.543,1745.609,1761.16,8619686304,,-0.8829975697835613
2024-01-16,sz399006,1741.368,1755.384,1724.636,1752.23,1745.609,9626025853,,0.379294561382304
2024-01-17,sz399006,1747.772,1747.772,1699.62,1699.62,1752.23,8629963845,,-3.0024597227533034
2024-01-18,sz399006,1685.937,1735.092,1678.434,1732.358,1699.62,12094122741,,1.9261952671773663
2024-01-19,sz399006,1726.547,1743.302,1714.507,1715.436,1732.358,9410327742,,-0.9768188792385835
2024-01-22,sz399006,1710.29,1714.928,1657.354,1666.88,1715.436,11773259633,,-2.8305340449891303
2024-01-23,sz399006,1663.982,1700.568,1655.203,1687.614,1666.88,10646550151,,1.2438807832597432
2024-01-24,sz399006,1696.561,1700.774,1642.163,1696.188,1687.614,11423779821,,0.508054566980376
2024-01-25,sz399006,1686.547,1720.851,1672.068,1720.783,1696.188,12286814240,,1.4500161538697265
2024-01-26,sz399006,1703.475,1714.534,1679.341,1682.478,1720.783,11735174665,,-2.2260215262470573
2024-01-29,sz399006,1680.15,1685.602,1623.812,1623.812,1682.478,11052971075,,-3.4868806605495073
2024-01-30,sz399006,1613.463,1631.529,1582.422,1583.771,1623.812,9533713989,,-2.4658642749283755
2024-01-31,sz399006,1585.214,1601.887,1573.164,1573.372,1583.771,13011629546,,-0.6565974500101324
2024-02-01,sz399006,1567.832,1616.402,1563.377,1589.037,1573.372,11866309271,,0.9956323107313425
2024-02-02,sz399006,1585.957,1595.983,1512.062,1550.374,1589.037,13968097378,,-2.433108857754729
2024-02-05,sz399006,1534.189,1600.33,1482.986,1562.61,1550.374,18479132936,,0.7892289215376325
2024-02-06,sz399006,1544.96,1668.892,1544.497,1667.445,1562.61,18371612237,,6.708967688674727
2024-02-07,sz399006,1663.177,1711.417,1658.465,1707.02,1667.445,18908813242,,2.3733916261106103
2024-02-08,sz399006,1716.628,1764.391,1713.769,1726.859,1707.02,19233788192,,1.1622007943667967
2024-02-19,sz399006,1752.863,1752.863,1722.839,1746.422,1726.859,18244883321,,1.1328660880824737
2024-02-20,sz399006,1739.035,1749.27,1722.491,1746.176,1746.422,14786814760,,-0.014085942572872323
2024-02-21,sz399006,1728.452,1783.812,1724.291,1752.478,1746.176,17750909315,,0.3609029101304895
2024-02-22,sz399006,1752.793,1761.121,1742.145,1757.869,1752.478,15624221446,,0.3076215507412883
2024-02-23,sz399006,1766.957,1767.263,1742.492,1758.193,1757.869,18445976150,,0.01843140757360473
2024-02-26,sz399006,1752.756,1768.095,1738.334,1751.703,1758.193,19243744760,,-0.369128986408207
2024-02-27,sz399006,1743.49,1793.979,1740.833,1793.979,1751.703,18662735211,,2.4134228233895882
2024-02-28,sz399006,1799.608,1829.143,1748.97,1748.97,1793.979,26146093654,,-2.5088922445580475
2024-02-29,sz399006,1739.973,1809.663,1739.973,1807.034,1748.97,18685982719,,3.319896853576676
2024-03-01,sz399006,1808.196,1830.939,1795.851,1824.035,1807.034,17922315519,,0.9408234709474161
2024-03-04,sz399006,1827.129,1847.247,1817.659,1834.833,1824.035,17918212765,,0.5919842546880938
2024-03-05,sz399006,1818.594,1843.08,1813.266,1833.661,1834.833,17027583967,,-0.06387502295849279
2024-03-06,sz399006,1822.539,1855.613,1810.898,1832.58,1833.661,15030689911,,-0.05895309983688923
2024-03-07,sz399006,1830.258,1838.714,1789.866,1789.936,1832.58,16477103214,,-2.326992546028006
2024-03-08,sz399006,1793.511,1813.099,1779.768,1807.294,1789.936,13711512013,,0.969755343207801
2024-03-11,sz399006,1817.072,1890.869,1812.786,1890.41,1807.294,16052989215,,4.598919710904803
2024-03-12,sz399006,1896.451,1915.094,1885.639,1906.037,1890.41,18520382127,,0.8266460714871249
2024-03-13,sz399006,1911.981,1911.981,1890.658,1895.147,1906.037,18174546447,,-0.5713425290275076
2024-03-14,sz399006,1895.726,1912.113,1870.016,1883.021,1895.147,16397645489,,-0.6398448247022515
2024-03-15,sz399006,1877.569,1886.951,1848.224,1884.088,1883.021,14867233884,,0.05666426449837392
2024-03-18,sz399006,1906.116,1926.396,1902.133,1926.396,1884.088,17879297720,,2.245542671042955
2024-03-19,sz399006,1917.921,1925.695,1906.938,1906.938,1926.396,17310343538,,-1.0100726953336636
2024-03-20,sz399006,1898.184,1915.465,1897.6,1909.245,1906.938,17306347600,,0.12097928721330753
2024-03-21,sz399006,1912.809,1920.554,1897.047,1897.094,1909.245,18896118564,,-0.636429583421716
2024-03-22,sz399006,1893.14,1897.308,1860.354,1869.175,1897.094,20089479157,,-1.4716719361296815
2024-03-25,sz399006,1864.532,1871.064,1833.103,1833.441,1869.175,17940217662,,-1.91175251113459
2024-03-26,sz399006,1832.655,1856.204,1829.477,1841.535,1833.441,16373693927,,0.441464983056461
2024-03-27,sz399006,1840.193,1840.193,1789.819,1789.819,1841.535,16045045839,,-2.8083093723442754
2024-03-28,sz399006,1790.58,1829.473,1787.964,1806.897,1789.819,16655723446,,0.9541746958770636
2024-03-29,sz399006,1806.672,1822.749,1800.203,1818.203,1806.897,15479127806,,0.6257135852237417
2024-04-01,sz399006,1833.492,1872.118,1833.492,1872.118,1818.203,16204739569,,2.9652904543661984
2024-04-02,sz399006,1869.323,1869.958,1851.25,1860.494,1872.118,16803084174,,-0.6209010329477072
2024-04-03,sz399006,1853.558,1853.872,1839.206,1840.412,1860.494,15206556459,,-1.079390742458719
2024-04-08,sz399006,1834.453,1840.55,1807.048,1807.048,1840.412,14132602171,,-1.8128549476964961
2024-04-09,sz399006,1807.478,1827.676,1801.708,1827.579,1807.048,12354462173,,1.1361624040977292
2024-04-10,sz399006,1818.405,1818.734,1781.13,1789.941,1827.579,13471646126,,-2.0594458570600715
2024-04-11,sz399006,1777.201,1799.86,1775.659,1782.085,1789.941,12646914814,,-0.4388971480065562
2024-04-12,sz399006,1780.99,1789.274,1760.944,1762.877,1782.085,12482530622,,-1.0778385991689565
2024-04-15,sz399006,1770.172,1807.947,1770.172,1795.518,1762.877,16822171379,,1.8515755778763854
2024-04-16,sz399006,1783.571,1791.299,1759.513,1760.2,1795.518,17282640060,,-1.9670089634300503
2024-04-17,sz399006,1765.286,1797.552,1765.286,1797.311,1760.2,15999022061,,2.108339961368011
2024-04-18,sz399006,1784.782,1807.785,1765.699,1787.489,1797.311,14937289504,,-0.546483051625446
2024-04-19,sz399006,1772.181,1775.376,1740.401,1756.001,1787.489,13955355741,,-1.76157727404197
2024-04-22,sz399006,1739.007,1766.25,1735.284,1750.463,1756.001,13205454536,,-0.31537567461521476
2024-04-23,sz399006,1753.584,1764.774,1740.791,1753.161,1750.463,12954919613,,0.15413065000517978
2024-04-24,sz399006,1757.311,1768.238,1744.36,1765.41,1753.161,15021662250,,0.6986808399228606
2024-04-25,sz399006,1753.122,1778.799,1747.819,1764.727,1765.41,15140572110,,-0.03868789686248819
2024-04-26,sz399006,1767.722,1826.49,1767.722,1823.741,1764.727,18437565817,,3.3440866490964227
2024-04-29,sz399006,1831.444,1904.915,1831.444,1887.571,1823.741,18674546038,,3.499948731755209
2024-04-30,sz399006,1874.68,1878.833,1857.764,1858.393,1887.571,16218072129,,-1.545796158131263
2024-05-06,sz399006,1896.841,1907.021,1889.782,1895.208,1858.393,16104046487,,1.9810126275766171
2024-05-07,sz399006,1896.725,1900.944,1888.256,1892.539,1895.208,16471867387,,-0.1408288694433546
2024-05-08,sz399006,1887.824,1887.824,1863.216,1865.108,1892.539,16594153850,,-1.449428519042406
2024-05-09,sz399006,1872.704,1903.112,1872.704,1900.009,1865.108,15827582253,,1.871258929777797
2024-05-10,sz399006,1899.051,1900.1,1872.071,1878.165,1900.009,16349720405,,-1.1496787646795403
2024-05-13,sz399006,1859.344,1876.172,1851.255,1860.366,1878.165,14880197328,,-0.9476803156272195
2024-05-14,sz399006,1864.385,1873.138,1851.386,1855.598,1860.366,14787392460,,-0.25629365404442606
2024-05-15,sz399006,1857.576,1866.413,1837.541,1838.887,1855.598,14005874948,,-0.9005722144559303
2024-05-16,sz399006,1846.978,1861.378,1837.016,1844.211,1838.887,14706886495,,0.2895229560054613
2024-05-17,sz399006,1838.985,1865.898,1833.434,1864.939,1844.211,14978956207,,1.12394948300385
2024-05-20,sz399006,1869.545,1887.054,1865.881,1875.928,1864.939,15627754641,,0.589241792895101
2024-05-21,sz399006,1871.779,1873.087,1855.437,1861.481,1875.928,13908143458,,-0.770125505882957
2024-05-22,sz399006,1863.141,1883.174,1855.254,1877.927,1861.481,13846886278,,0.8834900812847435
2024-05-23,sz399006,1876.561,1879.621,1847.695,1852.067,1877.927,15226521460,,-1.3770503326274053
2024-05-24,sz399006,1845.013,1861.93,1818.137,1818.562,1852.067,13962533376,,-1.809059823429715
2024-05-27,sz399006,1824.165,1832.819,1802.766,1830.958,1818.562,13643321884,,0.6816374696051231
2024-05-28,sz399006,1824.087,1827.744,1805.649,1806.255,1830.958,13448761908,,-1.349184416027016
2024-05-29,sz399006,1808.485,1832.715,1804.111,1811.068,1806.255,13186561325,,0.26646293020642364
2024-05-30,sz399006,1810.657,1820.294,1805.349,1813.155,1811.068,12900486553,,0.1152358718722768
2024-05-31,sz399006,1812.612,1831.715,1805.109,1805.109,1813.155,14076725088,,-0.4437568768252076
2024-06-03,sz399006,1806.409,1823.511,1800.198,1819.455,1805.109,15195340795,,0.7947442509012026
2024-06-04,sz399006,1816.368,1848.56,1815.072,1843.592,1819.455,14882948572,,1.3266060441176064
2024-06-05,sz399006,1840.079,1858.686,1833.55,1833.55,1843.592,13599889062,,-0.5446975252659025
2024-06-06,sz399006,1840.246,1845.545,1815.278,1820.448,1833.55,17243187186,,-0.7145700962613466
2024-06-07,sz399006,1812.456,1820.74,1764.836,1781.07,1820.448,13311703706,,-2.163093919738446
2024-06-11,sz399006,1766.915,1791.001,1761.584,1787.302,1781.07,12264814457,,0.3499020251870988
2024-06-12,sz399006,1779.318,1789.411,1778.128,1779.418,1787.302,12699954646,,-0.44111179867756256
2024-06-13,sz399006,1786.105,1799.09,1776.081,1777.791,1779.418,12865666470,,-0.09143439034560163
2024-06-14,sz399006,1777.275,1792.805,1758.889,1791.362,1777.791,12908181077,,0.7633630724871665
2024-06-17,sz399006,1780.936,1810.999,1780.513,1806.193,1791.362,12176203484,,0.827917528673705
2024-06-18,sz399006,1805.159,1822.115,1802.626,1811.365,1806.193,13548671185,,0.28634813666092995
2024-06-19,sz399006,1816.06,1816.06,1788.173,1788.496,1811.365,13959257786,,-1.2625285351102522
2024-06-20,sz399006,1787.236,1793.707,1761.646,1762.701,1788.496,14096549044,,-1.4422732843685449
2024-06-21,sz399006,1756.671,1762.431,1742.466,1755.876,1762.701,11278193341,,-0.38718988642997276
2024-06-24,sz399006,1745.929,1755.523,1729.099,1731.515,1755.876,13220553075,,-1.3873986545746897
2024-06-25,sz399006,1724.64,1729.215,1691.018,1700.025,1731.515,12086114180,,-1.8186385910604286
2024-06-26,sz399006,1700.949,1733.792,1696.125,1730.642,1700.025,13478273980,,1.800973515095361
2024-06-27,sz399006,1719.778,1720.997,1702.241,1703.201,1730.642,13043601003,,-1.5855965589648302
2024-06-28,sz399006,1696.937,1720.945,1680.418,1683.43,1703.201,13731158784,,-1.1608142550409428
2024-07-01,sz399006,1679.662,1689.545,1652.01,1682.692,1683.43,12171740773,,-0.04383906666746151
2024-07-02,sz399006,1677.669,1683.847,1660.317,1665.035,1682.692,13335516390,,-1.0493304775918588
2024-07-03,sz399006,1664.986,1675.647,1648.245,1660.124,1665.035,13256222325,,-0.2949487548309815
2024-07-04,sz399006,1666.393,1674.752,1647.22,1647.22,1660.124,12760170228,,-0.7772913348641386
2024-07-05,sz399006,1648.739,1662.316,1631.886,1655.594,1647.22,12151214588,,0.5083716807712468
2024-07-08,sz399006,1651.641,1652.193,1624.549,1628.758,1655.594,12064389899,,-1.6209288025929025
2024-07-09,sz399006,1625.522,1660.33,1614.605,1652.117,1628.758,14080741517,,1.4341602619910354
2024-07-10,sz399006,1642.861,1668.09,1641.838,1651.11,1652.117,12740341289,,-0.060952099639433044
2024-07-11,sz399006,1673.54,1694.776,1658.957,1685.118,1651.11,15098192426,,2.0597052891691003
2024-07-12,sz399006,1680.14,1692.889,1672.666,1683.629,1685.118,12705191814,,-0.08836176457672762
2024-07-15,sz399006,1674.887,1679.882,1665.338,1673.007,1683.629,11370609493,,-0.6308990876255915
2024-07-16,sz399006,1671.921,1697.136,1671.31,1696.336,1673.007,11181285514,,1.3944352892725442
2024-07-17,sz399006,1691.947,1707.613,1684.942,1696.451,1696.336,11854099545,,0.0067793173050612054
2024-07-18,sz399006,1680.339,1718.821,1678.56,1717.709,1696.451,12328013997,,1.2530865907709687
2024-07-19,sz399006,1706.843,1731.126,1706.58,1725.487,1717.709,11280441171,,0.4528124379624243
2024-07-22,sz399006,1729.28,1735.601,1713.373,1723.914,1725.487,11673481560,,-0.09116266885813573
2024-07-23,sz399006,1721.935,1722.077,1671.443,1671.443,1723.914,12922282902,,-3.0437133174856745
2024-07-24,sz399006,1666.621,1682.963,1645.753,1650.908,1671.443,12561957278,,-1.2285791379065936
2024-07-25,sz399006,1641.682,1658.135,1638.54,1644.454,1650.908,11316775740,,-0.3909363816760214
2024-07-26,sz399006,1649.345,1670.214,1646.634,1659.534,1644.454,12060189919,,0.9170216983874324
2024-07-29,sz399006,1653.39,1653.39,1634.509,1635.675,1659.534,12577995572,,-1.4376927498924497
2024-07-30,sz399006,1629.181,1637.21,1621.935,1630.951,1635.675,12773299236,,-0.2888104299448191
2024-07-31,sz399006,1623.038,1689.491,1623.038,1688.142,1630.951,17672251086,,3.5066044289497444
2024-08-01,sz399006,1690.219,1694.591,1663.075,1665.973,1688.142,15298802052,,-1.313218911679237
2024-08-02,sz399006,1649.843,1671.357,1635.436,1638.304,1665.973,15257143384,,-1.6608312379612356
2024-08-05,sz399006,1621.188,1656.09,1607.245,1607.288,1638.304,16097551749,,-1.8931773346094527
2024-08-06,sz399006,1628.116,1638.48,1612.0,1627.355,1607.288,13507272870,,1.2485005798587467
2024-08-07,sz399006,1624.063,1632.645,1618.394,1620.332,1627.355,12727404830,,-0.4315591865327373
2024-08-08,sz399006,1611.262,1628.665,1598.679,1611.509,1620.332,14073768007,,-0.5445180370442615
2024-08-09,sz399006,1621.841,1628.531,1595.642,1595.642,1611.509,12539816046,,-0.9846051123512112
2024-08-12,sz399006,1596.414,1601.855,1589.093,1592.394,1595.642,12420184301,,-0.20355443138247997
2024-08-13,sz399006,1592.045,1607.258,1587.515,1607.186,1592.394,11227549358,,0.9289158336441838
2024-08-14,sz399006,1606.441,1606.441,1584.328,1584.328,1607.186,12325859700,,-1.4222373763833174
2024-08-15,sz399006,1581.152,1608.95,1581.051,1592.71,1584.328,16188800156,,0.5290571144358935
2024-08-16,sz399006,1594.509,1603.427,1587.407,1591.461,1592.71,17259018255,,-0.07841980021473516
2024-08-19,sz399006,1589.207,1608.266,1588.218,1589.287,1591.461,16360910075,,-0.13660403867892246
2024-08-20,sz399006,1590.173,1591.876,1565.432,1567.969,1589.287,16325108843,,-1.3413562182286731
2024-08-21,sz399006,1561.242,1572.472,1556.933,1558.512,1567.969,14611810028,,-0.6031369242631812
2024-08-22,sz399006,1559.683,1563.373,1544.906,1546.631,1558.512,14958498183,,-0.762329709363796
2024-08-23,sz399006,1540.516,1555.007,1537.777,1546.903,1546.631,14001973082,,0.01758661244990467
2024-08-26,sz399006,1550.045,1557.91,1540.521,1545.309,1546.903,13671934462,,-0.10304459943513145
2024-08-27,sz399006,1537.813,1541.928,1526.607,1530.744,1545.309,13375474868,,-0.9425299406138232
2024-08-28,sz399006,1526.669,1534.541,1522.484,1531.45,1530.744,12354308359,,0.04612136320638616
2024-08-29,sz399006,1512.371,1551.54,1512.171,1541.4,1531.45,14384968169,,0.6497110581475063
2024-08-30,sz399006,1543.894,1601.156,1543.894,1580.459,1541.4,20172685031,,2.533995069417405
2024-09-02,sz399006,1577.445,1581.869,1536.526,1536.95,1580.459,16141459575,,-2.7529344323389604
2024-09-03,sz399006,1533.572,1561.857,1533.458,1556.321,1536.95,13875033581,,1.2603532971144027
2024-09-04,sz399006,1541.899,1569.885,1540.172,1554.64,1556.321,13745138843,,-0.10801113652002536
2024-09-05,sz399006,1554.876,1576.029,1554.876,1564.723,1554.64,13712346630,,0.6485745896156025
2024-09-06,sz399006,1564.325,1566.573,1537.377,1538.072,1564.723,13927089557,,-1.7032407652983972
2024-09-09,sz399006,1528.649,1547.733,1526.235,1539.038,1538.072,11787366444,,0.06280590245451023
2024-09-10,sz399006,1540.211,1551.606,1522.876,1539.98,1539.038,12668053938,,0.06120706571248746
2024-09-11,sz399006,1539.846,1563.088,1535.619,1558.328,1539.98,11282658764,,1.1914440447278407
2024-09-12,sz399006,1566.403,1577.168,1551.026,1551.814,1558.328,12533016087,,-0.4180121258168912
2024-09-13,sz399006,1552.276,1556.664,1535.168,1535.168,1551.814,12595297080,,-1.072680102125656
2024-09-18,sz399006,1533.382,1540.075,1522.544,1533.473,1535.168,11423468414,,-0.11041136865801437
2024-09-19,sz399006,1543.316,1565.215,1520.723,1546.474,1533.473,13386709183,,0.8478140795436184
2024-09-20,sz399006,1546.775,1546.775,1525.682,1536.599,1546.474,13005681067,,-0.6385493710207912
2024-09-23,sz399006,1538.055,1548.409,1528.941,1530.506,1536.599,12212558465,,-0.39652505305547425
2024-09-24,sz399006,1545.904,1616.068,1532.523,1615.322,1530.506,19589835818,,5.541696667638019
2024-09-25,sz399006,1652.828,1679.639,1639.681,1641.542,1615.322,23754106140,,1.6232057756905505
2024-09-26,sz399006,1638.526,1716.011,1625.662,1714.144,1641.542,22617304308,,4.422792715629575
2024-09-27,sz399006,1751.328,1919.785,1751.328,1885.489,1714.144,33188171307,,9.995951331976771
2024-09-30,sz399006,1994.262,2182.388,1966.338,2175.086,1885.489,47832140201,,15.359251631804781
2024-10-08,sz399006,2576.217,2576.217,2336.442,2550.276,2175.086,56839521878,,17.249432895986637
2024-10-09,sz399006,2426.752,2514.292,2278.817,2280.096,2550.276,51701779133,,-10.594147456981117
2024-10-10,sz399006,2291.218,2327.598,2181.078,2212.909,2280.096,37074805462,,-2.9466741751224435
2024-10-11,sz399006,2173.71,2191.402,2066.577,2100.871,2212.909,30804840178,,-5.0629284801137375
2024-10-14,sz399006,2119.385,2163.274,2062.446,2155.403,2100.871,30482202800,,2.5956853133771496
2024-10-15,sz399006,2139.647,2175.952,2085.818,2085.986,2155.403,34056216175,,-3.220604221113166
2024-10-16,sz399006,2037.744,2081.324,2026.52,2039.95,2085.986,27926126959,,-2.2069179754801715
2024-10-17,sz399006,2057.96,2081.087,2031.987,2033.484,2039.95,31179201120,,-0.3169685531508204
2024-10-18,sz399006,2027.653,2273.0,2027.65,2195.101,2033.484,39406378593,,7.94778813110899
2024-10-21,sz399006,2211.395,2266.602,2182.233,2210.335,2195.101,42219073081,,0.6939999571773603
2024-10-22,sz399006,2205.399,2226.931,2179.998,2216.99,2210.335,39349104358,,0.301085582049776
2024-10-23,sz399006,2202.824,2252.521,2186.176,2205.302,2216.99,36403964616,,-0.5272012954501193
2024-10-24,sz399006,2187.244,2203.021,2168.241,2175.095,2205.302,28183098746,,-1.3697443706122914
2024-10-25,sz399006,2190.393,2277.168,2180.221,2238.897,2175.095,32225560476,,2.9332971663306617
2024-10-28,sz399006,2228.078,2236.472,2198.886,2229.118,2238.897,34613942538,,-0.4367775739571811
2024-10-29,sz399006,2231.824,2239.261,2175.813,2177.306,2229.118,37191939721,,-2.3243273797080244
2024-10-30,sz399006,2156.277,2179.944,2127.633,2151.515,2177.306,32752214838,,-1.1845372216858885
2024-10-31,sz399006,2145.655,2204.859,2130.268,2164.462,2151.515,37166478672,,0.6017620142086066
2024-11-01,sz399006,2149.938,2166.521,2120.725,2123.738,2164.462,37280387113,,-1.8814837128117823
2024-11-04,sz399006,2122.98,2187.378,2122.98,2185.984,2123.738,25473410944,,2.9309641773137773
2024-11-05,sz399006,2184.905,2301.995,2172.524,2289.841,2185.984,35083710675,,4.751041178709459
2024-11-06,sz399006,2290.671,2360.881,2247.038,2265.833,2289.841,40303017712,,-1.0484570762773426
2024-11-07,sz399006,2244.959,2350.76,2240.246,2350.76,2265.833,40590422345,,3.7481579622152372
2024-11-08,sz399006,2396.868,2402.379,2317.509,2321.587,2350.76,41376921103,,-1.2410029096972974
2024-11-11,sz399006,2298.619,2393.578,2296.323,2392.443,2321.587,37752959789,,3.0520501708529713
2024-11-12,sz399006,2416.211,2448.201,2362.566,2390.803,2392.443,37875415778,,-0.0685491775561764
2024-11-13,sz399006,2367.163,2427.156,2345.064,2417.252,2390.803,29980905784,,1.1062810277551183
2024-11-14,sz399006,2411.291,2419.686,2331.68,2334.964,2417.252,27078868842,,-3.4041961698656142
2024-11-15,sz399006,2318.936,2338.557,2243.62,2243.62,2334.964,28933089995,,-3.9120089217649645
2024-11-18,sz399006,2244.323,2254.922,2173.184,2190.95,2243.62,28351839960,,-2.3475454845294674
2024-11-19,sz399006,2200.133,2261.587,2173.454,2256.607,2190.95,24419950118,,2.9967365754581365
2024-11-20,sz399006,2242.599,2283.748,2239.769,2267.855,2256.607,28868125257,,0.4984474478719525
2024-11-21,sz399006,2254.269,2281.16,2248.382,2265.866,2267.855,28232062686,,-0.08770401987781007
2024-11-22,sz399006,2257.951,2269.265,2175.571,2175.571,2265.866,30157172820,,-3.985010587563431
2024-11-25,sz399006,2184.103,2193.679,2140.476,2175.184,2175.571,25157590775,,-0.017788433473309162
2024-11-26,sz399006,2163.374,2187.12,2148.137,2150.097,2175.184,23317980536,,-1.1533277184826662
2024-11-27,sz399006,2136.707,2209.158,2119.535,2208.781,2150.097,25800697149,,2.7293652332894602
2024-11-28,sz399006,2204.49,2206.848,2165.526,2169.803,2208.781,27639980338,,-1.764683778065823
2024-11-29,sz399006,2162.522,2264.679,2162.522,2224.003,2169.803,30288030089,,2.497922622468507
2024-12-02,sz399006,2212.359,2261.144,2210.856,2255.498,2224.003,31135009017,,1.4161401760699022
2024-12-03,sz399006,2252.754,2261.39,2224.692,2245.499,2255.498,30648110660,,-0.4433167309392583
2024-12-04,sz399006,2237.649,2246.039,2204.39,2213.406,2245.499,28994212352,,-1.4292146200020506
2024-12-05,sz399006,2207.499,2237.088,2207.499,2221.457,2213.406,27006383776,,0.36373805799749803
2024-12-06,sz399006,2219.908,2289.809,2213.324,2267.064,2221.457,31585392646,,2.0530219581112785
2024-12-09,sz399006,2265.188,2273.081,2229.514,2248.627,2267.064,27528875410,,-0.8132545000935076
2024-12-10,sz399006,2358.288,2358.485,2258.019,2264.051,2248.627,36836534310,,0.6859296806451143
2024-12-11,sz399006,2260.7,2278.788,2251.354,2261.582,2264.051,29492675354,,-0.1090523137508903
2024-12-12,sz399006,2257.308,2302.644,2256.065,2292.145,2261.582,30842059067,,1.3513991533360414
2024-12-13,sz399006,2272.266,2276.127,2234.17,2235.259,2292.145,32853797101,,-2.4817801666124906
2024-12-16,sz399006,2232.625,2234.186,2192.252,2201.532,2235.259,27378793388,,-1.5088631787188778
2024-12-17,sz399006,2197.126,2233.172,2197.126,2201.181,2201.532,24875348055,,-0.015943443020594028
2024-12-18,sz399006,2207.182,2216.003,2192.597,2202.137,2201.181,21648147554,,0.04343123078021094
2024-12-19,sz399006,2178.463,2220.433,2174.943,2213.543,2202.137,22171926117,,0.5179514262736662
2024-12-20,sz399006,2209.375,2234.132,2201.941,2209.662,2213.543,23004927410,,-0.1753297767425499
2024-12-23,sz399006,2205.69,2223.637,2185.353,2187.945,2209.662,24553877043,,-0.9828199969044826
2024-12-24,sz399006,2190.469,2215.192,2187.78,2213.548,2187.945,20096640612,,1.1701848081190125
2024-12-25,sz399006,2215.612,2216.357,2187.0,2201.296,2213.548,20386810044,,-0.5535005339843524
2024-12-26,sz399006,2200.319,2219.693,2193.588,2209.846,2201.296,18443646699,,0.38840755627593815
2024-12-27,sz399006,2209.71,2235.556,2196.294,2204.896,2209.846,20751352939,,-0.22399750932869944
2024-12-30,sz399006,2198.865,2218.735,2198.125,2206.285,2204.896,18720146002,,0.06299616852676326
2024-12-31,sz399006,2202.181,2207.311,2141.596,2141.596,2206.285,19942841348,,-2.9320328062784173
2025-01-02,sz399006,2136.922,2137.655,2040.379,2060.442,2141.596,19658739481,,-3.789416864805495
2025-01-03,sz399006,2062.403,2067.409,2015.963,2015.967,2060.442,20606491210,,-2.1585174443153443
2025-01-06,sz399006,2018.246,2033.268,2000.861,2014.19,2015.967,16937561223,,-0.08814628414056669
2025-01-07,sz399006,1996.0,2028.751,1988.418,2028.358,2014.19,16857052855,,0.703409310938885
2025-01-08,sz399006,2011.749,2029.023,1963.806,2008.444,2028.358,19552783864,,-0.9817793505880079
2025-01-09,sz399006,1994.81,2025.306,1994.705,2010.66,2008.444,17424480759,,0.1103341691379045
2025-01-10,sz399006,2006.553,2024.427,1975.305,1975.305,2010.66,17838400517,,-1.7583778460803945
2025-01-13,sz399006,1953.886,1998.499,1953.82,1982.459,1975.305,15228846338,,0.36217191775447244
2025-01-14,sz399006,1989.387,2076.957,1979.139,2075.756,1982.459,22702105762,,4.706125069925782
2025-01-15,sz399006,2064.476,2064.476,2032.574,2037.933,2075.756,19544928930,,-1.8221313102310566
2025-01-16,sz399006,2051.095,2084.226,2029.816,2051.351,2037.933,20389955076,,0.6584122245432145
2025-01-17,sz399006,2041.71,2083.202,2041.581,2067.275,2051.351,17088596065,,0.7762689076613372
2025-01-20,sz399006,2090.143,2118.738,2090.066,2104.728,2067.275,17727429544,,1.8117086502763335
2025-01-21,sz399006,2125.067,2125.067,2090.318,2112.39,2104.728,18250885130,,0.3640375383422434
2025-01-22,sz399006,2103.832,2110.897,2081.075,2101.035,2112.39,16566266634,,-0.5375427832928548
2025-01-23,sz399006,2125.295,2151.477,2093.313,2093.313,2101.035,21026825667,,-0.3675331443788288
2025-01-24,sz399006,2084.134,2131.554,2084.134,2121.839,2093.313,20005142639,,1.3627202429832508
2025-01-27,sz399006,2119.169,2123.148,2063.82,2063.82,2121.839,17752012165,,-2.734373343123575
2025-02-05,sz399006,2082.991,2083.007,2054.371,2062.923,2063.82,20436803597,,-0.0434630927115931
2025-02-06,sz399006,2059.449,2120.788,2056.179,2120.745,2062.923,24897390222,,2.802916056488791
2025-02-07,sz399006,2127.136,2200.102,2122.348,2174.351,2120.745,30839799873,,2.5276966349089713
2025-02-10,sz399006,2183.78,2188.128,2156.755,2183.877,2174.351,27995065882,,0.43810773881494125
2025-02-11,sz399006,2182.909,2182.909,2150.473,2152.732,2183.877,26647704858,,-1.4261334315073593
2025-02-12,sz399006,2144.727,2194.103,2142.049,2191.76,2152.732,25884927458,,1.8129520999362825
2025-02-13,sz399006,2186.138,2203.636,2175.424,2176.156,2191.76,28459186902,,-0.7119392634230115
2025-02-14,sz399006,2176.323,2223.386,2176.212,2215.298,2176.156,28699625124,,1.7986761978461052
2025-02-17,sz399006,2243.658,2245.371,2208.769,2226.615,2215.298,32635546066,,0.5108567786365592
2025-02-18,sz399006,2223.48,2231.275,2173.54,2182.574,2226.615,29421059021,,-1.977935116757934
2025-02-19,sz399006,2174.956,2228.482,2174.007,2226.982,2182.574,26063135587,,2.034661825899131
2025-02-20,sz399006,2222.373,2233.983,2204.641,2225.584,2226.982,28037885701,,-0.06277554106859373
2025-02-21,sz399006,2228.917,2284.038,2228.917,2281.512,2225.584,33303997251,,2.5129583965377345
2025-02-24,sz399006,2277.154,2283.79,2245.614,2266.244,2281.512,31429001053,,-0.6692053340065729
2025-02-25,sz399006,2227.29,2265.911,2224.458,2240.589,2266.244,29271132403,,-1.132049329198448
2025-02-26,sz399006,2246.954,2268.569,2232.309,2268.215,2240.589,29722503298,,1.2329793639083375
2025-02-27,sz399006,2268.503,2279.387,2225.532,2256.508,2268.215,30727330595,,-0.5161327299220031
2025-02-28,sz399006,2238.34,2240.776,2163.687,2170.392,2256.508,28146450381,,-3.8163392285779585
2025-03-03,sz399006,2176.817,2232.198,2161.359,2196.525,2170.392,24792094383,,1.2040682051905893
2025-03-04,sz399006,2170.989,2193.532,2161.056,2190.078,2196.525,22587616612,,-0.293509065455666
2025-03-05,sz399006,2190.577,2200.87,2173.904,2190.362,2190.078,23326067714,,0.012967574670863513
2025-03-06,sz399006,2204.247,2243.279,2202.007,2234.689,2190.362,30691077462,,2.023729410937536
2025-03-07,sz399006,2221.909,2226.004,2195.128,2205.307,2234.689,28706509815,,-1.3148138286804167
2025-03-10,sz399006,2211.097,2217.774,2182.581,2199.877,2205.307,23158429894,,-0.24622422184302772
2025-03-11,sz399006,2172.179,2204.03,2171.267,2204.03,2199.877,22092783100,,0.18878328197440286
2025-03-12,sz399006,2211.146,2214.973,2191.099,2191.268,2204.03,26604450431,,-0.5790302309859774
2025-03-13,sz399006,2189.469,2200.91,2154.949,2166.004,2191.268,25042274557,,-1.1529397590801405
2025-03-14,sz399006,2165.532,2233.83,2161.89,2226.716,2166.004,26586008830,,2.8029495790404813
2025-03-17,sz399006,2230.854,2233.333,2212.018,2215.127,2226.716,24550517179,,-0.5204525408718519
2025-03-18,sz399006,2225.204,2242.217,2215.373,2228.644,2215.127,23840841482,,0.6102133195974746
2025-03-19,sz399006,2221.602,2237.95,2208.256,2222.347,2228.644,22968095475,,-0.28254849136961635
2025-03-20,sz399006,2220.496,2221.606,2198.375,2200.032,2222.347,23583954503,,-1.0041186187395579
2025-03-21,sz399006,2193.361,2201.417,2149.091,2152.279,2200.032,26088641653,,-2.1705593373187337
2025-03-24,sz399006,2154.67,2160.464,2125.129,2152.555,2152.279,24385877842,,0.012823616269064253
2025-03-25,sz399006,2154.204,2165.015,2136.607,2145.479,2152.555,19869731524,,-0.3287256307039743
2025-03-26,sz399006,2143.119,2157.78,2139.902,2139.902,2145.479,18420319141,,-0.25994195235654605
2025-03-27,sz399006,2130.489,2165.16,2117.755,2145.095,2139.902,19171687867,,0.24267466454070963
2025-03-28,sz399006,2140.066,2152.398,2128.209,2128.209,2145.095,17955464086,,-0.7871912432782735
2025-03-31,sz399006,2117.885,2123.872,2087.129,2103.699,2128.209,18606140083,,-1.1516726035835645
2025-04-01,sz399006,2108.455,2127.538,2100.297,2101.878,2103.699,17136825804,,-0.08656181326320844
2025-04-02,sz399006,2103.387,2121.555,2097.824,2104.625,2101.878,15132911479,,0.13069264724212548
2025-04-03,sz399006,2078.146,2097.67,2057.634,2065.403,2104.625,16397924585,,-1.8636099067529943
2025-04-07,sz399006,1925.641,1939.269,1756.64,1807.206,2065.403,30407557575,,-12.5010470111644
2025-04-08,sz399006,1837.544,1877.441,1812.128,1840.312,1807.206,25668214136,,1.831888561680306
2025-04-09,sz399006,1805.464,1872.929,1777.248,1858.356,1840.312,27945229735,,0.9804859176052894
2025-04-10,sz399006,1920.64,1944.102,1897.335,1900.528,1858.356,25668684963,,2.269317611910737
2025-04-11,sz399006,1885.855,1943.435,1884.599,1926.37,1900.528,20237823723,,1.3597274020693106
2025-04-14,sz399006,1954.049,1956.156,1928.633,1932.913,1926.37,19193506347,,0.3396543758467985
2025-04-15,sz399006,1933.886,1940.747,1918.436,1930.399,1932.913,16842254976,,-0.13006276019665863
2025-04-16,sz399006,1918.029,1919.093,1879.776,1907.109,1930.399,17049971365,,-1.2064863274380055
2025-04-17,sz399006,1893.017,1923.53,1892.474,1908.776,1907.109,15001282078,,0.08740979146970584
2025-04-18,sz399006,1904.994,1917.593,1898.78,1913.97,1908.776,14686095279,,0.2721115521150619
2025-04-21,sz399006,1910.904,1947.562,1901.813,1944.318,1913.97,16743253700,,1.5856047900437265
2025-04-22,sz399006,1933.832,1939.688,1923.374,1928.432,1944.318,17145814898,,-0.817047417140615
2025-04-23,sz399006,1950.435,1962.678,1935.681,1949.162,1928.432,19999589043,,1.0749666049930662
2025-04-24,sz399006,1946.23,1958.216,1930.902,1935.858,1949.162,18154588432,,-0.682549731628268
2025-04-25,sz399006,1941.815,1960.634,1937.706,1947.186,1935.858,16997550933,,0.5851668872406846
2025-04-28,sz399006,1951.16,1951.16,1930.064,1934.457,1947.186,16239196038,,-0.6537125883197548
2025-04-29,sz399006,1929.272,1941.175,1923.856,1931.942,1934.457,15966456284,,-0.13001064381374938
2025-04-30,sz399006,1936.122,1954.623,1931.836,1948.03,1931.942,16629885574,,0.8327372146782919
2025-05-06,sz399006,1966.968,1988.051,1964.458,1986.409,1948.03,20452047955,,1.970144196957957
2025-05-07,sz399006,2024.301,2035.474,1982.374,1996.51,1986.409,23653504827,,0.5085055494613577
2025-05-08,sz399006,1994.052,2036.101,1991.655,2029.452,1996.51,20799499536,,1.649979213727959
2025-05-09,sz399006,2028.427,2028.427,2004.477,2011.767,2029.452,19203420690,,-0.8714175058094464
2025-05-12,sz399006,2042.902,2066.313,2038.336,2064.714,2011.767,19483071725,,2.6318654198025815
2025-05-13,sz399006,2091.349,2091.349,2058.741,2062.261,2064.714,19752887576,,-0.11880580070653401
2025-05-14,sz399006,2062.274,2103.369,2051.823,2083.142,2062.261,19329189521,,1.0125294518976924
2025-05-15,sz399006,2076.042,2076.042,2043.097,2043.247,2083.142,17673170258,,-1.9151358860797663
2025-05-16,sz399006,2035.865,2050.888,2035.865,2039.445,2043.247,16327575503,,-0.1860763774521712
2025-05-19,sz399006,2038.048,2038.048,2017.167,2032.756,2039.445,16591258693,,-0.3279813870930459
2025-05-20,sz399006,2041.496,2059.516,2025.855,2048.459,2032.756,18531715006,,0.7724980273087212
2025-05-21,sz399006,2052.001,2077.481,2050.207,2065.39,2048.459,17558827935,,0.8265237429697203
2025-05-22,sz399006,2065.413,2065.413,2043.894,2045.566,2065.39,16978025799,,-0.9598187267295666
2025-05-23,sz399006,2043.202,2060.093,2021.499,2021.499,2045.566,17839165926,,-1.1765447802710827
2025-05-26,sz399006,2016.37,2023.485,1991.785,2005.259,2021.499,14778711915,,-0.8033642361435778
2025-05-27,sz399006,2001.622,2001.622,1983.898,1991.643,2005.259,15097227436,,-0.6790145312899676
2025-05-28,sz399006,1996.488,2001.951,1981.668,1985.383,1991.643,16073660505,,-0.3143133583679347
2025-05-29,sz399006,1988.319,2016.214,1986.629,2012.548,1985.383,19615377832,,1.3682498540583898
2025-05-30,sz399006,2002.732,2004.504,1988.186,1993.188,2012.548,19207084090,,-0.9619646338869914
2025-06-03,sz399006,1986.543,2012.24,1985.567,2002.7,1993.188,18511574738,,0.47722542981394334
2025-06-04,sz399006,2009.374,2030.922,2009.374,2024.933,2002.7,18504149321,,1.1101512957507387
2025-06-05,sz399006,2026.631,2053.563,2014.435,2048.615,2024.933,20848380812,,1.1695201767169427
2025-06-06,sz399006,2047.866,2051.912,2034.098,2039.435,2048.615,17810899136,,-0.448107623931282
2025-06-09,sz399006,2046.427,2075.58,2045.644,2061.291,2039.435,20282746568,,1.0716693594059246
2025-06-10,sz399006,2057.97,2063.871,2023.168,2037.271,2061.291,23768780842,,-1.1652891319081204
2025-06-11,sz399006,2044.284,2076.913,2044.284,2061.867,2037.271,20845583085,,1.2073013359538365
2025-06-12,sz399006,2057.196,2076.838,2051.24,2067.154,2061.867,21402132576,,0.2564180909825797
2025-06-13,sz399006,2054.967,2065.867,2036.963,2043.824,2067.154,24178096873,,-1.1286048354404166
2025-06-16,sz399006,2038.699,2062.423,2038.699,2057.323,2043.824,20370262370,,0.6604776145108238
2025-06-17,sz399006,2061.469,2063.084,2045.054,2049.943,2057.323,21685353341,,-0.358718587212592
2025-06-18,sz399006,2046.694,2059.376,2039.248,2054.729,2049.943,21130444823,,0.2334699062364054
2025-06-19,sz399006,2049.176,2057.765,2021.176,2026.817,2054.729,22178848260,,-1.3584273157190019
2025-06-20,sz399006,2026.881,2036.019,2007.507,2009.893,2026.817,19030801593,,-0.8350038508656676
2025-06-23,sz399006,1996.962,2021.763,1996.962,2017.634,2009.893,20025034128,,0.38514488084688825
2025-06-24,sz399006,2024.702,2065.836,2024.702,2064.135,2017.634,24784030051,,2.3047292026205035
2025-06-25,sz399006,2073.259,2133.034,2072.866,2128.392,2064.135,26753719715,,3.1130231307544998
2025-06-26,sz399006,2128.859,2142.21,2113.137,2114.425,2128.392,26941120880,,-0.6562231017594344
2025-06-27,sz399006,2125.849,2146.036,2112.745,2124.344,2114.425,24228122325,,0.46911098762074666
2025-06-30,sz399006,2132.931,2154.0,2128.78,2153.014,2124.344,23847288167,,1.3495930979163573
2025-07-01,sz399006,2149.216,2152.918,2134.571,2147.919,2153.014,24861511612,,-0.2366450009150034
2025-07-02,sz399006,2140.14,2140.14,2118.552,2123.719,2147.919,23427887136,,-1.1266719089500055
2025-07-03,sz399006,2130.739,2168.61,2130.739,2164.088,2123.719,21933757577,,1.9008635323223055
2025-07-04,sz399006,2168.346,2187.884,2153.621,2156.234,2164.088,23229463094,,-0.362924243376439
2025-07-07,sz399006,2148.934,2155.686,2126.323,2130.186,2156.234,18887255443,,-1.2080321523545101
2025-07-08,sz399006,2129.489,2183.057,2129.489,2181.077,2130.186,22827282051,,2.389040205878734
2025-07-09,sz399006,2179.317,2204.635,2179.109,2184.675,2181.077,23366909133,,0.16496437310558054
2025-07-10,sz399006,2192.988,2199.71,2174.211,2189.577,2184.675,22055990969,,0.22438120086512026
2025-07-11,sz399006,2190.007,2223.305,2181.186,2207.097,2189.577,23842646073,,0.8001545503994567
2025-07-14,sz399006,2207.543,2208.076,2189.08,2197.068,2207.097,20214601116,,-0.4543977904006957
2025-07-15,sz399006,2211.405,2245.44,2209.902,2235.049,2197.068,22484388681,,1.7287129938627244
2025-07-16,sz399006,2241.21,2259.635,2227.823,2230.194,2235.049,20510981734,,-0.21722118843926497
2025-07-17,sz399006,2228.524,2269.668,2228.524,2269.327,2230.194,21348549257,,1.754690399131209
2025-07-18,sz399006,2279.667,2296.911,2263.971,2277.152,2269.327,21196707708,,0.3448158859432615
2025-07-21,sz399006,2285.414,2297.136,2273.809,2296.883,2277.152,22542405159,,0.86647707311589
2025-07-22,sz399006,2295.364,2313.459,2290.378,2310.856,2296.883,24246464787,,0.6083461804541335
2025-07-23,sz399006,2308.114,2333.31,2304.63,2310.671,2310.856,23415958182,,-0.00800569139749463
2025-07-24,sz399006,2319.252,2345.367,2318.417,2345.367,2310.671,23323197809,,1.5015551759640644
2025-07-25,sz399006,2348.281,2350.062,2332.025,2340.056,2345.367,22571518586,,-0.2264464367410346
2025-07-28,sz399006,2346.381,2366.507,2334.16,2362.6,2340.056,21686423753,,0.9633957477940713
2025-07-29,sz399006,2362.775,2406.594,2355.375,2406.594,2362.6,23071609941,,1.862101075086775
2025-07-30,sz399006,2395.859,2395.885,2349.182,2367.684,2406.594,25030490858,,-1.616807820513133
2025-07-31,sz399006,2382.967,2394.216,2321.716,2328.313,2367.684,25275364453,,-1.6628485895921918
2025-08-01,sz399006,2323.921,2348.015,2304.385,2322.627,2328.313,22816838411,,-0.24421115202295507
2025-08-04,sz399006,2307.373,2334.43,2304.483,2334.323,2322.627,21183884781,,0.5035677274052075
2025-08-05,sz399006,2349.436,2350.996,2323.739,2343.376,2334.323,22517728715,,0.38782122268428143
2025-08-06,sz399006,2335.95,2359.823,2335.95,2358.955,2343.376,25489331299,,0.6648100859614425
2025-08-07,sz399006,2359.423,2372.683,2322.805,2342.861,2358.955,25797855397,,-0.6822512510836432
2025-08-08,sz399006,2338.249,2353.988,2330.01,2333.959,2342.861,24349547340,,-0.37996278908565273
2025-08-11,sz399006,2336.929,2384.86,2336.929,2379.816,2333.959,24490980549,,1.9647731601112106
2025-08-12,sz399006,2381.163,2409.398,2368.813,2409.398,2379.816,24488379168,,1.2430372768315046
2025-08-13,sz399006,2417.469,2497.857,2414.482,2496.504,2409.398,27243425162,,3.615259911396951
2025-08-14,sz399006,2496.627,2513.37,2463.858,2469.656,2496.504,29313157882,,-1.0754238727436416
2025-08-15,sz399006,2464.666,2541.894,2464.666,2534.219,2469.656,28003965052,,2.6142507296562867
2025-08-18,sz399006,2549.552,2633.861,2529.249,2606.202,2534.219,36132657522,,2.8404411773410354
2025-08-19,sz399006,2596.578,2634.597,2586.948,2601.743,2606.202,32436301630,,-0.17109188006149134
2025-08-20,sz399006,2572.005,2608.0,2547.44,2607.653,2601.743,28314502907,,0.22715541081497204
2025-08-21,sz399006,2614.915,2626.374,2582.054,2595.465,2607.653,29243337744,,-0.4673934760491383
2025-08-22,sz399006,2587.529,2683.9,2587.529,2682.553,2595.465,29381103128,,3.355391037829425
2025-08-25,sz399006,2720.281,2782.014,2700.278,2762.99,2682.553,35203654117,,2.9985241670900775
2025-08-26,sz399006,2747.107,2773.24,2726.724,2742.127,2762.99,30753111470,,-0.7550877853339966
2025-08-27,sz399006,2747.5,2822.271,2723.198,2723.198,2742.127,36360851590,,-0.6903035490332887
2025-08-28,sz399006,2707.339,2827.172,2707.339,2827.172,2723.198,34102659746,,3.8180844727412566
2025-08-29,sz399006,2828.012,2933.992,2809.318,2890.125,2827.172,28407515660,,2.226712771631867
2025-09-01,sz399006,2914.642,2958.141,2886.73,2956.375,2890.125,27601432122,,2.2922883958306217
2025-09-02,sz399006,2951.03,2979.735,2839.923,2872.222,2956.375,30044750940,,-2.8464927487209746
2025-09-03,sz399006,2882.843,2926.776,2859.507,2899.373,2872.222,24412887208,,0.9452960112414699
2025-09-04,sz399006,2933.678,2956.411,2741.076,2776.248,2899.373,25622951632,,-4.246607801065949
2025-09-05,sz399006,2789.909,2962.467,2775.17,2958.181,2776.248,24152196489,,6.553196976638964
2025-09-08,sz399006,2964.428,2964.428,2883.261,2933.246,2958.181,24641781610,,-0.8429166437077362
2025-09-09,sz399006,2901.289,2924.575,2843.672,2867.969,2933.246,21603226895,,-2.225418529506218
2025-09-10,sz399006,2890.052,2926.161,2860.262,2904.269,2867.969,20144417977,,1.265704057470618
2025-09-11,sz399006,2917.767,3053.749,2899.83,3053.749,2904.269,24703471247,,5.14690615779736
2025-09-12,sz399006,3024.104,3056.526,3009.902,3020.423,3053.749,24405179818,,-1.0913143156166427
2025-09-15,sz399006,3052.059,3106.879,3044.688,3066.18,3020.423,22487125918,,1.5149202611687285
2025-09-16,sz399006,3072.302,3089.781,3020.628,3087.04,3066.18,24258725969,,0.6803253559804157
2025-09-17,sz399006,3085.71,3152.308,3064.769,3147.345,3087.04,24420771086,,1.9534894267647873
2025-09-18,sz399006,3119.774,3168.679,3051.299,3095.851,3147.345,31070737793,,-1.6361091650263893
2025-09-19,sz399006,3098.278,3128.379,3072.762,3091.003,3095.851,22606373854,,-0.15659668375512803
2025-09-22,sz399006,3093.968,3107.887,3053.354,3107.887,3091.003,19928929065,,0.5462304630568182
2025-09-23,sz399006,3139.5,3157.023,3041.461,3114.553,3107.887,24911904186,,0.21448656273537203
2025-09-24,sz399006,3089.904,3185.837,3085.701,3185.571,3114.553,22145764294,,2.280198795782251
2025-09-25,sz399006,3167.752,3266.003,3161.076,3235.765,3185.571,22694285845,,1.575667282254889
2025-09-26,sz399006,3222.187,3251.882,3150.843,3151.53,3235.765,20924382005,,-2.6032483817582497
2025-09-29,sz399006,3165.065,3259.42,3164.804,3238.012,3151.53,20082588120,,2.7441274555533246
2025-09-30,sz399006,3239.326,3279.018,3218.693,3238.16,3238.012,19665152997,,0.004570705729300961
2025-10-09,sz399006,3251.04,3322.444,3243.706,3261.822,3238.16,23035968624,,0.730723620821716
2025-10-10,sz399006,3230.457,3235.855,3097.635,3113.262,3261.822,21970285025,,-4.554509718801336
2025-10-13,sz399006,2975.026,3096.401,2975.026,3078.762,3113.262,21088163085,,-1.1081624354134068
2025-10-14,sz399006,3120.995,3124.834,2943.583,2955.983,3078.762,21671824234,,-3.9879341111784483
2025-10-15,sz399006,2964.517,3030.586,2927.515,3025.867,2955.983,17983852649,,2.36415432700392
2025-10-16,sz399006,3008.372,3068.838,3001.105,3037.442,3025.867,17347166734,,0.38253498914524453
2025-10-17,sz399006,3026.398,3042.286,2932.684,2935.37,3037.442,17826886522,,-3.360459228521895
2025-10-20,sz399006,3007.208,3042.199,2970.188,2993.455,2935.37,15593761109,,1.9787965401295349
2025-10-21,sz399006,3017.772,3101.932,2994.76,3083.716,2993.455,17202850600,,3.015278332228144
2025-10-22,sz399006,3061.267,3089.764,3044.045,3059.319,3083.716,15831341016,,-0.7911558651964024
2025-10-23,sz399006,3050.736,3066.46,3003.336,3062.163,3059.319,16239949055,,0.09296186504250681
2025-10-24,sz399006,3087.628,3171.569,3082.064,3171.569,3062.163,18307380958,,3.5728339738936077
2025-10-27,sz399006,3227.179,3241.951,3179.623,3234.455,3171.569,20725640357,,1.9828040947556191
2025-10-28,sz399006,3205.442,3282.328,3205.05,3229.575,3234.455,20143239786,,-0.15087549525345523
2025-10-29,sz399006,3263.984,3324.271,3258.689,3324.271,3229.575,20717836728,,2.9321505151606697
2025-10-30,sz399006,3313.788,3331.859,3259.21,3263.022,3324.271,21761020060,,-1.842479148059839
2025-10-31,sz399006,3260.264,3281.662,3187.533,3187.533,3263.022,21347524662,,-2.3134689254317053
2025-11-03,sz399006,3179.297,3199.399,3120.851,3196.871,3187.533,20898199089,,0.29295382981133766
2025-11-04,sz399006,3190.404,3207.102,3111.02,3134.09,3196.871,19143966340,,-1.9638265041035385
2025-11-05,sz399006,3068.948,3179.929,3068.948,3166.231,3134.09,20000833382,,1.0255289414152102
2025-11-06,sz399006,3185.128,3236.679,3177.603,3224.624,3166.231,19582658733,,1.8442432027227174
2025-11-07,sz399006,3201.259,3240.345,3178.802,3208.206,3224.624,19944235624,,-0.5091446320563131
2025-11-10,sz399006,3221.933,3236.605,3138.303,3178.827,3208.206,20533756116,,-0.9157454352993533
2025-11-11,sz399006,3197.123,3209.89,3130.575,3134.316,3178.827,20310223048,,-1.4002334823505769
2025-11-12,sz399006,3122.577,3137.582,3078.644,3122.027,3134.316,19984248383,,-0.3920791649597466
2025-11-13,sz399006,3119.086,3209.703,3107.623,3201.754,3122.027,20638393403,,2.5536934818308765
2025-11-14,sz399006,3145.924,3167.105,3111.507,3111.507,3201.754,20998312484,,-2.8186737644428583
2025-11-17,sz399006,3097.335,3120.735,3082.234,3105.203,3111.507,21307476760,,-0.20260279022351613
2025-11-18,sz399006,3089.382,3115.306,3052.636,3069.219,3105.203,22428895470,,-1.1588292295221847
2025-11-19,sz399006,3065.165,3113.222,3061.963,3076.845,3069.219,20997810906,,0.24846711818218292
2025-11-20,sz399006,3131.838,3137.065,3039.377,3042.341,3076.845,19450267734,,-1.1214084557395587
2025-11-21,sz399006,2979.371,2996.794,2920.039,2920.078,3042.341,24648637338,,-4.0187145359445235
2025-11-24,sz399006,2946.456,2951.434,2892.274,2929.043,2920.078,21908590872,,0.30701234693046864
2025-11-25,sz399006,2970.731,3027.83,2961.932,2980.934,2929.043,22808738026,,1.7716025336603103
2025-11-26,sz399006,2976.705,3081.491,2962.992,3044.695,2980.934,21283321280,,2.138960473462337
2025-11-27,sz399006,3041.205,3113.442,3027.305,3031.296,3044.695,19514288579,,-0.4400769206767907
2025-11-28,sz399006,3029.977,3067.76,3013.494,3052.587,3031.296,18738179122,,0.702372846465682
2025-12-01,sz399006,3060.557,3093.962,3037.688,3092.499,3052.587,21008205794,,1.3074811626990313
2025-12-02,sz399006,3091.369,3094.177,3056.362,3071.149,3092.499,19246524050,,-0.690380174738936
2025-12-03,sz399006,3078.858,3105.304,3028.696,3036.786,3071.149,19585191000,,-1.118897194502766
2025-12-04,sz399006,3037.051,3075.458,3016.579,3067.484,3036.786,17561563591,,1.0108713620255116
2025-12-05,sz399006,3084.217,3115.814,3048.943,3109.297,3067.484,18848488749,,1.3631040944304784
2025-12-08,sz399006,3119.151,3214.478,3119.151,3190.269,3109.297,21190777492,,2.6041899503328247
2025-12-09,sz399006,3183.613,3235.536,3175.506,3209.603,3190.269,19411787047,,0.6060304005712558
2025-12-10,sz399006,3201.378,3220.235,3143.415,3209.004,3209.603,18550766603,,-0.01866274427086978
2025-12-11,sz399006,3210.546,3246.317,3163.675,3163.675,3209.004,19403941107,,-1.4125566686735147
2025-12-12,sz399006,3172.731,3203.254,3137.625,3194.359,3163.675,20278545302,,0.9698847068677852
2025-12-15,sz399006,3157.32,3184.625,3135.663,3137.801,3194.359,18067347997,,-1.7705586629430226
2025-12-16,sz399006,3130.428,3141.579,3058.792,3071.762,3137.801,18155089402,,-2.1046267752480086
2025-12-17,sz399006,3072.621,3181.689,3072.621,3175.908,3071.762,18686832441,,3.3904319410162476
2025-12-18,sz399006,3138.657,3154.066,3107.065,3107.065,3175.908,16921874026,,-2.167663546928933
2025-12-19,sz399006,3134.804,3157.29,3112.032,3122.238,3107.065,17736191710,,0.4883386733138817
2025-12-22,sz399006,3153.749,3197.941,3153.749,3191.985,3122.238,17522753517,,2.233878391077182
2025-12-23,sz399006,3196.309,3227.067,3184.534,3205.011,3191.985,18388058045,,0.40808462445782734
2025-12-24,sz399006,3207.409,3234.999,3193.967,3229.577,3205.011,18267504994,,0.7664872289049995
2025-12-25,sz399006,3232.971,3249.105,3200.492,3239.343,3229.577,19356999681,,0.3023925424289198
2025-12-26,sz399006,3232.409,3268.695,3219.131,3243.876,3239.343,21093462998,,0.13993578327458067
2025-12-29,sz399006,3237.773,3250.088,3208.076,3222.611,3243.876,19624276753,,-0.6555429369063503
2025-12-30,sz399006,3208.323,3251.133,3207.729,3242.905,3222.611,20695328504,,0.6297378119791697
2025-12-31,sz399006,3247.737,3254.89,3198.248,3203.172,3242.905,20619816729,,-1.2252286144675884
2026-01-05,sz399006,3229.933,3295.286,3229.933,3294.551,3203.172,26314261047,,2.852765945756275
2026-01-06,sz399006,3279.811,3321.436,3265.729,3319.292,3294.551,27815065515,,0.7509672790009914
2026-01-07,sz399006,3331.341,3351.216,3298.553,3329.693,3319.292,27164105082,,0.313349955351927
2026-01-08,sz399006,3308.738,3328.955,3285.164,3302.307,3329.693,28086491869,,-0.8224782284733334
2026-01-09,sz399006,3279.376,3330.012,3269.993,3327.813,3302.307,33328063500,,0.7723691346685824
2026-01-12,sz399006,3323.636,3398.05,3282.389,3388.341,3327.813,40685183170,,1.8188522011302943
2026-01-13,sz399006,3390.688,3416.837,3307.631,3321.889,3388.341,41954770103,,-1.9611957592225782
2026-01-14,sz399006,3333.171,3403.954,3308.627,3349.138,3321.889,43995841831,,0.8202862889157281
2026-01-15,sz399006,3318.109,3372.474,3309.062,3367.917,3349.138,30757654761,,0.5607114427652826
2026-01-16,sz399006,3394.346,3407.862,3354.649,3361.017,3367.917,29998155132,,-0.20487440753439445
2026-01-19,sz399006,3340.936,3383.789,3326.134,3337.608,3361.017,25640521661,,-0.696485617299758
2026-01-20,sz399006,3340.456,3347.944,3257.435,3277.979,3337.608,26073148031,,-1.7865788912298952
2026-01-21,sz399006,3270.127,3329.502,3270.127,3295.523,3277.979,23018590975,,0.5352078216486644
2026-01-22,sz399006,3312.751,3337.272,3280.317,3328.647,3295.523,23538932550,,1.0051211901722423
2026-01-23,sz399006,3334.017,3349.503,3316.654,3349.503,3328.647,29347937166,,0.6265608819439272
2026-01-26,sz399006,3365.606,3367.992,3304.356,3319.149,3349.503,31480672335,,-0.9062239980080711
2026-01-27,sz399006,3316.021,3366.683,3277.257,3342.599,3319.149,26646005109,,0.7065063966697593
2026-01-28,sz399006,3359.788,3361.14,3301.048,3323.562,3342.599,25814224847,,-0.5695268861146796
2026-01-29,sz399006,3322.48,3356.485,3298.588,3304.51,3323.562,29496322405,,-0.5732403968994659
2026-01-30,sz399006,3301.541,3369.245,3255.648,3346.355,3304.51,26302631763,,1.2662996934492465
2026-02-02,sz399006,3368.141,3390.299,3262.122,3264.111,3346.355,23854360757,,-2.4577189210349792
2026-02-03,sz399006,3318.06,3332.477,3249.061,3324.892,3264.111,23061644766,,1.8620996651155464
2026-02-04,sz399006,3298.322,3318.898,3244.711,3311.515,3324.892,23731292772,,-0.40232885759897696
2026-02-05,sz399006,3277.721,3288.375,3238.784,3260.278,3311.515,20529520802,,-1.5472374426810709
2026-02-06,sz399006,3222.884,3288.032,3199.144,3236.464,3260.278,20940122955,,-0.7304285094706597
2026-02-09,sz399006,3299.597,3340.329,3276.567,3332.77,3236.464,23531193301,,2.975654912274628
2026-02-10,sz399006,3321.884,3348.483,3320.537,3320.537,3332.77,24045837249,,-0.3670520317933801
2026-02-11,sz399006,3312.643,3324.182,3284.239,3284.735,3320.537,22071512282,,-1.0781990985192946
2026-02-12,sz399006,3294.571,3334.354,3292.677,3328.063,3284.735,22591739521,,1.3190714014981397
2026-02-13,sz399006,3309.429,3323.369,3275.289,3275.958,3328.063,20624958923,,-1.5656254103362799
2026-02-24,sz399006,3331.795,3343.244,3292.5,3308.265,3275.958,22240405558,,0.9861848045670918
2026-02-25,sz399006,3313.093,3363.182,3302.759,3354.819,3308.265,23205479475,,1.4072028691776595
2026-02-26,sz399006,3346.743,3351.573,3310.554,3344.982,3354.819,25161974420,,-0.29321999189821923
2026-02-27,sz399006,3303.977,3326.585,3292.892,3310.305,3344.982,24032083023,,-1.0366871929355703
2026-03-02,sz399006,3257.051,3319.908,3257.051,3294.161,3310.305,27351491153,,-0.48768920084402145
2026-03-03,sz399006,3316.633,3331.264,3206.615,3209.482,3294.161,28637119972,,-2.570578669348589
2026-03-04,sz399006,3171.185,3217.111,3149.412,3164.371,3209.482,21733186383,,-1.405553918046587
2026-03-05,sz399006,3236.151,3264.796,3194.956,3216.939,3164.371,24166948932,,1.6612464214847078
2026-03-06,sz399006,3197.665,3248.898,3177.871,3229.302,3216.939,22276622596,,0.38430943204084134
2026-03-09,sz399006,3152.717,3220.015,3111.883,3208.582,3229.302,25504546193,,-0.6416247226180838
2026-03-10,sz399006,3281.944,3308.747,3272.99,3306.141,3208.582,23630427361,,3.040564336520002
2026-03-11,sz399006,3318.413,3388.103,3318.413,3349.529,3306.141,23556722041,,1.3123457227020907
2026-03-12,sz399006,3357.033,3358.771,3286.767,3317.522,3349.529,22542505817,,-0.9555671857147674
2026-03-13,sz399006,3296.503,3342.854,3296.114,3310.278,3317.522,22655297449,,-0.2183557486581944
2026-03-16,sz399006,3323.979,3360.354,3284.048,3357.022,3310.278,20821772507,,1.412086839836424
2026-03-17,sz399006,3385.712,3390.021,3279.875,3280.059,3357.022,20725685437,,-2.2925974271243876
2026-03-18,sz399006,3307.822,3350.556,3274.26,3346.365,3280.059,19370269368,,2.0214880281116843
2026-03-19,sz399006,3311.445,3361.215,3295.453,3309.103,3346.365,19915356248,,-1.1135067453789338
2026-03-20,sz399006,3362.072,3426.609,3348.7,3352.103,3309.103,22540163023,,1.2994458014754962
2026-03-23,sz399006,3300.558,3334.456,3214.819,3235.221,3352.103,23966917084,,-3.4868260313003496
2026-03-24,sz399006,3266.932,3270.191,3155.271,3251.545,3235.221,20522547863,,0.504571403313725
2026-03-25,sz399006,3287.171,3325.263,3278.726,3316.971,3251.545,20629018561,,2.012151146608754
2026-03-26,sz399006,3299.031,3347.23,3263.996,3272.488,3316.971,18545832832,,-1.3410729246653097
2026-03-27,sz399006,3236.37,3323.333,3228.411,3295.88,3272.488,16968830294,,0.7148078159492144
2026-03-30,sz399006,3254.431,3281.393,3224.599,3273.355,3295.88,17219385707,,-0.6834290083376882
2026-03-31,sz399006,3247.279,3280.479,3184.952,3184.952,3273.355,17816826549,,-2.7006847714348026
2026-04-01,sz399006,3255.264,3255.264,3206.802,3247.523,3184.952,18012365918,,1.9645821977850808
2026-04-02,sz399006,3229.6,3229.679,3155.13,3172.649,3247.523,17467543341,,-2.305572585629112
2026-04-03,sz399006,3197.771,3199.438,3149.153,3149.596,3172.649,16182688712,,-0.7266167798580914
2026-04-07,sz399006,3162.823,3181.351,3133.779,3160.816,3149.596,14670427390,,0.35623616489224297
2026-04-08,sz399006,3257.906,3348.392,3243.782,3347.61,3160.816,22690229989,,5.909676488602944
2026-04-09,sz399006,3316.291,3340.298,3301.646,3323.299,3347.61,19555590311,,-0.726219601447009
2026-04-10,sz399006,3355.073,3470.719,3354.765,3448.787,3323.299,20539106713,,3.77600691361204
2026-04-13,sz399006,3434.32,3492.482,3434.32,3476.44,3448.787,18001313969,,0.8018181464961582
2026-04-14,sz399006,3507.11,3560.302,3493.368,3558.527,3476.44,20096606164,,2.3612373577567958
2026-04-15,sz399006,3596.079,3599.979,3491.451,3514.96,3558.527,20315993310,,-1.2242987056161114
2026-04-16,sz399006,3531.261,3629.422,3518.358,3626.271,3514.96,21219301035,,3.166778569315154
2026-04-17,sz399006,3643.153,3685.098,3620.328,3678.293,3626.271,21364787944,,1.434586659408521
2026-04-20,sz399006,3657.348,3696.26,3642.807,3677.576,3678.293,21559884372,,-0.019492737527981863
2026-04-21,sz399006,3662.259,3695.742,3619.485,3688.937,3677.576,19671006859,,0.308926314507163
2026-04-22,sz399006,3660.42,3755.751,3660.085,3752.759,3688.937,20832548977,,1.7300918936810294
2026-04-23,sz399006,3769.019,3785.23,3681.571,3720.247,3752.759,23455411380,,-0.8663492646343696
2026-04-24,sz399006,3682.499,3699.939,3624.995,3667.785,3720.247,22796018188,,-1.4101751846046784
2026-04-27,sz399006,3677.89,3686.943,3640.115,3648.788,3667.785,21594188735,,-0.5179420276815505
2026-04-28,sz399006,3623.49,3636.934,3580.389,3596.712,3648.788,21883402468,,-1.4272136391590862
2026-04-29,sz399006,3578.423,3692.206,3578.423,3687.168,3596.712,21500240214,,2.514963666815695
2026-04-30,sz399006,3704.109,3718.399,3660.219,3677.148,3687.168,20180814133,,-0.2717532805665446
2026-05-06,sz399006,3760.671,3815.07,3724.527,3778.159,3677.148,24988027312,,2.746993050048574
2026-05-07,sz399006,3807.99,3840.055,3761.232,3833.057,3778.159,25231311943,,1.453035724542029
2026-05-08,sz399006,3792.042,3840.156,3787.174,3796.128,3833.057,24287398220,,-0.9634346684643469
2026-05-11,sz399006,3829.608,3937.874,3797.498,3928.974,3796.128,26404616003,,3.4995131881748964
2026-05-12,sz399006,3947.137,3954.991,3897.817,3934.882,3928.974,24703507786,,0.15037004571676338
2026-05-13,sz399006,3900.737,4041.989,3893.803,4038.333,3934.882,24807207033,,2.629075026900418
2026-05-14,sz399006,4087.851,4090.422,3937.601,3951.14,4038.333,25032317176,,-2.1591334840390886
2026-05-15,sz399006,3957.738,4002.727,3870.374,3929.064,3951.14,24556981859,,-0.5587248237217568
2026-05-18,sz399006,3895.068,3961.156,3883.405,3914.875,3929.064,21764693581,,-0.36112926641052034
2026-05-19,sz399006,3894.001,3918.307,3808.47,3908.438,3914.875,22348130376,,-0.16442415147354117
2026-05-20,sz399006,3889.679,3947.22,3887.155,3921.789,3908.438,22260561647,,0.3415942634883873
2026-05-21,sz399006,3962.303,4017.809,3827.516,3829.779,3921.789,26552874188,,-2.346123159609048
2026-05-22,sz399006,3875.813,3948.989,3856.207,3938.502,3829.779,21429015141,,2.8388844369348742
2026-05-25,sz399006,3974.975,4022.737,3905.695,4021.16,3938.502,23145781457,,2.0987167202149326
2026-05-26,sz399006,4003.133,4057.369,3985.513,4043.066,4021.16,22809212733,,0.5447681763471213
2026-05-27,sz399006,4053.675,4148.234,4015.65,4045.773,4043.066,22412918557,,0.06695413827031427
2026-05-28,sz399006,4042.078,4135.375,3971.719,4125.075,4045.773,20779648537,,1.9601198584300095
2026-05-29,sz399006,4141.914,4158.694,4010.119,4037.951,4125.075,23341375890,,-2.1120585686320803
2026-06-01,sz399006,4057.393,4081.418,3942.683,3950.943,4037.951,21079880879,,-2.1547562117519403
2026-06-02,sz399006,3987.406,4083.925,3946.108,4055.871,3950.943,20391572781,,2.6557710399770285
2026-06-03,sz399006,4089.02,4218.331,4063.205,4122.987,4055.871,21892584780,,1.6547863578501465
2026-06-04,sz399006,4072.549,4114.237,4051.146,4088.884,4122.987,20272486985,,-0.8271430397427948
2026-06-05,sz399006,4079.952,4105.21,3933.065,3957.935,4088.884,22873202312,,-3.202560894366291
2026-06-08,sz399006,3820.231,3903.774,3776.927,3811.785,3957.935,22833641435,,-3.692582116684584
2026-06-09,sz399006,3865.693,3962.898,3823.76,3961.749,3811.785,20975558495,,3.9342197946631297
2026-06-10,sz399006,3897.73,3928.36,3818.312,3854.793,3961.749,20394708661,,-2.699716716026168
2026-06-11,sz399006,3839.187,3910.278,3755.613,3811.246,3854.793,19846534095,,-1.1296845252131593
2026-06-12,sz399006,3921.089,3921.535,3822.422,3830.353,3811.246,23024609971,,0.5013321102862456
2026-06-15,sz399006,3896.167,4033.535,3844.08,4033.535,3830.353,22126900284,,5.304524152212586
2026-06-16,sz399006,4065.271,4142.433,4053.878,4102.942,4033.535,22590511467,,1.7207486733101351
2026-06-17,sz399006,4061.297,4168.165,4058.614,4167.048,4102.942,22186156810,,1.5624398297611863
2026-06-18,sz399006,4153.621,4272.008,4153.621,4252.39,4167.048,22655993767,,2.048020565157893
2026-06-22,sz399006,4272.988,4359.392,4229.315,4359.392,4252.39,27234600246,,2.516279080705197
2026-06-23,sz399006,4343.875,4350.063,4159.476,4192.194,4359.392,24585896693,,-3.8353513517481175
2026-06-24,sz399006,4181.906,4257.25,4161.581,4251.424,4192.194,23249470821,,1.4128640039082097
2026-06-25,sz399006,4278.339,4380.413,4242.863,4371.989,4251.424,24652288136,,2.835873345025086
2026-06-26,sz399006,4319.409,4328.7,4175.377,4194.209,4371.989,24093147333,,-4.066341429495813
2026-06-29,sz399006,4200.674,4265.463,4103.633,4216.699,4194.209,24357140946,,0.5362155295551396
2026-06-30,sz399006,4217.633,4353.105,4205.742,4342.712,4216.699,22318593200,,2.988427677669203
2026-07-01,sz399006,4336.161,4361.825,4222.223,4260.721,4342.712,26490099989,,-1.8880137573019096
2026-07-02,sz399006,4135.342,4168.873,3999.567,4017.273,4260.721,24955456817,,-5.713774734370059
2026-07-03,sz399006,4010.819,4115.628,3985.363,4019.934,4017.273,22845319540,,0.06623896359545522
2026-07-06,sz399006,4050.876,4063.631,3903.478,3948.86,4019.934,21657677145,,-1.7680389777543604
2026-07-07,sz399006,3931.439,3976.114,3859.426,3911.907,3948.86,18580698368,,-0.9357890631726651
2026-07-08,sz399006,3932.42,3965.388,3824.33,3845.351,3911.907,19257204922,,-1.7013696900258668
2026-07-09,sz399006,3892.123,4025.316,3812.655,4018.174,3845.351,20837813552,,4.4943361477274735
2026-07-10,sz399006,4041.859,4060.533,3842.347,3842.731,4018.174,24825417598,,-4.3662370021805845
2026-07-13,sz399006,3809.858,3855.753,3691.232,3723.517,3842.731,21989517615,,-3.102324883006391
2026-07-14,sz399006,3729.613,3855.035,3673.958,3851.137,3723.517,19614651747,,3.4274047896115434
2026-07-15,sz399006,3879.766,3905.312,3794.344,3804.704,3851.137,19725276324,,-1.2056958763087322
2026-07-16,sz399006,3710.507,3796.346,3658.068,3692.457,3804.704,19845656291,,-2.9502163637434187
2026-07-17,sz399006,3642.057,3642.057,3387.26,3428.63,3692.457,23022124305,,-7.14502565635835
2026-07-20,sz399006,3504.116,3550.594,3338.213,3443.102,3428.63,23717409929,,0.42209278924818516
2026-07-21,sz399006,3469.223,3687.147,3373.04,3685.969,3443.102,25892240565,,7.053726552393758
2026-07-22,sz399006,3644.976,3694.9,3553.367,3566.732,3685.969,20583391854,,-3.234888844697281
2026-07-23,sz399006,3596.735,3621.728,3538.106,3575.52,3566.732,18176633354,,0.24638801008878275
2026-07-24,sz399006,3515.504,3561.35,3480.87,3480.87,3575.52,16879360665,,-2.6471674050208116
2026-07-27,sz399006,3482.045,3592.1,3449.205,3590.787,3480.87,17522739402,,3.157745046496996
2026-07-28,sz399006,3478.864,3511.7,3312.305,3327.03,3590.787,17470804162,,-7.34538138853682
2026-07-29,sz399006,3333.481,3411.032,3249.647,3378.696,3327.03,20104472035,,1.5529165652248267
2026-07-30,sz399006,3331.321,3353.81,3158.139,3244.618,3378.696,20383641844,,-3.968335712949611
2026-07-31,sz399006,3411.612,3464.897,3343.964,3343.964,3244.618,23617094508,,3.061870457477589
2026-08-03,sz399006,3320.093,3342.173,3280.843,3302.553,3343.964,18772097180,,-1.23838055672848
2026-08-04,sz399006,3353.512,3510.512,3342.406,3488.966,3302.553,21110662267,,5.64451198814977
2026-08-05,sz399006,3372.082,3584.062,3372.042,3535.143,3488.966,22649535325,,1.3235153337693761
2026-08-06,sz399006,3472.146,3574.406,3444.358,3515.56,3535.143,21880724664,,-0.5539521314979368
2026-08-07,sz399006,3537.44,3613.871,3507.615,3563.116,3515.56,22997743476,,1.3527290104563772
2026-08-10,sz399006,3567.046,3575.589,3470.953,3537.214,3563.116,20898630208,,-0.7269479859763228
2026-08-11,sz399006,3533.894,3601.59,3517.572,3549.164,3537.214,19075507613,,0.3378365007036699
2026-08-12,sz399006,3542.133,3625.268,3540.948,3602.083,3549.164,18343894837,,1.4910271827393684
2026-08-13,sz399006,3656.876,3681.799,3585.272,3586.043,3602.083,22085067455,,-0.44529790124213653
2026-08-14,sz399006,3610.194,3633.034,3578.614,3626.296,3586.043,19350780905,,1.1224907230615866
2026-08-17,sz399006,3632.777,3740.157,3604.166,3740.157,3626.296,19427869202,,3.139870545592527
2026-08-18,sz399006,3730.987,3747.528,3662.448,3705.564,3740.157,19621381472,,-0.924907697724997
2026-08-19,sz399006,3605.518,3622.503,3455.478,3473.493,3705.564,20550914125,,-6.2627713352137455
2026-08-20,sz399006,3517.652,3531.923,3459.569,3495.589,3473.493,18287532378,,0.636131985871291
2026-08-21,sz399006,3495.113,3563.059,3478.517,3545.577,3495.589,16889680174,,1.4300308188405442
2026-08-24,sz399006,3550.249,3551.508,3376.639,3431.885,3545.577,17031614880,,-3.20658668532654
2026-08-25,sz399006,3403.198,3440.65,3359.735,3397.515,3431.885,17066418311,,-1.0014904345571174
2026-08-26,sz399006,3409.279,3455.888,3379.142,3414.883,3397.515,16478265609,,0.5111971543907856
2026-08-27,sz399006,3437.901,3474.069,3408.801,3473.355,3414.883,18256943850,,1.7122694979593733
2026-08-28,sz399006,3453.729,3521.469,3423.074,3424.401,3473.355,18615422178,,-1.4094153923224106
2026-08-31,sz399006,3367.043,3438.681,3359.135,3438.681,3424.401,19265537523,,0.41700723717812416
2026-09-01,sz399006,3435.321,3442.477,3375.013,3393.43,3438.681,19489930593,,-1.3159406179288013
2026-09-02,sz399006,3347.675,3348.693,3296.475,3312.243,3393.43,16524922541,,-2.392476049307035
2026-09-03,sz399006,3342.092,3356.246,3285.058,3312.541,3312.243,16153244703,,0.008996924440629606
2026-09-04,sz399006,3344.621,3370.468,3266.796,3286.546,3312.541,19341304198,,-0.7847450039109027
2026-09-07,sz399006,3326.417,3409.365,3320.265,3398.681,3286.546,16586585867,,3.411940681797865
2026-09-08,sz399006,3394.346,3418.485,3346.714,3359.716,3398.681,16708357667,,-1.1464741763054564
2026-09-09,sz399006,3398.222,3398.222,3327.137,3354.969,3359.716,15879997901,,-0.14129170441786743
2026-09-10,sz399006,3324.333,3368.733,3308.705,3338.422,3354.969,14218171993,,-0.4932087300955734
2026-09-11,sz399006,3310.013,3335.814,3261.1,3322.039,3338.422,16510348210,,-0.4907408350412257
2026-09-14,sz399006,3279.307,3331.054,3262.486,3285.583,3322.039,13773408663,,-1.09739831470973
2026-09-15,sz399006,3280.855,3315.33,3245.059,3247.918,3285.583,13721683162,,-1.146371891989939
2026-09-16,sz399006,3246.887,3327.557,3227.181,3311.474,3247.918,14416940713,,1.9568228015608868
2026-09-17,sz399006,3297.31,3351.421,3293.933,3298.31,3311.474,14522025674,,-0.3975269019173999
2026-09-18,sz399006,3351.559,3398.158,3313.208,3372.676,3298.31,16164903129,,2.254669815754129
2026-09-21,sz399006,3403.896,3429.274,3373.932,3399.59,3372.676,17642475472,,0.7980013496701188
2026-09-22,sz399006,3446.329,3472.471,3387.879,3399.93,3399.59,18561414080,,0.010001206027787646
2026-09-23,sz399006,3412.53,3412.53,3372.953,3379.61,3399.93,15952248707,,-0.5976593635751204
2026-09-24,sz399006,3366.89,3371.609,3288.948,3288.948,3379.61,14166811064,,-2.682617225064443
