date,code,open,high,low,close,preclose,volume,amount,pctChg
2014-11-03,sh000903,2270.453,2274.307,2251.817,2259.986,,10849912800,,
2014-11-04,sh000903,2258.28,2264.802,2246.138,2258.739,2259.986,12007687200,,-0.05517733295692384
2014-11-05,sh000903,2261.563,2264.321,2244.513,2247.926,2258.739,9997328000,,-0.478718435374792
2014-11-06,sh000903,2250.173,2254.778,2229.01,2245.669,2247.926,7700264800,,-0.10040366097461284
2014-11-07,sh000903,2248.01,2283.212,2236.152,2248.068,2245.669,11522182400,,0.10682785397138073
2014-11-10,sh000903,2282.035,2312.048,2265.611,2312.048,2248.068,13779740800,,2.845999320305248
2014-11-11,sh000903,2325.875,2364.363,2302.226,2324.971,2312.048,20172121600,,0.5589416828716498
2014-11-12,sh000903,2310.467,2352.411,2303.492,2352.287,2324.971,10805495200,,1.1748963750515484
2014-11-13,sh000903,2354.708,2370.198,2331.828,2341.852,2352.287,12479680800,,-0.44361083490237485
2014-11-14,sh000903,2332.011,2348.205,2321.033,2347.16,2341.852,9389777600,,0.22665821751330917
2014-11-17,sh000903,2384.159,2384.159,2320.26,2321.411,2347.16,8850445600,,-1.097027897544256
2014-11-18,sh000903,2320.538,2321.993,2281.137,2285.478,2321.411,8248768000,,-1.5478947932959786
2014-11-19,sh000903,2281.201,2288.482,2271.646,2275.811,2285.478,6034157600,,-0.4229749750380374
2014-11-20,sh000903,2268.409,2286.613,2261.971,2278.309,2275.811,5408314400,,0.109763069077351
2014-11-21,sh000903,2278.598,2326.206,2270.4,2323.969,2278.309,7994139200,,2.004117966439134
2014-11-24,sh000903,2347.885,2403.228,2339.378,2384.328,2323.969,16379870400,,2.5972377428442384
2014-11-25,sh000903,2383.828,2416.745,2377.067,2415.319,2384.328,12768176000,,1.2997792250059481
2014-11-26,sh000903,2424.816,2461.457,2424.816,2461.012,2415.319,14364030400,,1.8917997995296032
2014-11-27,sh000903,2476.841,2497.363,2461.161,2497.363,2461.012,15894187200,,1.4770752844764479
2014-11-28,sh000903,2496.256,2571.722,2484.844,2570.578,2497.363,24008779200,,2.9316923490898317
2014-12-01,sh000903,2593.782,2634.046,2576.653,2584.497,2570.578,23282932800,,0.5414735518626479
2014-12-02,sh000903,2571.394,2726.295,2568.842,2702.263,2584.497,23520404800,,4.556631329036165
2014-12-03,sh000903,2715.966,2815.929,2683.996,2734.484,2702.263,29517488000,,1.1923709868358445
2014-12-04,sh000903,2744.012,2882.691,2731.201,2882.081,2734.484,26667304000,,5.397617978382763
2014-12-05,sh000903,2930.099,2996.991,2814.145,2922.284,2882.081,34086758400,,1.3949295665180772
2014-12-08,sh000903,2904.365,3079.417,2871.435,3059.987,2922.284,32086304000,,4.712170343471067
2014-12-09,sh000903,3040.817,3196.151,2875.486,2913.357,3059.987,41625497600,,-4.791850422893962
2014-12-10,sh000903,2932.246,3027.09,2842.04,3016.203,2913.357,28101161600,,3.530154388906004
2014-12-11,sh000903,2969.259,3043.531,2942.715,2957.763,3016.203,21791891200,,-1.937535371458754
2014-12-12,sh000903,2951.853,3018.544,2934.509,2957.723,2957.763,17403105600,,-0.0013523733984110997
2014-12-15,sh000903,2937.79,2982.872,2895.183,2972.92,2957.723,18069398400,,0.5138074119855007
2014-12-16,sh000903,2976.21,3076.748,2961.415,3076.748,2972.92,23546052800,,3.492458592898573
2014-12-17,sh000903,3105.868,3174.972,3076.201,3167.472,3076.748,31273289600,,2.948697780903742
2014-12-18,sh000903,3175.68,3210.797,3124.79,3157.54,3167.472,24907420800,,-0.3135623614036742
2014-12-19,sh000903,3160.808,3226.434,3103.181,3206.92,3157.54,27914249600,,1.563875675367532
2014-12-22,sh000903,3224.876,3322.567,3202.43,3254.839,3206.92,39352499200,,1.4942374614895337
2014-12-23,sh000903,3210.641,3305.878,3161.6,3191.661,3254.839,27000118400,,-1.9410483897974617
2014-12-24,sh000903,3195.223,3202.698,3025.679,3068.601,3191.661,22171812800,,-3.855672641925312
2014-12-25,sh000903,3096.526,3184.085,3061.587,3183.713,3068.601,22228467200,,3.7512860094877087
2014-12-26,sh000903,3192.354,3312.811,3181.067,3304.46,3183.713,27704684800,,3.792647138733929
2014-12-29,sh000903,3374.604,3406.232,3274.7,3329.573,3304.46,30934585600,,0.7599728851310106
2014-12-30,sh000903,3324.517,3392.84,3302.197,3360.928,3329.573,23663604800,,0.9417123456971765
2014-12-31,sh000903,3367.573,3451.487,3349.759,3440.6,3360.928,25312057600,,2.3705357567909813
2015-01-05,sh000903,3480.649,3583.094,3463.378,3551.909,3440.6,31349980800,,3.2351624716619343
2015-01-06,sh000903,3511.768,3603.774,3482.879,3534.738,3551.909,28779046400,,-0.4834301779690908
2015-01-07,sh000903,3509.944,3571.588,3492.501,3538.264,3534.738,21570195200,,0.09975279638831935
2015-01-08,sh000903,3549.29,3559.375,3432.431,3439.101,3538.264,20423688000,,-2.802589066276573
2015-01-09,sh000903,3430.576,3597.931,3414.247,3441.214,3439.101,25644718400,,0.06144047528700014
2015-01-12,sh000903,3427.343,3462.292,3348.178,3406.257,3441.214,18834881600,,-1.0158333657831142
2015-01-13,sh000903,3396.617,3437.125,3373.773,3393.349,3406.257,12494708000,,-0.37894967995661943
2015-01-14,sh000903,3406.156,3436.307,3355.25,3388.049,3393.349,13949409600,,-0.15618788400486583
2015-01-15,sh000903,3388.859,3507.663,3362.732,3507.541,3388.049,17451668800,,3.5268675275947903
2015-01-16,sh000903,3520.877,3564.226,3497.581,3528.496,3507.541,20531142400,,0.5974270863833064
2015-01-19,sh000903,3282.801,3364.508,3202.791,3221.499,3528.496,22638649600,,-8.700505824577952
2015-01-20,sh000903,3195.211,3272.892,3170.734,3236.217,3221.499,20711588800,,0.45686806048985673
2015-01-21,sh000903,3261.562,3412.515,3243.84,3400.475,3236.217,23700875200,,5.075617611550776
2015-01-22,sh000903,3402.15,3418.574,3359.342,3405.991,3400.475,18154134400,,0.1622126320587558
2015-01-23,sh000903,3420.809,3481.031,3399.333,3423.606,3405.991,19179427200,,0.5171769391052461
2015-01-26,sh000903,3432.077,3445.872,3398.988,3441.571,3423.606,16189294400,,0.5247391200973395
2015-01-27,sh000903,3447.106,3450.31,3332.353,3395.855,3441.571,19795473600,,-1.3283468509003526
2015-01-28,sh000903,3364.49,3404.883,3333.035,3345.453,3395.855,14002552000,,-1.4842212049690051
2015-01-29,sh000903,3292.185,3321.531,3268.025,3298.043,3345.453,14010779200,,-1.4171473937909074
2015-01-30,sh000903,3312.953,3331.247,3243.929,3251.422,3298.043,12599156000,,-1.413595880951224
2015-02-02,sh000903,3169.749,3216.314,3152.961,3157.278,3251.422,13199363200,,-2.895471581357334
2015-02-03,sh000903,3194.495,3252.276,3160.325,3245.495,3157.278,13180773600,,2.7940840179420334
2015-02-04,sh000903,3255.822,3290.932,3209.547,3211.562,3245.495,12682301600,,-1.0455415891874709
2015-02-05,sh000903,3310.244,3311.233,3175.319,3175.342,3211.562,17184094400,,-1.1278001172015273
2015-02-06,sh000903,3159.35,3186.01,3103.454,3131.178,3175.342,12898237600,,-1.390842309269369
2015-02-09,sh000903,3124.287,3205.696,3113.825,3174.538,3131.178,11698356000,,1.3847823407037163
2015-02-10,sh000903,3172.34,3232.059,3163.591,3228.357,3174.538,10686140800,,1.6953333051927588
2015-02-11,sh000903,3238.261,3255.524,3224.478,3243.835,3228.357,8638839200,,0.4794389220275308
2015-02-12,sh000903,3243.986,3259.408,3208.343,3248.296,3243.835,9647156000,,0.13752240789064452
2015-02-13,sh000903,3262.422,3311.469,3248.593,3266.732,3248.296,12996436800,,0.5675591140708924
2015-02-16,sh000903,3266.386,3280.91,3250.048,3273.484,3266.732,9685279200,,0.2066897437561499
2015-02-17,sh000903,3283.148,3314.292,3283.148,3296.195,3273.484,9260747200,,0.693786803295815
2015-02-25,sh000903,3302.472,3302.472,3234.339,3249.516,3296.195,9861167200,,-1.4161480130878257
2015-02-26,sh000903,3242.602,3342.056,3219.183,3337.783,3249.516,15461081600,,2.7163122138804674
2015-02-27,sh000903,3336.189,3359.95,3323.601,3334.105,3337.783,14436595200,,-0.11019290349312261
2015-03-02,sh000903,3360.555,3363.578,3318.195,3344.728,3334.105,14937088000,,0.3186162403403525
2015-03-03,sh000903,3319.762,3319.762,3239.273,3241.408,3344.728,15941612800,,-3.0890404242138736
2015-03-04,sh000903,3248.1,3267.305,3221.426,3247.872,3241.408,11499789600,,0.1994195115209152
2015-03-05,sh000903,3223.094,3226.94,3175.302,3205.974,3247.872,13133252000,,-1.2900138921730808
2015-03-06,sh000903,3210.936,3232.866,3197.16,3203.012,3205.974,10416155200,,-0.09239001938255997
2015-03-09,sh000903,3176.54,3284.438,3138.979,3271.344,3203.012,16219761600,,2.133366968341055
2015-03-10,sh000903,3251.54,3266.273,3227.541,3233.462,3271.344,11784008800,,-1.1579950014428353
2015-03-11,sh000903,3239.042,3290.235,3234.874,3245.741,3233.462,11100741600,,0.37974777498543943
2015-03-12,sh000903,3286.098,3352.938,3260.37,3331.304,3245.741,18602753600,,2.6361622815868513
2015-03-13,sh000903,3343.225,3388.33,3326.243,3348.507,3331.304,16349251200,,0.5164043869908097
2015-03-16,sh000903,3369.613,3421.616,3341.414,3421.415,3348.507,16670896000,,2.1773285825593236
2015-03-17,sh000903,3452.445,3475.395,3436.338,3470.876,3421.415,23696811200,,1.4456299513505355
2015-03-18,sh000903,3483.466,3558.007,3479.139,3558.007,3470.876,26150044800,,2.510346091303739
2015-03-19,sh000903,3561.538,3569.07,3520.839,3544.445,3558.007,24519809600,,-0.38116844626781
2015-03-20,sh000903,3556.992,3627.967,3529.722,3596.394,3544.445,26242017600,,1.4656455383000644
2015-03-23,sh000903,3624.833,3665.055,3619.182,3659.88,3596.394,24652233600,,1.7652682103240114
2015-03-24,sh000903,3663.444,3668.821,3574.867,3635.324,3659.88,29273718400,,-0.6709509601407704
2015-03-25,sh000903,3621.805,3634.72,3564.589,3591.218,3635.324,24292342400,,-1.2132618715690824
2015-03-26,sh000903,3573.939,3660.009,3551.698,3626.382,3591.218,22636955200,,0.9791663998119926
2015-03-27,sh000903,3634.694,3666.725,3604.299,3636.209,3626.382,20248609600,,0.2709863439648519
2015-03-30,sh000903,3668.854,3778.83,3662.378,3766.868,3636.209,30363836800,,3.593275304032306
2015-03-31,sh000903,3828.376,3857.874,3712.727,3725.183,3766.868,30446880000,,-1.1066222655001456
2015-04-01,sh000903,3730.387,3797.234,3720.35,3782.171,3725.183,21293955200,,1.5298040391572565
2015-04-02,sh000903,3807.742,3812.827,3717.696,3765.51,3782.171,21282288000,,-0.44051419145246795
2015-04-03,sh000903,3746.579,3799.163,3736.799,3799.086,3765.51,19246340800,,0.891672044424241
2015-04-07,sh000903,3842.994,3891.806,3829.176,3891.596,3799.086,27064720000,,2.4350593800719578
2015-04-08,sh000903,3911.265,3972.41,3870.373,3964.86,3891.596,30718342400,,1.8826209092619006
2015-04-09,sh000903,3987.818,4027.243,3904.136,3934.731,3964.86,29438857600,,-0.7599007278945469
2015-04-10,sh000903,3922.88,4007.416,3903.789,4000.756,3934.731,22821345600,,1.6780054341707151
2015-04-13,sh000903,4057.985,4087.377,4031.636,4076.697,4000.756,30364502400,,1.8981662465794136
2015-04-14,sh000903,4089.519,4132.088,4049.741,4098.419,4076.697,29834185600,,0.5328333207005542
2015-04-15,sh000903,4101.786,4177.817,4078.761,4087.192,4098.419,34209542400,,-0.27393490026275114
2015-04-16,sh000903,4070.79,4240.135,4052.273,4240.135,4087.192,29302697600,,3.742006737143755
2015-04-17,sh000903,4317.803,4365.798,4291.37,4327.754,4240.135,38094636800,,2.0664200550218226
2015-04-20,sh000903,4364.472,4416.47,4224.381,4256.23,4327.754,48188579200,,-1.652681737455508
2015-04-21,sh000903,4252.935,4327.397,4210.316,4323.753,4256.23,32751158400,,1.5864509201805488
2015-04-22,sh000903,4332.12,4432.621,4314.447,4431.24,4323.753,34287462400,,2.485965317630301
2015-04-23,sh000903,4450.48,4455.3,4372.896,4410.639,4431.24,32953475200,,-0.46490372897879384
2015-04-24,sh000903,4348.716,4382.308,4271.612,4352.194,4410.639,31602624000,,-1.3250914436660932
2015-04-27,sh000903,4400.76,4483.356,4398.161,4479.483,4352.194,35003097600,,2.924708779066365
2015-04-28,sh000903,4484.254,4560.991,4422.14,4460.401,4479.483,44067676800,,-0.4259866596212136
2015-04-29,sh000903,4443.149,4488.181,4395.797,4459.233,4460.401,26897699200,,-0.026185986416904505
2015-04-30,sh000903,4466.155,4494.585,4427.229,4428.058,4459.233,26530340800,,-0.6991112597166449
2015-05-04,sh000903,4431.746,4468.312,4378.625,4461.407,4428.058,25231827200,,0.753129249887885
2015-05-05,sh000903,4459.515,4463.486,4261.41,4284.526,4461.407,31695328000,,-3.9646909596008695
2015-05-06,sh000903,4313.217,4389.68,4211.214,4251.296,4284.526,25912910400,,-0.7755817096220086
2015-05-07,sh000903,4218.512,4242.648,4172.543,4174.646,4251.296,20149225600,,-1.8029796090415884
2015-05-08,sh000903,4215.581,4236.012,4124.647,4226.723,4174.646,19739286400,,1.247459065990264
2015-05-11,sh000903,4235.939,4323.584,4188.619,4322.854,4226.723,24336278400,,2.274362431604815
2015-05-12,sh000903,4317.748,4354.913,4284.757,4351.028,4322.854,23733219200,,0.6517453515663574
2015-05-13,sh000903,4355.754,4355.833,4270.081,4305.648,4351.028,23234305600,,-1.042971913763835
2015-05-14,sh000903,4299.354,4310.611,4256.77,4283.984,4305.648,20593427200,,-0.5031530677844454
2015-05-15,sh000903,4274.431,4274.431,4176.473,4198.27,4283.984,20563539200,,-2.0008011234402323
2015-05-18,sh000903,4160.307,4176.113,4116.991,4120.374,4198.27,16196681600,,-1.8554309275011005
2015-05-19,sh000903,4121.032,4285.113,4121.032,4271.525,4120.374,19198334400,,3.6683805887523846
2015-05-20,sh000903,4288.384,4357.525,4262.046,4279.919,4271.525,22038777600,,0.19651061389083235
2015-05-21,sh000903,4292.183,4340.205,4264.13,4339.065,4279.919,17926032000,,1.381942041426476
2015-05-22,sh000903,4385.145,4463.282,4366.484,4462.632,4339.065,28805120000,,2.8477794179160743
2015-05-25,sh000903,4476.935,4606.242,4476.935,4605.761,4462.632,29372547200,,3.2072776782849477
2015-05-26,sh000903,4646.358,4666.301,4561.53,4664.012,4605.761,30402998400,,1.2647421349045063
2015-05-27,sh000903,4673.75,4685.016,4586.925,4617.617,4664.012,28739670400,,-0.9947444389079463
2015-05-28,sh000903,4611.616,4644.097,4320.403,4323.199,4617.617,36867827200,,-6.375972714930677
2015-05-29,sh000903,4327.698,4381.138,4187.348,4311.77,4323.199,28369881600,,-0.2643644208836782
2015-06-01,sh000903,4323.332,4507.942,4289.081,4502.598,4311.77,27944166400,,4.425746271252851
2015-06-02,sh000903,4507.206,4543.034,4452.479,4531.236,4502.598,25915326400,,0.6360327970651669
2015-06-03,sh000903,4533.499,4545.592,4447.724,4508.829,4531.236,25961867200,,-0.4945008381818994
2015-06-04,sh000903,4517.832,4576.497,4297.278,4556.804,4508.829,31930403200,,1.0640234970099804
2015-06-05,sh000903,4624.716,4649.282,4486.604,4600.865,4556.804,34397244800,,0.9669276975704744
2015-06-08,sh000903,4637.978,4789.053,4598.292,4773.515,4600.865,44442019200,,3.7525552260281536
2015-06-09,sh000903,4807.694,4807.694,4664.555,4718.668,4773.515,39850892800,,-1.1489856007575239
2015-06-10,sh000903,4649.953,4728.923,4612.441,4669.431,4718.668,27807552000,,-1.043451245139515
2015-06-11,sh000903,4664.937,4685.452,4597.29,4638.355,4669.431,24338564800,,-0.6655200601529354
2015-06-12,sh000903,4654.868,4672.201,4607.137,4649.8,4638.355,26415318400,,0.24674696093767157
2015-06-15,sh000903,4663.768,4671.55,4532.478,4544.543,4649.8,27829180800,,-2.2636887608069256
2015-06-16,sh000903,4502.237,4553.668,4379.447,4421.982,4544.543,24555795200,,-2.696882832883296
2015-06-17,sh000903,4439.227,4492.378,4355.02,4476.297,4421.982,24979315200,,1.2282953661955087
2015-06-18,sh000903,4441.606,4441.606,4282.072,4284.263,4476.297,21187219200,,-4.29001918326688
2015-06-19,sh000903,4223.989,4278.309,4046.182,4049.252,4284.263,22437379200,,-5.48544755539051
2015-06-23,sh000903,4056.041,4204.106,3930.208,4200.959,4049.252,22358539200,,3.746543806115299
2015-06-24,sh000903,4215.846,4285.5,4162.713,4278.795,4200.959,26107664000,,1.8528150358049222
2015-06-25,sh000903,4309.978,4325.764,4119.377,4146.591,4278.795,26809720000,,-3.0897483987898378
2015-06-26,sh000903,4044.985,4140.011,3773.798,3850.013,4146.591,28162617600,,-7.152333085177687
2015-06-29,sh000903,3952.002,3975.674,3568.899,3775.088,3850.013,32446416000,,-1.9460973248661695
2015-06-30,sh000903,3768.542,4038.652,3675.775,4036.631,3775.088,33090054400,,6.928129887303269
2015-07-01,sh000903,3976.128,4053.818,3827.165,3845.943,4036.631,26126555200,,-4.723939344468187
2015-07-02,sh000903,3883.222,3915.913,3642.435,3768.263,3845.943,29702892800,,-2.0197907249275504
2015-07-03,sh000903,3699.098,3794.571,3476.634,3562.392,3768.263,26960195200,,-5.463286400126533
2015-07-06,sh000903,3870.075,3870.075,3597.189,3748.601,3562.392,45398297600,,5.227077761234589
2015-07-07,sh000903,3652.193,3796.545,3539.381,3782.073,3748.601,48237769600,,0.8929197852745485
2015-07-08,sh000903,3493.402,3652.595,3438.279,3503.616,3782.073,45965804800,,-7.362549585901701
2015-07-09,sh000903,3467.713,3789.643,3365.489,3741.956,3503.616,35809296000,,6.802686139120273
2015-07-10,sh000903,3727.956,4033.073,3688.844,3928.117,3741.956,38447539200,,4.974964964847262
2015-07-13,sh000903,3892.871,4036.787,3829.348,3944.538,3928.117,33325926400,,0.41803744644062224
2015-07-14,sh000903,3882.461,3925.737,3747.132,3800.809,3944.538,27961155200,,-3.6437473792875097
2015-07-15,sh000903,3746.141,3809.517,3637.912,3732.151,3800.809,26249579200,,-1.8064048995884874
2015-07-16,sh000903,3729.285,3789.102,3664.158,3732.141,3732.151,19365358400,,-0.0002679419991213905
2015-07-17,sh000903,3755.612,3876.128,3722.587,3839.966,3732.141,19326915200,,2.8890923467253637
2015-07-20,sh000903,3834.89,3870.096,3789.906,3825.488,3839.966,20283142400,,-0.37703458832708536
2015-07-21,sh000903,3784.205,3846.952,3761.01,3809.974,3825.488,18062934400,,-0.40554303137272374
2015-07-22,sh000903,3791.296,3811.396,3741.601,3778.981,3809.974,17098459200,,-0.8134701181687798
2015-07-23,sh000903,3779.346,3861.979,3773.825,3853.867,3778.981,19092780800,,1.9816453165549142
2015-07-24,sh000903,3858.157,3887.543,3779.011,3791.103,3853.867,21686945600,,-1.6285979770448766
2015-07-27,sh000903,3728.304,3753.731,3451.862,3454.074,3791.103,21462500800,,-8.889998504393049
2015-07-28,sh000903,3355.72,3513.181,3318.075,3459.909,3454.074,21985404800,,0.16893094936587527
2015-07-29,sh000903,3474.954,3539.646,3421.403,3535.096,3459.909,15030240000,,2.17309183565233
2015-07-30,sh000903,3524.012,3556.654,3429.789,3440.12,3535.096,14378672000,,-2.6866597116457447
2015-07-31,sh000903,3413.455,3478.868,3392.137,3444.314,3440.12,12186563200,,0.1219143518249366
2015-08-03,sh000903,3404.714,3481.686,3392.865,3481.686,3444.314,13717104000,,1.085034639698934
2015-08-04,sh000903,3476.995,3558.819,3452.874,3558.464,3481.686,10935005600,,2.2051959883803374
2015-08-05,sh000903,3550.112,3561.764,3485.928,3488.281,3558.464,9949539200,,-1.9722835470585065
2015-08-06,sh000903,3437.48,3508.404,3430.86,3458.472,3488.281,7349012000,,-0.8545469817368478
2015-08-07,sh000903,3487.981,3530.623,3475.785,3509.336,3458.472,8963975200,,1.470707295013507
2015-08-10,sh000903,3543.266,3673.438,3529.902,3661.569,3509.336,16928678400,,4.3379431322620565
2015-08-11,sh000903,3658.738,3676.224,3618.827,3638.309,3661.569,17011281600,,-0.6352468026684654
2015-08-12,sh000903,3602.571,3643.964,3592.456,3593.323,3638.309,12753594400,,-1.2364535282737177
2015-08-13,sh000903,3595.508,3629.869,3547.407,3628.066,3593.323,12067106400,,0.9668766208882351
2015-08-14,sh000903,3644.761,3654.312,3613.261,3628.346,3628.066,12774700800,,0.007717610429369692
2015-08-17,sh000903,3609.213,3611.57,3559.906,3602.051,3628.346,13123240800,,-0.7247103776762187
2015-08-18,sh000903,3604.51,3623.929,3391.316,3398.472,3602.051,16753347200,,-5.651752293346202
2015-08-19,sh000903,3347.851,3441.479,3281.103,3436.777,3398.472,14549985600,,1.1271241899300621
2015-08-20,sh000903,3404.344,3422.423,3332.632,3332.988,3436.777,11159308800,,-3.0199515418079304
2015-08-21,sh000903,3300.513,3335.031,3191.648,3202.77,3332.988,12142784000,,-3.9069447594770823
2015-08-24,sh000903,3096.72,3104.988,2903.726,2916.385,3202.77,16757204800,,-8.941791012155099
2015-08-25,sh000903,2756.022,2888.101,2692.963,2721.542,2916.385,17041854400,,-6.68097662002789
2015-08-26,sh000903,2747.425,2873.608,2667.176,2751.103,2721.542,18350147200,,1.0861856991367436
2015-08-27,sh000903,2815.58,2935.368,2769.588,2934.441,2751.103,16246108800,,6.664163428268588
2015-08-28,sh000903,2968.969,3047.347,2942.047,3035.749,2934.441,16753731200,,3.4523781531133224
2015-08-31,sh000903,3001.655,3086.449,2914.206,3083.507,3035.749,16281774400,,1.573186716029551
2015-09-01,sh000903,3017.258,3117.127,2937.995,3108.68,3083.507,22121217600,,0.8163756398153144
2015-09-02,sh000903,2989.182,3137.187,2981.812,3127.117,3108.68,22621484800,,0.5930813078219854
2015-09-07,sh000903,3096.444,3149.342,2984.839,2992.786,3127.117,12355282400,,-4.295681933231155
2015-09-08,sh000903,2968.727,3064.351,2926.602,3057.873,2992.786,8871352000,,2.174796326900763
2015-09-09,sh000903,3064.456,3124.984,3051.833,3103.218,3057.873,11743716000,,1.4828935014632671
2015-09-10,sh000903,3063.175,3108.569,3051.663,3085.323,3103.218,7821840000,,-0.5766594547982118
2015-09-11,sh000903,3076.402,3101.432,3046.86,3068.234,3085.323,5418304800,,-0.5538804202995906
2015-09-14,sh000903,3084.582,3089.82,2967.32,3072.309,3068.234,11958246400,,0.1328125560175808
2015-09-15,sh000903,3010.875,3026.596,2952.561,2983.237,3072.309,8092110400,,-2.8991875491690466
2015-09-16,sh000903,2972.442,3139.615,2951.867,3097.362,2983.237,8706825600,,3.825542523104941
2015-09-17,sh000903,3075.142,3126.792,3032.021,3032.468,3097.362,8711278400,,-2.0951377333356613
2015-09-18,sh000903,3044.32,3071.489,3025.893,3038.956,3032.468,5457416800,,0.2139511447441622
2015-09-21,sh000903,3015.122,3070.266,3004.93,3065.154,3038.956,5678796400,,0.8620723695900834
2015-09-22,sh000903,3067.172,3121.05,3058.193,3092.616,3065.154,6755747200,,0.8959419330969887
2015-09-23,sh000903,3050.926,3064.973,3010.221,3014.181,3092.616,5537278000,,-2.5362023607198525
2015-09-24,sh000903,3029.302,3041.974,3004.447,3028.417,3014.181,4746304000,,0.47230076760487183
2015-09-25,sh000903,3018.406,3033.817,2969.209,3003.668,3028.417,6028724000,,-0.8172256330617578
2015-09-28,sh000903,2990.795,3001.322,2958.179,2995.3,3003.668,3515920800,,-0.2785927073165162
2015-09-29,sh000903,2954.873,2963.33,2919.487,2936.425,2995.3,4268532000,,-1.9655794077387934
2015-09-30,sh000903,2952.533,2983.175,2949.228,2965.187,2936.425,4107846400,,0.9794903666873633
2015-10-08,sh000903,3080.992,3082.348,3035.87,3037.516,2965.187,6503587200,,2.4392728013444165
2015-10-09,sh000903,3048.365,3084.262,3039.91,3074.59,3037.516,5624309600,,1.2205367807116119
2015-10-12,sh000903,3081.414,3198.006,3077.832,3163.886,3074.59,10590191200,,2.9043222023098947
2015-10-13,sh000903,3143.269,3161.07,3130.81,3149.926,3163.886,6262295600,,-0.441229551254374
2015-10-14,sh000903,3137.733,3163.331,3118.426,3120.305,3149.926,6991282400,,-0.940371297611442
2015-10-15,sh000903,3119.714,3181.29,3117.694,3181.29,3120.305,7841324800,,1.9544563752581956
2015-10-16,sh000903,3197.659,3221.248,3181.49,3214.444,3181.29,9783212000,,1.0421558550147925
2015-10-19,sh000903,3223.361,3246.625,3189.839,3212.76,3214.444,9060128800,,-0.05238853126698917
2015-10-20,sh000903,3206.943,3241.746,3186.413,3241.155,3212.76,8241084800,,0.8838195196653409
2015-10-21,sh000903,3243.893,3278.009,3135.579,3207.782,3241.155,15194339200,,-1.0296638081177867
2015-10-22,sh000903,3174.41,3224.597,3162.796,3218.448,3207.782,9063118400,,0.33250389209740217
2015-10-23,sh000903,3224.413,3253.257,3206.298,3243.952,3218.448,8894195200,,0.7924316316435753
2015-10-26,sh000903,3277.822,3289.099,3239.492,3255.617,3243.952,9155055200,,0.3595922504401994
2015-10-27,sh000903,3242.397,3253.432,3178.407,3250.139,3255.617,7703590400,,-0.1682630358546544
2015-10-28,sh000903,3234.835,3245.944,3193.107,3197.373,3250.139,6799105600,,-1.6234997949318486
2015-10-29,sh000903,3207.166,3221.232,3185.633,3200.476,3197.373,5070234400,,0.0970484206878508
2015-10-30,sh000903,3199.939,3235.694,3179.447,3204.226,3200.476,6012157600,,0.1171700709519552
2015-11-02,sh000903,3172.213,3207.529,3159.928,3160.369,3204.226,5818935200,,-1.3687236792910396
2015-11-03,sh000903,3165.521,3179.979,3140.355,3148.968,3160.369,4527136800,,-0.3607490138018754
2015-11-04,sh000903,3156.064,3289.127,3156.064,3287.661,3148.968,9967772800,,4.404395344760581
2015-11-05,sh000903,3287.86,3451.789,3284.477,3373.113,3287.661,22142120000,,2.599173089926232
2015-11-06,sh000903,3363.538,3452.009,3358.806,3443.426,3373.113,15685764800,,2.084513622875961
2015-11-09,sh000903,3450.632,3558.451,3450.632,3491.871,3443.426,19318736000,,1.4068837256848266
2015-11-10,sh000903,3455.284,3520.399,3449.312,3475.624,3491.871,13844102400,,-0.4652806475382465
2015-11-11,sh000903,3468.487,3470.844,3416.236,3458.68,3475.624,10497728800,,-0.48750958101336783
2015-11-12,sh000903,3467.377,3467.667,3404.662,3420.269,3458.68,9458264000,,-1.1105681936461331
2015-11-13,sh000903,3390.166,3424.387,3373.789,3380.969,3420.269,8995962400,,-1.1490324299053611
2015-11-16,sh000903,3328.911,3381.664,3326.58,3381.649,3380.969,7277688000,,0.02011257719309878
2015-11-17,sh000903,3402.275,3468.258,3382.416,3389.233,3381.649,11103116000,,0.22426928400909318
2015-11-18,sh000903,3392.071,3412.993,3360.685,3368.459,3389.233,9025942400,,-0.6129410400524393
2015-11-19,sh000903,3374.658,3408.672,3362.109,3408.471,3368.459,7217304800,,1.1878428682077002
2015-11-20,sh000903,3410.597,3423.395,3390.448,3402.841,3408.471,7935948800,,-0.16517670239822868
2015-11-23,sh000903,3401.598,3425.603,3379.066,3386.599,3402.841,7186372000,,-0.47730705019716213
2015-11-24,sh000903,3379.024,3382.904,3342.765,3380.754,3386.599,6371620000,,-0.17259203112031107
2015-11-25,sh000903,3372.569,3395.88,3360.287,3395.42,3380.754,6707930400,,0.43380855276664576
2015-11-26,sh000903,3406.368,3420.973,3381.059,3383.008,3395.42,7194056000,,-0.36555124255616134
2015-11-27,sh000903,3364.669,3367.01,3200.97,3219.75,3383.008,9205944000,,-4.825823645702276
2015-11-30,sh000903,3211.102,3241.977,3148.024,3227.6,3219.75,8173202400,,0.24380774904884106
2015-12-01,sh000903,3224.444,3274.979,3198.864,3252.326,3227.6,6519256000,,0.7660800594869288
2015-12-02,sh000903,3248.67,3413.125,3242.238,3407.11,3252.326,12579400000,,4.759178507935546
2015-12-03,sh000903,3389.775,3437.819,3365.078,3417.606,3407.11,11966273600,,0.30806167103498705
2015-12-04,sh000903,3387.278,3391.187,3336.148,3341.048,3417.606,7613337600,,-2.240106085956084
2015-12-07,sh000903,3343.857,3351.46,3315.558,3338.637,3341.048,5084062400,,-0.07216298598522464
2015-12-08,sh000903,3321.881,3321.881,3283.186,3289.511,3338.637,5489372000,,-1.4714387937352913
2015-12-09,sh000903,3283.79,3322.815,3280.806,3306.815,3289.511,5573066200,,0.526035632651789
2015-12-10,sh000903,3305.391,3350.4,3284.593,3290.116,3306.815,5853037200,,-0.5049874274793087
2015-12-11,sh000903,3273.48,3293.46,3247.578,3275.618,3290.116,5229436000,,-0.44065315630208435
2015-12-14,sh000903,3244.672,3375.869,3241.133,3371.681,3275.618,7780202400,,2.932667972883296
2015-12-15,sh000903,3363.544,3369.312,3327.917,3341.151,3371.681,5938480400,,-0.9054830513325562
2015-12-16,sh000903,3346.65,3355.194,3319.814,3327.024,3341.151,4969692800,,-0.4228183640906935
2015-12-17,sh000903,3348.067,3402.512,3344.286,3384.033,3327.024,8092996800,,1.7135133380462575
2015-12-18,sh000903,3379.956,3452.331,3375.981,3403.382,3384.033,8747199200,,0.5717733840066019
2015-12-21,sh000903,3395.529,3521.454,3393.942,3506.131,3403.382,11593749600,,3.019026368476996
2015-12-22,sh000903,3506.536,3515.738,3476.89,3502.795,3506.131,8064390800,,-0.09514761427910079
2015-12-23,sh000903,3504.933,3564.855,3495.634,3506.097,3502.795,10191019200,,0.09426757774864125
2015-12-24,sh000903,3500.064,3507.89,3435.468,3473.874,3506.097,7284372800,,-0.9190561470489911
2015-12-25,sh000903,3477.004,3489.344,3459.521,3482.117,3473.874,4716599300,,0.2372855204305191
2015-12-28,sh000903,3490.949,3495.627,3379.006,3379.006,3482.117,7348774800,,-2.9611583987557033
2015-12-29,sh000903,3375.419,3413.312,3368.713,3410.067,3379.006,4403874400,,0.9192348282305529
2015-12-30,sh000903,3410.885,3412.568,3372.975,3410.594,3410.067,4544626300,,0.015454241808154912
2015-12-31,sh000903,3405.302,3412.638,3378.038,3388.419,3410.594,4519772000,,-0.6501799979710343
2016-01-04,sh000903,3385.488,3385.507,3176.522,3176.942,3388.419,5443004700,,-6.2411702921037815
2016-01-05,sh000903,3118.282,3228.998,3111.496,3202.158,3176.942,7614288600,,0.7937192432219353
2016-01-06,sh000903,3201.953,3253.257,3190.279,3248.917,3202.158,6537354000,,1.460234004693084
2016-01-07,sh000903,3199.537,3199.537,3042.489,3053.242,3248.917,1964410300,,-6.022776205116953
2016-01-08,sh000903,3119.127,3165.13,3019.977,3116.66,3053.242,8694134800,,2.0770708643468083
2016-01-11,sh000903,3067.519,3097.711,2982.456,2982.493,3116.66,8136221300,,-4.304832737610131
2016-01-12,sh000903,3004.811,3024.574,2970.067,2997.206,2982.493,5809223700,,0.4933121385364503
2016-01-13,sh000903,3022.02,3032.645,2955.044,2955.312,2997.206,5331606700,,-1.39776845502112
2016-01-14,sh000903,2889.115,3003.395,2884.087,2998.007,2955.312,6132515500,,1.4446867200485158
2016-01-15,sh000903,2980.214,2992.088,2893.972,2909.854,2998.007,5841910400,,-2.9403867302511433
2016-01-18,sh000903,2867.984,2941.285,2866.18,2910.927,2909.854,4564996000,,0.03687470230466783
2016-01-19,sh000903,2915.509,2999.328,2899.535,2992.769,2910.927,6116542300,,2.8115442262894197
2016-01-20,sh000903,2975.928,2989.562,2927.043,2944.69,2992.769,6517309600,,-1.6065055472039402
2016-01-21,sh000903,2915.257,2972.022,2873.49,2873.615,2944.69,5588527400,,-2.4136666338392287
2016-01-22,sh000903,2902.583,2917.337,2851.606,2900.293,2873.615,4390415400,,0.9283776706343838
2016-01-25,sh000903,2910.184,2923.015,2886.688,2907.121,2900.293,3625881400,,0.23542448987050602
2016-01-26,sh000903,2881.568,2886.768,2740.855,2747.631,2907.121,6155403400,,-5.4861837536174125
2016-01-27,sh000903,2761.926,2771.829,2675.43,2743.097,2747.631,6443010100,,-0.165014880091241
2016-01-28,sh000903,2728.103,2753.99,2671.435,2685.327,2743.097,4749376700,,-2.1060137501517473
2016-01-29,sh000903,2688.162,2784.356,2687.776,2767.023,2685.327,5921716400,,3.042311048151669
2016-02-01,sh000903,2760.937,2764.095,2696.433,2722.1,2767.023,4298095000,,-1.6235137908141795
2016-02-02,sh000903,2719.749,2779.275,2719.674,2768.006,2722.1,4226874500,,1.6864185738951543
2016-02-03,sh000903,2741.97,2755.833,2720.827,2751.467,2768.006,3729532000,,-0.5975059302616992
2016-02-04,sh000903,2763.884,2794.865,2763.363,2781.468,2751.467,4280643600,,1.0903637950227862
2016-02-05,sh000903,2777.598,2785.539,2764.401,2767.554,2781.468,3501407700,,-0.5002394419062028
2016-02-15,sh000903,2702.229,2757.886,2699.546,2744.675,2767.554,3439532200,,-0.8266866698897313
2016-02-16,sh000903,2759.016,2825.334,2758.527,2820.294,2744.675,5350566800,,2.7551167260240206
2016-02-17,sh000903,2817.227,2845.515,2812.429,2839.645,2820.294,6442202300,,0.686134140625061
2016-02-18,sh000903,2852.443,2864.754,2826.873,2829.399,2839.645,5610185500,,-0.3608197503561228
2016-02-19,sh000903,2824.686,2835.89,2809.313,2823.199,2829.399,3889826800,,-0.21912780770756424
2016-02-22,sh000903,2849.96,2897.203,2838.761,2885.025,2823.199,6733360300,,2.189927100427558
2016-02-23,sh000903,2882.811,2882.811,2832.649,2855.08,2885.025,4881837600,,-1.0379459450091444
2016-02-24,sh000903,2843.82,2874.722,2830.352,2874.52,2855.08,5034413600,,0.6808916037378987
2016-02-25,sh000903,2869.517,2869.536,2710.438,2721.857,2874.52,7249032100,,-5.310904081377066
2016-02-26,sh000903,2741.613,2764.764,2715.338,2750.959,2721.857,4531608200,,1.0691965081192745
2016-02-29,sh000903,2746.758,2747.839,2655.627,2716.527,2750.959,6160007700,,-1.2516362475776588
2016-03-01,sh000903,2719.164,2776.852,2702.347,2758.917,2716.527,5214298300,,1.5604483224352261
2016-03-02,sh000903,2766.044,2862.573,2765.098,2859.489,2758.917,8418061200,,3.6453434445472777
2016-03-03,sh000903,2858.352,2878.897,2846.148,2868.956,2859.489,7589657900,,0.33107313929168214
2016-03-04,sh000903,2859.334,2947.356,2853.79,2939.216,2868.956,12485967900,,2.448974470155685
2016-03-07,sh000903,2944.632,2960.77,2915.977,2930.031,2939.216,6341659600,,-0.3124982988660929
2016-03-08,sh000903,2924.957,2937.706,2840.652,2935.173,2930.031,6281371600,,0.17549302379393783
2016-03-09,sh000903,2881.408,2920.577,2857.717,2919.557,2935.173,5572163800,,-0.5320299689319796
2016-03-10,sh000903,2897.57,2914.14,2861.088,2862.052,2919.557,3451794000,,-1.9696481349738892
2016-03-11,sh000903,2841.984,2873.284,2835.696,2872.234,2862.052,3750151400,,0.3557587353409275
2016-03-14,sh000903,2886.403,2939.423,2877.808,2894.292,2872.234,5651729100,,0.7679736400307169
2016-03-15,sh000903,2891.935,2919.231,2863.236,2915.765,2894.292,4947598700,,0.7419085565658179
2016-03-16,sh000903,2902.224,2954.56,2898.597,2947.597,2915.765,7819467500,,1.0917203546925158
2016-03-17,sh000903,2949.704,2983.183,2925.327,2955.742,2947.597,5932435300,,0.27632678415672185
2016-03-18,sh000903,2966.588,3007.686,2958.13,2980.066,2955.742,9708110500,,0.8229405678844559
2016-03-21,sh000903,3002.61,3070.752,2999.774,3047.724,2980.066,11968374800,,2.2703524015911247
2016-03-22,sh000903,3032.669,3048.678,3015.484,3022.546,3047.724,7725877600,,-0.8261246753315077
2016-03-23,sh000903,3017.28,3037.998,3004.892,3027.862,3022.546,5627410000,,0.17587821657636393
2016-03-24,sh000903,3008.04,3008.802,2978.511,2978.636,3027.862,5484133000,,-1.6257676208493055
2016-03-25,sh000903,2976.685,3002.261,2976.511,2994.73,2978.636,4014225400,,0.5403144257975834
2016-03-28,sh000903,3001.03,3019.78,2957.062,2964.491,2994.73,4374214100,,-1.009740444046714
2016-03-29,sh000903,2969.299,2976.613,2931.792,2940.807,2964.491,4108049500,,-0.798922985429884
2016-03-30,sh000903,2962.862,3009.141,2962.862,3006.682,2940.807,5382897300,,2.240031392743558
2016-03-31,sh000903,3019.043,3027.772,2999.06,3007.841,3006.682,5394695500,,0.03854747525677826
2016-04-01,sh000903,3006.425,3017.16,2964.234,3016.821,3007.841,5428014500,,0.2985530152690874
2016-04-05,sh000903,3000.134,3047.509,2995.254,3039.165,3016.821,6438790600,,0.740647191198951
2016-04-06,sh000903,3024.039,3035.399,3010.428,3026.337,3039.165,4681125900,,-0.4220896200107571
2016-04-07,sh000903,3034.747,3038.695,2985.848,2986.464,3026.337,4592947300,,-1.3175333745052198
2016-04-08,sh000903,2968.553,2977.028,2950.725,2965.532,2986.464,4195470400,,-0.7008957750704425
2016-04-11,sh000903,2989.244,3022.062,2989.244,2999.93,2965.532,5565001100,,1.1599267854806472
2016-04-12,sh000903,2998.763,3002.114,2979.396,2992.707,2999.93,3644883700,,-0.24077228468664114
2016-04-13,sh000903,3010.467,3063.435,3010.467,3029.425,2992.707,8684290500,,1.2269159660468043
2016-04-14,sh000903,3044.52,3053.93,3023.03,3040.219,3029.425,4523617800,,0.3563052394431221
2016-04-15,sh000903,3043.672,3050.786,3030.224,3040.504,3040.219,4200336500,,0.009374324678579349
2016-04-18,sh000903,3021.729,3021.75,3003.673,3006.83,3040.504,4265046700,,-1.107513754298628
2016-04-19,sh000903,3020.711,3025.624,3002.554,3013.381,3006.83,3277644700,,0.21787064782512466
2016-04-20,sh000903,3017.173,3021.212,2913.294,2987.295,3013.381,7834654900,,-0.8656721470003181
2016-04-21,sh000903,2967.296,3005.683,2958.088,2975.614,2987.295,4757430300,,-0.3910226475791645
2016-04-22,sh000903,2959.731,2991.069,2956.265,2989.125,2975.614,3440110200,,0.45405754913103724
2016-04-25,sh000903,2979.897,2990.244,2957.24,2980.165,2989.125,2999955100,,-0.29975327227868
2016-04-26,sh000903,2977.962,2998.396,2968.749,2990.666,2980.165,2544919600,,0.35236304030146215
2016-04-27,sh000903,2992.79,2995.365,2975.173,2977.447,2990.666,2466495700,,-0.44200856932871124
2016-04-28,sh000903,2980.576,2987.035,2954.904,2970.797,2977.447,3012204700,,-0.22334570523001585
2016-04-29,sh000903,2965.926,2980.625,2963.387,2967.894,2970.797,2762688400,,-0.09771788513318613
2016-05-03,sh000903,2969.423,3017.33,2962.509,3008.644,2967.894,4569412500,,1.37302747335315
2016-05-04,sh000903,2999.548,3010.486,2992.763,3000.806,3008.644,3547873800,,-0.2605160331365153
2016-05-05,sh000903,2996.082,3003.948,2988.813,3001.104,3000.806,2933305300,,0.009930665294577423
2016-05-06,sh000903,2998.772,3001.209,2934.187,2934.574,3001.104,4597937600,,-2.2168508655481367
2016-05-09,sh000903,2923.489,2923.489,2875.732,2885.611,2934.574,4269519200,,-1.6684874874513422
2016-05-10,sh000903,2874.329,2903.989,2874.329,2888.837,2885.611,3014114000,,0.11179608062210633
2016-05-11,sh000903,2897.131,2916.06,2886.23,2900.421,2888.837,3279342800,,0.4009918178145666
2016-05-12,sh000903,2884.04,2915.469,2865.999,2909.969,2900.421,3265886200,,0.3291935894823572
2016-05-13,sh000903,2901.872,2918.089,2889.435,2896.576,2909.969,2590162300,,-0.4602454527866118
2016-05-16,sh000903,2887.246,2909.189,2879.79,2909.024,2896.576,2429771400,,0.429748779248329
2016-05-17,sh000903,2907.776,2911.939,2889.357,2898.354,2909.024,2561150300,,-0.36678968616278285
2016-05-18,sh000903,2886.602,2898.079,2864.835,2895.232,2898.354,3667644000,,-0.10771631070600751
2016-05-19,sh000903,2886.696,2903.614,2883.026,2887.28,2895.232,2518227600,,-0.27465847296519463
2016-05-20,sh000903,2877.697,2900.479,2873.502,2900.182,2887.28,2385696800,,0.44685655703635696
2016-05-23,sh000903,2900.198,2915.827,2895.573,2902.718,2900.182,2499832000,,0.08744278807331085
2016-05-24,sh000903,2899.24,2899.302,2875.551,2882.19,2902.718,2212608900,,-0.7071992525625959
2016-05-25,sh000903,2897.778,2904.064,2879.913,2883.565,2882.19,2054167300,,0.04770677852605765
2016-05-26,sh000903,2881.797,2896.698,2865.21,2887.666,2883.565,2396965600,,0.14221978696509208
2016-05-27,sh000903,2885.447,2893.755,2878.017,2885.858,2887.666,2281091100,,-0.06261111915297768
2016-05-30,sh000903,2885.397,2903.105,2870.235,2899.807,2885.858,2770741000,,0.4833571159772898
2016-05-31,sh000903,2900.189,2988.122,2900.189,2985.651,2899.807,6558570600,,2.9603349464291995
2016-06-01,sh000903,2988.281,2993.223,2969.788,2970.374,2985.651,4475914700,,-0.5116807021316339
2016-06-02,sh000903,2968.395,2975.785,2959.674,2971.164,2970.374,3117690900,,0.02659597747625142
2016-06-03,sh000903,2979.146,3002.45,2969.81,2993.095,2971.164,4307601400,,0.7381282218012819
2016-06-06,sh000903,2992.057,2995.166,2969.847,2977.15,2993.095,2990397800,,-0.5327261580404086
2016-06-07,sh000903,2982.176,2986.265,2971.156,2977.592,2977.15,2742073900,,0.014846413516278467
2016-06-08,sh000903,2974.358,2975.473,2955.473,2967.107,2977.592,2935603000,,-0.35213017767377064
2016-06-13,sh000903,2941.688,2952.887,2893.425,2894.32,2967.107,3885270600,,-2.4531302713383663
2016-06-14,sh000903,2888.706,2908.574,2886.85,2905.831,2894.32,2769836900,,0.39770999751236324
2016-06-15,sh000903,2877.454,2941.53,2876.554,2929.33,2905.831,3632710400,,0.808684331607723
2016-06-16,sh000903,2915.863,2924.63,2907.24,2911.339,2929.33,3598184100,,-0.6141677448426752
2016-06-17,sh000903,2911.391,2943.11,2911.391,2926.459,2911.339,3715886900,,0.5193486570955752
2016-06-20,sh000903,2933.715,2936.412,2911.717,2929.835,2926.459,2623516000,,0.11536126082751785
2016-06-21,sh000903,2937.837,2967.294,2919.657,2925.891,2929.835,3705454400,,-0.1346150892456377
2016-06-22,sh000903,2920.106,2945.837,2917.388,2945.609,2925.891,2717737400,,0.6739143734335817
2016-06-23,sh000903,2942.403,2942.403,2918.228,2929.05,2945.609,2842409100,,-0.5621587929694583
2016-06-24,sh000903,2922.009,2939.832,2858.162,2891.501,2929.05,4721096700,,-1.2819514859766845
2016-06-27,sh000903,2882.833,2923.631,2882.579,2923.53,2891.501,3423543100,,1.1076945849231912
2016-06-28,sh000903,2912.789,2937.901,2906.242,2934.804,2923.53,3754186400,,0.3856297010805365
2016-06-29,sh000903,2938.967,2957.2,2936.129,2954.681,2934.804,4878076400,,0.6772854337121048
2016-06-30,sh000903,2956.158,2969.026,2954.361,2959.805,2954.681,3709200300,,0.17341973634377172
2016-07-01,sh000903,2962.204,2975.511,2958.719,2963.829,2959.805,3236089100,,0.13595490243445418
2016-07-04,sh000903,2945.62,3010.812,2943.756,3002.362,2963.829,6128177500,,1.3001087444653558
2016-07-05,sh000903,2991.55,3005.577,2989.706,2997.973,3002.362,5709076000,,-0.1461849037524443
2016-07-06,sh000903,2987.656,3005.953,2974.627,3003.393,2997.973,6153878300,,0.18078881964580518
2016-07-07,sh000903,2990.225,3003.669,2978.276,2994.475,3003.393,4952390900,,-0.2969308378890201
2016-07-08,sh000903,2981.836,2984.464,2967.425,2974.104,2994.475,3738984000,,-0.6802861937401428
2016-07-11,sh000903,2978.287,3012.488,2976.693,2985.54,2974.104,6600594300,,0.38451916947088716
2016-07-12,sh000903,2984.915,3049.745,2984.843,3049.267,2985.54,8122973500,,2.1345217280625883
2016-07-13,sh000903,3045.132,3074.439,3039.739,3048.234,3049.267,8130632400,,-0.033876994044790276
2016-07-14,sh000903,3043.95,3047.603,3025.323,3040.387,3048.234,4565361400,,-0.2574277434081451
2016-07-15,sh000903,3041.728,3048.422,3030.014,3039.903,3040.387,4440420200,,-0.015919026097677147
2016-07-18,sh000903,3034.575,3049.314,3020.607,3028.393,3039.903,5054336300,,-0.37863050235483753
2016-07-19,sh000903,3027.626,3032.465,2992.342,3008.245,3028.393,4002467600,,-0.6653033473528747
2016-07-20,sh000903,3005.809,3013.054,2993.256,2998.224,3008.245,2980653300,,-0.33311781453969624
2016-07-21,sh000903,2999.03,3026.575,2999.0,3011.726,2998.224,3542930500,,0.45033326395893525
2016-07-22,sh000903,3010.584,3012.501,2979.883,2984.061,3011.726,3590197800,,-0.9185762582651913
2016-07-25,sh000903,2979.198,2997.789,2976.222,2985.963,2984.061,2923289000,,0.06373864341244762
2016-07-26,sh000903,2982.356,3020.454,2982.192,3020.089,2985.963,3514186600,,1.1428808729377904
2016-07-27,sh000903,3021.43,3026.388,2934.446,2995.513,3020.089,6952737900,,-0.8137508530377757
2016-07-28,sh000903,2980.718,3007.417,2972.406,2995.058,2995.513,4899618400,,-0.015189384923386395
2016-07-29,sh000903,2990.556,2998.337,2977.455,2982.379,2995.058,3710779000,,-0.42333070010664997
2016-08-01,sh000903,2976.268,2982.201,2951.13,2967.606,2982.379,3789870500,,-0.4953428118961267
2016-08-02,sh000903,2964.142,2973.028,2955.042,2971.923,2967.606,2474086000,,0.14547079362958737
2016-08-03,sh000903,2962.076,2977.731,2957.138,2972.796,2971.923,2974897000,,0.029374919875113648
2016-08-04,sh000903,2971.235,2978.061,2949.339,2977.779,2972.796,3145866400,,0.16761997796015393
2016-08-05,sh000903,2979.093,3005.728,2970.814,2987.975,2977.779,3309631000,,0.34240284453614933
2016-08-08,sh000903,2984.432,3010.011,2973.167,3009.724,2987.975,3781394200,,0.7278842694466992
2016-08-09,sh000903,3010.142,3030.919,3006.2,3029.145,3009.724,4006130000,,0.6452751149274683
2016-08-10,sh000903,3027.144,3032.089,3014.66,3015.373,3029.145,3470470000,,-0.4546497443998154
2016-08-11,sh000903,3013.131,3054.287,3013.131,3018.805,3015.373,4476959100,,0.11381676495743065
2016-08-12,sh000903,3019.534,3083.372,3018.138,3083.372,3018.805,5950471200,,2.1388264561639447
2016-08-15,sh000903,3092.37,3205.449,3091.269,3177.344,3083.372,11168250100,,3.047702320706036
2016-08-16,sh000903,3189.979,3204.034,3149.972,3156.212,3177.344,10357767600,,-0.6650837932562603
2016-08-17,sh000903,3157.021,3173.541,3133.371,3146.15,3156.212,6222408200,,-0.31879987782822417
2016-08-18,sh000903,3142.805,3166.863,3116.41,3132.461,3146.15,6789407400,,-0.4351032213975925
2016-08-19,sh000903,3126.247,3140.575,3109.07,3132.04,3132.461,5808081800,,-0.013439911941437455
2016-08-22,sh000903,3131.537,3138.885,3108.813,3110.606,3132.04,5048665300,,-0.6843463046448894
2016-08-23,sh000903,3107.683,3136.196,3102.452,3115.902,3110.606,4443096800,,0.17025621374098243
2016-08-24,sh000903,3114.763,3119.118,3095.723,3101.324,3115.902,4069774600,,-0.4678581033678242
2016-08-25,sh000903,3088.49,3089.999,3059.666,3084.393,3101.324,4519152000,,-0.5459281261809501
2016-08-26,sh000903,3086.896,3098.719,3074.807,3079.513,3084.393,3467497900,,-0.15821589531554991
2016-08-29,sh000903,3078.659,3080.168,3065.474,3075.044,3079.513,3559939700,,-0.1451203485746011
2016-08-30,sh000903,3077.172,3093.549,3074.767,3083.547,3075.044,3454663700,,0.2765163685462868
2016-08-31,sh000903,3083.039,3110.216,3080.204,3104.515,3083.547,3521796200,,0.6799961213498573
2016-09-01,sh000903,3103.748,3104.893,3079.095,3079.921,3104.515,3899531000,,-0.7922010362327092
2016-09-02,sh000903,3078.695,3098.004,3078.198,3096.004,3079.921,3637990100,,0.5221887184768681
2016-09-05,sh000903,3102.605,3115.215,3094.026,3098.946,3096.004,3203186200,,0.09502571702104667
2016-09-06,sh000903,3102.697,3119.624,3083.901,3111.02,3098.946,4308440600,,0.38961634052352423
2016-09-07,sh000903,3112.411,3124.089,3107.163,3110.885,3111.02,4168615100,,-0.004339412797083053
2016-09-08,sh000903,3108.421,3113.655,3101.235,3109.644,3110.885,2884965400,,-0.03989218502131742
2016-09-09,sh000903,3108.87,3114.186,3092.889,3093.338,3109.644,3192439700,,-0.5243687058711366
2016-09-12,sh000903,3054.118,3057.075,3020.707,3052.272,3093.338,5981067500,,-1.3275626523839401
2016-09-13,sh000903,3050.547,3052.911,3032.896,3044.326,3052.272,2711000800,,-0.26033066515697145
2016-09-14,sh000903,3031.542,3037.168,3015.196,3021.965,3044.326,3206499600,,-0.7345139778065723
2016-09-19,sh000903,3024.818,3045.667,3024.818,3043.704,3021.965,2571891800,,0.7193663725423738
2016-09-20,sh000903,3044.351,3044.88,3032.607,3036.657,3043.704,2200347300,,-0.23152711301756002
2016-09-21,sh000903,3037.31,3046.39,3032.721,3044.237,3036.657,2419606200,,0.24961660141398223
2016-09-22,sh000903,3056.964,3082.865,3053.74,3072.499,3044.237,3633306900,,0.9283771270107932
2016-09-23,sh000903,3072.222,3073.679,3056.772,3057.901,3072.499,2362689400,,-0.4751181367349533
2016-09-26,sh000903,3049.479,3049.479,3012.237,3012.705,3057.901,3122919400,,-1.4780072997785054
2016-09-27,sh000903,3007.582,3029.672,3006.798,3029.252,3012.705,2553197700,,0.5492406325876553
2016-09-28,sh000903,3030.184,3032.932,3017.881,3021.075,3029.252,1979367500,,-0.26993462412503444
2016-09-29,sh000903,3025.5,3046.058,3025.388,3034.547,3021.075,2345610900,,0.445933980453983
2016-09-30,sh000903,3030.228,3051.053,3029.317,3042.62,3034.547,1935993400,,0.26603641334275174
2016-10-10,sh000903,3051.888,3075.712,3045.922,3074.783,3042.62,3767989100,,1.0570823829462839
2016-10-11,sh000903,3077.26,3090.11,3073.27,3085.493,3074.783,4406764100,,0.3483172633645948
2016-10-12,sh000903,3078.638,3079.154,3068.275,3077.952,3085.493,2907601900,,-0.24440178603547524
2016-10-13,sh000903,3077.409,3083.894,3070.373,3080.141,3077.952,3858160000,,0.0711187179007311
2016-10-14,sh000903,3077.323,3088.474,3069.675,3087.717,3080.141,3916857600,,0.24596276599024858
2016-10-17,sh000903,3084.772,3087.633,3056.149,3061.797,3087.717,3978511100,,-0.8394551702762931
2016-10-18,sh000903,3057.454,3102.173,3057.454,3101.292,3061.797,5020641600,,1.2899287575237617
2016-10-19,sh000903,3102.439,3112.241,3092.035,3097.49,3101.292,4693996500,,-0.12259406724681732
2016-10-20,sh000903,3098.616,3106.543,3093.917,3099.639,3097.49,3381410200,,0.06937875505652613
2016-10-21,sh000903,3096.44,3126.172,3094.906,3116.214,3099.639,5542527900,,0.5347396906542956
2016-10-24,sh000903,3120.814,3171.381,3119.233,3153.737,3116.214,7954840200,,1.2041214114306698
2016-10-25,sh000903,3153.214,3159.859,3141.329,3151.264,3153.737,5478615800,,-0.07841490904282322
2016-10-26,sh000903,3148.871,3152.044,3135.772,3139.569,3151.264,4877714900,,-0.3711209216365252
2016-10-27,sh000903,3135.635,3136.988,3118.435,3127.515,3139.569,3871122100,,-0.3839380500954115
2016-10-28,sh000903,3128.846,3154.118,3125.24,3129.435,3127.515,4644860700,,0.061390592850885106
2016-10-31,sh000903,3122.599,3129.559,3107.383,3125.581,3129.435,3400771600,,-0.12315322094882397
2016-11-01,sh000903,3127.241,3146.706,3122.447,3146.288,3125.581,3621577600,,0.6625008278460909
2016-11-02,sh000903,3137.101,3139.517,3116.392,3118.021,3146.288,4440022900,,-0.8984237933717387
2016-11-03,sh000903,3111.751,3162.988,3109.875,3149.395,3118.021,6401462200,,1.006215160192947
2016-11-04,sh000903,3147.125,3162.906,3137.653,3143.562,3149.395,5540561700,,-0.18521017528764228
2016-11-07,sh000903,3142.079,3152.956,3132.543,3147.01,3143.562,5303409900,,0.1096844916690154
2016-11-08,sh000903,3156.027,3172.436,3149.952,3158.236,3147.01,5392758700,,0.356719552845397
2016-11-09,sh000903,3157.68,3162.253,3115.503,3144.101,3158.236,7648164600,,-0.4475599670195618
2016-11-10,sh000903,3162.804,3193.987,3162.804,3177.338,3144.101,6349836800,,1.0571225288246167
2016-11-11,sh000903,3171.69,3207.721,3168.97,3201.37,3177.338,9967866800,,0.7563564216334528
2016-11-14,sh000903,3196.644,3236.934,3195.038,3210.914,3201.37,10814302600,,0.29812236636190814
2016-11-15,sh000903,3207.902,3214.066,3198.325,3209.402,3210.914,6183054600,,-0.04708939572969362
2016-11-16,sh000903,3210.092,3213.08,3196.883,3207.043,3209.402,6030471800,,-0.07350278961625323
2016-11-17,sh000903,3199.698,3217.209,3191.714,3216.291,3207.043,5895092100,,0.28836532594043174
2016-11-18,sh000903,3219.925,3227.81,3198.748,3202.082,3216.291,5819157200,,-0.44178216461135955
2016-11-21,sh000903,3197.444,3255.304,3197.42,3231.867,3202.082,8491781900,,0.9301760542047344
2016-11-22,sh000903,3231.761,3259.793,3231.761,3257.58,3231.867,9836696600,,0.7956082351161076
2016-11-23,sh000903,3264.713,3288.563,3262.997,3272.658,3257.58,9307979000,,0.46285893209068174
2016-11-24,sh000903,3265.851,3307.832,3263.345,3288.062,3272.658,7331823500,,0.47068774066829633
2016-11-25,sh000903,3289.877,3323.785,3269.2,3323.554,3288.062,8060231200,,1.0794200352669758
2016-11-28,sh000903,3341.58,3359.448,3328.978,3337.028,3323.554,12606144800,,0.40540939006856735
2016-11-29,sh000903,3328.345,3397.381,3324.112,3378.843,3337.028,14007007900,,1.2530611070689313
2016-11-30,sh000903,3375.406,3386.267,3341.647,3351.872,3378.843,10363298100,,-0.7982318207741534
2016-12-01,sh000903,3359.572,3394.427,3356.376,3378.74,3351.872,11047736600,,0.801581921982697
2016-12-02,sh000903,3372.246,3372.246,3332.132,3348.149,3378.74,11712305500,,-0.9053966863386886
2016-12-05,sh000903,3289.261,3307.82,3266.494,3281.009,3348.149,11170811600,,-2.0052871004247352
2016-12-06,sh000903,3275.602,3289.386,3270.5,3272.834,3281.009,6646662700,,-0.24916115743663925
2016-12-07,sh000903,3270.749,3281.902,3256.264,3281.884,3272.834,5754659100,,0.27651876019376687
2016-12-08,sh000903,3288.221,3293.24,3276.863,3280.768,3281.884,6307722000,,-0.034004858185110454
2016-12-09,sh000903,3274.97,3331.235,3272.398,3317.53,3280.768,9418376100,,1.1205303148531076
2016-12-12,sh000903,3312.05,3323.598,3240.919,3260.961,3317.53,10820528300,,-1.705154135757636
2016-12-13,sh000903,3244.485,3259.475,3221.2,3248.188,3260.961,6579045200,,-0.391694350223748
2016-12-14,sh000903,3242.969,3258.203,3224.42,3224.994,3248.188,7134225100,,-0.714059654182575
2016-12-15,sh000903,3209.265,3220.328,3158.55,3169.861,3224.994,6617853900,,-1.7095535681616814
2016-12-16,sh000903,3162.195,3180.717,3158.467,3168.808,3169.861,4909139700,,-0.03321912222649104
2016-12-19,sh000903,3163.94,3167.207,3144.422,3148.177,3168.808,4138881300,,-0.6510650061474221
2016-12-20,sh000903,3148.978,3149.853,3106.255,3127.303,3148.177,4986864900,,-0.663050393926401
2016-12-21,sh000903,3130.865,3157.565,3130.865,3151.717,3127.303,6157077300,,0.7806726754650883
2016-12-22,sh000903,3146.954,3151.8,3133.469,3146.582,3151.717,4972113500,,-0.162927064834828
2016-12-23,sh000903,3143.385,3144.926,3114.644,3123.199,3146.582,5371591100,,-0.7431238086278991
2016-12-26,sh000903,3107.557,3143.581,3088.118,3142.393,3123.199,4855563500,,0.6145621844781513
2016-12-27,sh000903,3138.896,3149.879,3136.545,3137.018,3142.393,4047634900,,-0.17104798795057885
2016-12-28,sh000903,3136.114,3140.938,3113.223,3122.928,3137.018,3700144400,,-0.4491526666407397
2016-12-29,sh000903,3118.138,3130.751,3108.391,3119.46,3122.928,3663333000,,-0.1110496303469044
2016-12-30,sh000903,3124.499,3134.675,3117.843,3134.446,3119.46,3966340300,,0.4804036596077532
2017-01-03,sh000903,3136.634,3169.928,3136.634,3166.403,3134.446,5005125200,,1.0195422093728812
2017-01-04,sh000903,3164.309,3190.517,3161.933,3188.314,3166.403,4770150500,,0.6919839325569166
2017-01-05,sh000903,3188.377,3193.846,3180.603,3187.5,3188.314,4703019500,,-0.025530735053069797
2017-01-06,sh000903,3186.986,3189.581,3168.23,3169.13,3187.5,4667938500,,-0.5763137254901962
2017-01-09,sh000903,3168.021,3184.621,3166.519,3181.002,3169.13,4651305600,,0.37461385301327255
2017-01-10,sh000903,3178.543,3186.38,3171.612,3175.163,3181.002,4177519500,,-0.18355851395251976
2017-01-11,sh000903,3173.75,3183.901,3157.518,3158.72,3175.163,4933642900,,-0.5178631774179876
2017-01-12,sh000903,3156.661,3170.926,3148.057,3149.72,3158.72,4704622500,,-0.28492553945902444
2017-01-13,sh000903,3150.271,3177.289,3147.228,3164.273,3149.72,4894471100,,0.46204107031737607
2017-01-16,sh000903,3159.043,3188.838,3128.309,3184.477,3164.273,9694203300,,0.638503694213477
2017-01-17,sh000903,3169.727,3186.245,3161.928,3184.609,3184.477,3699170200,,0.004145107658182212
2017-01-18,sh000903,3183.36,3213.353,3181.524,3203.436,3184.609,3857325300,,0.5911871755684972
2017-01-19,sh000903,3194.368,3211.322,3187.222,3192.465,3203.436,3869328600,,-0.3424760163774132
2017-01-20,sh000903,3192.687,3216.69,3191.537,3213.695,3192.465,3438315500,,0.6650033751348872
2017-01-23,sh000903,3218.435,3232.059,3209.455,3217.344,3213.695,3989893700,,0.11354531154947889
2017-01-24,sh000903,3217.767,3228.347,3211.367,3221.608,3217.344,3612340200,,0.13253167830360457
2017-01-25,sh000903,3218.027,3231.949,3212.658,3231.458,3221.608,3191991300,,0.3057479370550231
2017-01-26,sh000903,3233.453,3251.95,3233.453,3241.146,3231.458,3561725500,,0.29980275157530656
2017-02-03,sh000903,3244.325,3245.576,3210.461,3212.402,3241.146,3209148500,,-0.8868468128248486
2017-02-06,sh000903,3217.707,3226.473,3206.281,3215.398,3212.402,3752887600,,0.0932635454715891
2017-02-07,sh000903,3214.664,3218.548,3197.873,3206.127,3215.398,3217100400,,-0.28833133565425717
2017-02-08,sh000903,3202.76,3222.591,3188.87,3222.065,3206.127,4152970000,,0.4971106883788545
2017-02-09,sh000903,3221.359,3248.663,3218.716,3235.548,3222.065,5513031900,,0.4184583489159843
2017-02-10,sh000903,3238.836,3263.074,3238.302,3253.215,3235.548,6746410600,,0.5460280607798129
2017-02-13,sh000903,3255.592,3280.468,3255.57,3276.412,3253.215,6021559400,,0.7130484766607603
2017-02-14,sh000903,3279.606,3281.975,3262.724,3272.465,3276.412,4666191400,,-0.12046714515755452
2017-02-15,sh000903,3274.305,3289.222,3263.927,3268.049,3272.465,6854899400,,-0.13494414760738538
2017-02-16,sh000903,3268.31,3283.593,3264.086,3283.593,3268.049,5812195700,,0.4756354632381443
2017-02-17,sh000903,3285.194,3299.808,3262.93,3264.708,3283.593,5649882800,,-0.5751321799017051
2017-02-20,sh000903,3264.394,3314.979,3264.394,3312.217,3264.708,7059411100,,1.4552296866978676
2017-02-21,sh000903,3315.862,3332.36,3311.045,3317.229,3312.217,5494906800,,0.15131858812389432
2017-02-22,sh000903,3316.917,3322.492,3307.765,3322.147,3317.229,4698869800,,0.1482562705197754
2017-02-23,sh000903,3320.778,3326.281,3293.582,3304.919,3322.147,4359346100,,-0.518580303640992
2017-02-24,sh000903,3300.802,3304.624,3285.772,3304.367,3304.919,4553126600,,-0.016702376064270386
2017-02-27,sh000903,3299.639,3300.46,3270.487,3276.017,3304.367,4697697400,,-0.8579555479158452
2017-02-28,sh000903,3275.261,3290.374,3270.602,3278.31,3276.017,3401735500,,0.06999353177961076
2017-03-01,sh000903,3278.874,3297.649,3276.077,3282.642,3278.31,4800750000,,0.13214125570797375
2017-03-02,sh000903,3288.114,3293.39,3257.689,3258.93,3282.642,4200967500,,-0.7223449891885836
2017-03-03,sh000903,3249.017,3250.654,3237.403,3248.565,3258.93,3737987400,,-0.3180491756496706
2017-03-06,sh000903,3246.748,3264.792,3244.571,3259.644,3248.565,3940711200,,0.341042891245813
2017-03-07,sh000903,3260.009,3268.836,3256.998,3268.51,3259.644,3696785800,,0.27199289247539227
2017-03-08,sh000903,3266.53,3276.305,3260.942,3268.871,3268.51,4121647800,,0.011044787992076088
2017-03-09,sh000903,3262.789,3263.358,3235.462,3249.627,3268.871,4359827600,,-0.5887047852301319
2017-03-10,sh000903,3245.939,3256.956,3244.687,3249.435,3249.627,3247007600,,-0.005908370406815244
2017-03-13,sh000903,3246.692,3270.97,3233.692,3270.664,3249.435,4553073800,,0.65331357605245
2017-03-14,sh000903,3270.101,3281.428,3267.117,3273.7,3270.664,3609412700,,0.09282518779059057
2017-03-15,sh000903,3270.129,3282.745,3263.562,3282.388,3273.7,3887519900,,0.2653877875187227
2017-03-16,sh000903,3291.163,3310.287,3289.173,3296.51,3282.388,5277329900,,0.43023554802175124
2017-03-17,sh000903,3301.115,3304.013,3259.52,3264.491,3296.51,5498878500,,-0.9712999505537723
2017-03-20,sh000903,3270.331,3275.22,3251.876,3269.412,3264.491,4597695200,,0.15074325522723697
2017-03-21,sh000903,3270.792,3287.756,3267.096,3287.287,3269.412,4850142000,,0.5467343975002148
2017-03-22,sh000903,3273.422,3284.002,3254.602,3268.957,3287.287,5599848400,,-0.5576026674884216
2017-03-23,sh000903,3270.833,3289.51,3260.07,3282.355,3268.957,4793302400,,0.40985549825220957
2017-03-24,sh000903,3285.808,3320.722,3282.355,3309.139,3282.355,7203278900,,0.8159994881723698
2017-03-27,sh000903,3307.532,3329.033,3295.054,3299.013,3309.139,6129707700,,-0.3060010474023711
2017-03-28,sh000903,3301.939,3302.957,3283.616,3290.633,3299.013,4323997500,,-0.25401536762662547
2017-03-29,sh000903,3292.065,3301.388,3278.205,3286.273,3290.633,5178375300,,-0.13249730371024393
2017-03-30,sh000903,3283.481,3289.633,3251.4,3268.171,3286.273,6039454100,,-0.55083676858253
2017-03-31,sh000903,3266.383,3289.113,3261.084,3288.07,3268.171,4951513800,,0.6088726691473756
2017-04-05,sh000903,3305.054,3324.851,3300.724,3323.874,3288.07,7796715400,,1.088906258078426
2017-04-06,sh000903,3325.615,3338.864,3314.877,3335.253,3323.874,6827916800,,0.3423414966993388
2017-04-07,sh000903,3335.108,3342.421,3325.654,3334.104,3335.253,6465448800,,-0.03445016015277691
2017-04-10,sh000903,3335.763,3340.249,3320.934,3323.223,3334.104,6128174900,,-0.3263545468287665
2017-04-11,sh000903,3320.134,3331.631,3281.972,3327.95,3323.223,7812018200,,0.14224143248888765
2017-04-12,sh000903,3325.398,3337.559,3310.439,3326.849,3327.95,7073443700,,-0.03308342973902256
2017-04-13,sh000903,3316.944,3327.43,3311.839,3323.284,3326.849,4750335300,,-0.10715845534318147
2017-04-14,sh000903,3324.308,3325.472,3288.646,3300.507,3323.284,5354144900,,-0.6853762723859957
2017-04-17,sh000903,3291.082,3304.189,3273.375,3302.824,3300.507,5048139800,,0.07020133573416576
2017-04-18,sh000903,3297.47,3307.832,3285.937,3286.259,3302.824,4781667900,,-0.5015404998873763
2017-04-19,sh000903,3279.033,3285.611,3249.178,3273.179,3286.259,5378290700,,-0.3980209715667593
2017-04-20,sh000903,3272.496,3295.592,3271.231,3292.54,3273.179,5116275900,,0.5915044670639746
2017-04-21,sh000903,3292.977,3309.697,3286.932,3306.295,3292.54,5322958500,,0.4177625784348882
2017-04-24,sh000903,3298.735,3298.735,3259.192,3284.148,3306.295,5860221800,,-0.6698434350231874
2017-04-25,sh000903,3279.809,3298.605,3275.706,3296.609,3284.148,4101881800,,0.3794286980976391
2017-04-26,sh000903,3297.699,3322.242,3295.39,3297.511,3296.609,5220183900,,0.027361449295315587
2017-04-27,sh000903,3287.842,3299.807,3261.697,3298.709,3297.511,5510246300,,0.03633043225632626
2017-04-28,sh000903,3293.123,3293.123,3263.093,3287.388,3298.709,4151919100,,-0.34319486805292065
2017-05-02,sh000903,3276.19,3287.462,3269.188,3276.022,3287.388,3731860300,,-0.3457456193184383
2017-05-03,sh000903,3273.573,3283.736,3257.147,3266.559,3276.022,4125034400,,-0.28885642404109513
2017-05-04,sh000903,3260.87,3273.958,3248.728,3262.719,3266.559,4300280800,,-0.11755489492154547
2017-05-05,sh000903,3253.864,3256.629,3228.423,3253.419,3262.719,5201065000,,-0.28503833765641806
2017-05-08,sh000903,3240.106,3246.394,3216.001,3243.511,3253.419,6960052900,,-0.3045411611599991
2017-05-09,sh000903,3225.864,3238.075,3213.647,3232.217,3243.511,3875198800,,-0.3482029196139602
2017-05-10,sh000903,3229.465,3255.755,3229.465,3237.544,3232.217,4404539000,,0.16480947906651888
2017-05-11,sh000903,3224.959,3267.238,3219.711,3264.233,3237.544,5443075500,,0.8243594527209686
2017-05-12,sh000903,3258.742,3301.07,3257.071,3300.447,3264.233,4527911700,,1.1094183534079871
2017-05-15,sh000903,3305.814,3320.814,3305.254,3309.602,3300.447,4059494800,,0.27738666913905696
2017-05-16,sh000903,3300.722,3325.444,3283.14,3325.138,3309.602,4781856400,,0.469422003008213
2017-05-17,sh000903,3318.852,3322.393,3297.218,3299.127,3325.138,4414307000,,-0.7822532478351296
2017-05-18,sh000903,3280.373,3300.478,3278.412,3293.099,3299.127,3682818500,,-0.18271500309020583
2017-05-19,sh000903,3289.882,3305.63,3289.882,3304.359,3293.099,3192380400,,0.3419271634408805
2017-05-22,sh000903,3301.952,3331.64,3299.196,3328.025,3304.359,4760468500,,0.7162054728314882
2017-05-23,sh000903,3323.445,3363.843,3319.911,3363.843,3328.025,6547448100,,1.076253934390503
2017-05-24,sh000903,3350.4,3359.949,3325.96,3359.787,3363.843,4454348200,,-0.12057637648368313
2017-05-25,sh000903,3348.179,3437.414,3347.585,3431.33,3359.787,7924316700,,2.1293909405566414
2017-05-26,sh000903,3425.314,3444.939,3418.348,3430.63,3431.33,5803863200,,-0.02040025296312642
2017-05-31,sh000903,3438.854,3467.303,3419.438,3445.579,3430.63,6434077200,,0.4357508679163846
2017-06-01,sh000903,3439.384,3467.53,3430.436,3466.886,3445.579,5964055800,,0.6183866340025768
2017-06-02,sh000903,3463.534,3469.953,3439.099,3444.826,3466.886,4697747300,,-0.6363058952616241
2017-06-05,sh000903,3436.025,3441.221,3408.841,3415.58,3444.826,4705919400,,-0.8489833739062647
2017-06-06,sh000903,3411.737,3442.795,3408.054,3442.771,3415.58,3472149000,,0.7960873409494251
2017-06-07,sh000903,3444.663,3482.399,3441.623,3475.207,3442.771,5395358200,,0.9421480545757976
2017-06-08,sh000903,3471.958,3510.286,3468.578,3509.326,3475.207,4551815300,,0.9817832434154239
2017-06-09,sh000903,3510.872,3548.499,3509.302,3525.372,3509.326,5666394600,,0.45723879742149975
2017-06-12,sh000903,3522.152,3563.628,3519.141,3535.396,3525.372,4730890300,,0.28433878750953046
2017-06-13,sh000903,3530.121,3532.886,3511.05,3530.829,3535.396,3664620800,,-0.12917930551485934
2017-06-14,sh000903,3518.116,3518.116,3469.138,3475.422,3530.829,4334860900,,-1.569234873736458
2017-06-15,sh000903,3471.623,3479.999,3441.913,3459.174,3475.422,3982118700,,-0.46751157125667353
2017-06-16,sh000903,3451.804,3468.254,3441.139,3446.667,3459.174,3676554000,,-0.36156030312438636
2017-06-19,sh000903,3449.503,3488.27,3449.503,3486.477,3446.667,4172689100,,1.1550289018347204
2017-06-20,sh000903,3493.385,3496.6,3468.351,3477.002,3486.477,3885360900,,-0.27176430534318063
2017-06-21,sh000903,3496.773,3520.037,3472.257,3519.838,3477.002,4169469400,,1.2319808846817049
2017-06-22,sh000903,3514.584,3576.276,3513.243,3535.022,3519.838,7251763700,,0.43138348980833463
2017-06-23,sh000903,3528.68,3570.836,3513.509,3570.203,3535.022,5205832300,,0.9952130425213701
2017-06-26,sh000903,3575.822,3622.695,3575.822,3607.932,3570.203,7237319300,,1.0567746427864178
2017-06-27,sh000903,3605.844,3620.765,3588.447,3618.656,3607.932,5038469200,,0.2972339833455795
2017-06-28,sh000903,3608.284,3619.513,3589.025,3590.293,3618.656,5088710000,,-0.7837992890177947
2017-06-29,sh000903,3595.605,3612.92,3586.451,3612.035,3590.293,4166055300,,0.6055773163917255
2017-06-30,sh000903,3598.724,3612.516,3588.974,3608.659,3612.035,4015943400,,-0.09346531802708613
2017-07-03,sh000903,3608.357,3608.357,3568.388,3582.757,3608.659,4093803600,,-0.7177735552181597
2017-07-04,sh000903,3577.85,3578.003,3538.085,3547.071,3582.757,4596339800,,-0.9960485737659619
2017-07-05,sh000903,3538.388,3594.522,3537.506,3591.765,3547.071,3923140400,,1.260025525285502
2017-07-06,sh000903,3586.349,3600.559,3562.211,3593.06,3591.765,4511774300,,0.03605469734240252
2017-07-07,sh000903,3578.402,3581.756,3560.019,3579.821,3593.06,4609589900,,-0.36846030959682974
2017-07-10,sh000903,3571.135,3597.65,3563.24,3585.933,3579.821,5435000100,,0.17073479372293754
2017-07-11,sh000903,3578.843,3651.246,3578.582,3623.938,3585.933,6239078700,,1.0598357526479196
2017-07-12,sh000903,3628.272,3659.075,3597.785,3610.729,3623.938,6738820900,,-0.36449299077413455
2017-07-13,sh000903,3607.469,3647.679,3603.87,3647.151,3610.729,6728069900,,1.0087159684373903
2017-07-14,sh000903,3644.599,3672.698,3637.72,3672.698,3647.151,5625421500,,0.7004645543877919
2017-07-17,sh000903,3675.354,3704.608,3617.984,3665.52,3672.698,9760544300,,-0.1954421517914029
2017-07-18,sh000903,3651.09,3670.481,3619.474,3660.263,3665.52,6626046900,,-0.14341757786071607
2017-07-19,sh000903,3653.461,3711.307,3651.262,3708.518,3660.263,8944167100,,1.3183478892090594
2017-07-20,sh000903,3703.754,3724.294,3691.791,3723.213,3708.518,6547619200,,0.39624993056526225
2017-07-21,sh000903,3712.543,3723.322,3687.622,3693.506,3723.213,5412128900,,-0.7978861268479798
2017-07-24,sh000903,3688.861,3721.659,3681.559,3708.762,3693.506,6076845800,,0.4130492816310616
2017-07-25,sh000903,3710.211,3722.501,3686.166,3689.141,3708.762,5766166400,,-0.5290444628153534
2017-07-26,sh000903,3689.341,3713.126,3648.346,3671.451,3689.141,6073093800,,-0.47951542106956513
2017-07-27,sh000903,3666.906,3673.003,3635.936,3666.755,3671.451,5727295700,,-0.12790583341572015
2017-07-28,sh000903,3657.912,3681.592,3648.81,3674.462,3666.755,4012980700,,0.2101858455228145
2017-07-31,sh000903,3673.392,3691.301,3659.013,3678.169,3674.462,6007084100,,0.10088551739002583
2017-08-01,sh000903,3681.537,3723.774,3677.944,3723.774,3678.169,6530763400,,1.2398832136315763
2017-08-02,sh000903,3720.933,3738.313,3714.033,3718.393,3723.774,7601808900,,-0.14450393606055822
2017-08-03,sh000903,3712.147,3724.982,3668.252,3673.651,3718.393,6412177300,,-1.2032617316136363
2017-08-04,sh000903,3671.473,3682.22,3650.4,3651.236,3673.651,6274146400,,-0.6101559456791028
2017-08-07,sh000903,3644.934,3672.806,3631.346,3665.226,3651.236,5104810700,,0.3831579224131243
2017-08-08,sh000903,3662.559,3669.995,3651.288,3663.764,3665.226,5152751200,,-0.03988839978762426
2017-08-09,sh000903,3659.739,3673.136,3644.364,3658.996,3663.764,5158737900,,-0.1301393867072287
2017-08-10,sh000903,3654.287,3677.836,3618.409,3646.652,3658.996,5239561500,,-0.3373603032088557
2017-08-11,sh000903,3618.743,3630.925,3580.049,3583.258,3646.652,6545382700,,-1.7384164982016448
2017-08-14,sh000903,3586.623,3621.346,3584.456,3614.481,3583.258,4962113900,,0.8713578536627908
2017-08-15,sh000903,3616.09,3646.081,3614.871,3626.919,3614.481,4507114100,,0.3441157942177586
2017-08-16,sh000903,3623.124,3624.896,3604.691,3618.522,3626.919,3913912800,,-0.23151881803812335
2017-08-17,sh000903,3624.114,3633.293,3615.826,3631.593,3618.522,4146371100,,0.36122483157488006
2017-08-18,sh000903,3623.352,3650.71,3616.716,3641.702,3631.593,3644190300,,0.2783626909733661
2017-08-21,sh000903,3648.218,3660.51,3640.888,3651.559,3641.702,3787708200,,0.27067014269701595
2017-08-22,sh000903,3660.05,3678.515,3654.196,3677.867,3651.559,4256929400,,0.7204593983008323
2017-08-23,sh000903,3675.382,3710.628,3672.12,3694.898,3677.867,5347836100,,0.4630673159198073
2017-08-24,sh000903,3694.299,3711.29,3674.273,3679.571,3694.898,4481294600,,-0.41481523982530577
2017-08-25,sh000903,3682.105,3750.025,3682.105,3749.467,3679.571,7206691300,,1.8995692704394163
2017-08-28,sh000903,3762.104,3827.458,3762.104,3794.591,3749.467,9854016500,,1.203477720966739
2017-08-29,sh000903,3789.574,3800.059,3777.06,3791.093,3794.591,6094114300,,-0.09218384800891988
2017-08-30,sh000903,3793.004,3817.954,3774.944,3782.468,3791.093,6969176100,,-0.2275069485238146
2017-08-31,sh000903,3784.721,3789.685,3741.221,3761.798,3782.468,6322156100,,-0.5464686019815646
2017-09-01,sh000903,3765.764,3785.951,3750.193,3762.628,3761.798,7656853000,,0.02206391730763535
2017-09-04,sh000903,3758.993,3775.321,3742.313,3773.204,3762.628,7265966300,,0.28108013866903203
2017-09-05,sh000903,3773.244,3803.311,3771.649,3791.881,3773.204,6214028000,,0.49499046433745253
2017-09-06,sh000903,3783.085,3790.599,3763.68,3779.522,3791.881,6309592400,,-0.3259332241702717
2017-09-07,sh000903,3780.932,3784.497,3756.968,3757.554,3779.522,5668512700,,-0.5812375215701882
2017-09-08,sh000903,3757.589,3767.554,3740.6,3749.45,3757.554,4775064900,,-0.21567221655365287
2017-09-11,sh000903,3754.175,3775.91,3732.323,3735.34,3749.45,5574780100,,-0.3763218605395413
2017-09-12,sh000903,3742.526,3757.073,3729.872,3753.37,3735.34,6112696600,,0.4826869843173487
2017-09-13,sh000903,3750.809,3764.37,3739.533,3756.033,3753.37,4041245300,,0.07094957331676977
2017-09-14,sh000903,3756.947,3769.772,3734.122,3742.596,3756.033,5226937900,,-0.3577444607116065
2017-09-15,sh000903,3739.028,3761.031,3730.03,3748.015,3742.596,5964292300,,0.14479254506765127
2017-09-18,sh000903,3749.664,3780.856,3749.664,3755.778,3748.015,6400759100,,0.20712297042566608
2017-09-19,sh000903,3763.752,3774.288,3738.927,3750.266,3755.778,5626724000,,-0.1467605380296666
2017-09-20,sh000903,3748.792,3767.071,3745.565,3754.489,3750.266,5020965400,,0.11260534586079451
2017-09-21,sh000903,3755.69,3784.225,3752.014,3765.643,3754.489,5501164800,,0.29708437020323775
2017-09-22,sh000903,3754.447,3777.829,3750.345,3775.331,3765.643,4964297700,,0.2572734590081893
2017-09-25,sh000903,3766.76,3774.562,3752.899,3763.552,3775.331,5503687700,,-0.31199913332102813
2017-09-26,sh000903,3754.717,3765.801,3752.796,3763.469,3763.552,4515446200,,-0.0022053634438967684
2017-09-27,sh000903,3759.602,3768.517,3752.61,3754.014,3763.469,4659558500,,-0.25123097865293875
2017-09-28,sh000903,3754.22,3760.568,3741.745,3756.957,3754.014,5069788100,,0.07839608483080074
2017-09-29,sh000903,3758.542,3788.043,3758.542,3769.668,3756.957,5528203500,,0.3383323258690618
2017-10-09,sh000903,3855.52,3864.487,3808.501,3814.783,3769.668,8250874900,,1.1967897438182717
2017-10-10,sh000903,3816.325,3839.432,3784.102,3820.698,3814.783,6047030200,,0.1550546911842643
2017-10-11,sh000903,3817.807,3854.234,3817.25,3843.69,3820.698,5151618300,,0.6017748589393968
2017-10-12,sh000903,3843.496,3863.398,3839.427,3856.84,3843.69,5043648400,,0.34211916153488175
2017-10-13,sh000903,3856.647,3866.626,3849.292,3858.452,3856.84,4949278200,,0.041795874342720474
2017-10-16,sh000903,3866.467,3897.009,3860.485,3867.226,3858.452,6548547100,,0.22739689388386886
2017-10-17,sh000903,3865.572,3882.091,3855.887,3869.682,3867.226,4312569900,,0.06350805461070586
2017-10-18,sh000903,3872.245,3912.54,3868.474,3911.842,3869.682,5681369600,,1.0894952091670573
2017-10-19,sh000903,3907.388,3911.675,3894.117,3907.077,3911.842,6118342400,,-0.12180962319029431
2017-10-20,sh000903,3892.757,3896.198,3878.955,3889.927,3907.077,3855765100,,-0.438947069637996
2017-10-23,sh000903,3896.09,3901.575,3879.171,3887.347,3889.927,4581369900,,-0.06632515211725254
2017-10-24,sh000903,3882.583,3923.271,3878.619,3918.398,3887.347,5164473700,,0.7987709869996085
2017-10-25,sh000903,3917.563,3937.972,3912.723,3936.05,3918.398,5199566700,,0.45049022585250675
2017-10-26,sh000903,3942.739,3984.928,3934.905,3956.581,3936.05,7920128500,,0.5216143087613201
2017-10-27,sh000903,3956.77,4009.42,3954.957,4007.659,3956.581,8244037100,,1.290963081509
2017-10-30,sh000903,4009.117,4022.813,3958.103,4010.502,4007.659,9926349500,,0.07093916922571442
2017-10-31,sh000903,3992.839,4001.407,3977.959,3997.0,4010.502,6765387900,,-0.33666608319855573
2017-11-01,sh000903,3999.238,4029.741,3979.778,3985.915,3997.0,8002265400,,-0.27733299974981307
2017-11-02,sh000903,3983.352,3994.254,3958.376,3991.882,3985.915,7818539900,,0.14970213865574955
2017-11-03,sh000903,3985.338,3996.948,3960.724,3993.88,3991.882,7552029400,,0.0500515796809653
2017-11-06,sh000903,3990.076,4014.459,3973.555,4012.011,3993.88,7292603800,,0.4539695734473659
2017-11-07,sh000903,4013.616,4063.709,4013.39,4047.516,4012.011,9369488900,,0.8849676633488901
2017-11-08,sh000903,4043.38,4084.396,4027.124,4036.016,4047.516,9015712900,,-0.2841248805440122
2017-11-09,sh000903,4030.64,4064.918,4026.737,4063.591,4036.016,6966352500,,0.6832232577868913
2017-11-10,sh000903,4057.525,4107.367,4052.058,4102.246,4063.591,7884770000,,0.951252229862698
2017-11-13,sh000903,4108.024,4132.117,4104.681,4113.152,4102.246,8791441100,,0.265854363682716
2017-11-14,sh000903,4115.639,4120.746,4075.694,4087.521,4113.152,8040476700,,-0.6231474061741404
2017-11-15,sh000903,4070.951,4094.757,4055.175,4074.76,4087.521,6588674700,,-0.3121941147213647
2017-11-16,sh000903,4061.839,4115.897,4060.468,4114.423,4074.76,7209792400,,0.9733824814222025
2017-11-17,sh000903,4099.657,4169.207,4096.437,4167.02,4114.423,11949516200,,1.2783566492798881
2017-11-20,sh000903,4136.747,4187.22,4107.912,4186.332,4167.02,8317392100,,0.463448699550284
2017-11-21,sh000903,4172.009,4286.042,4170.902,4273.759,4186.332,11907191900,,2.088391460591277
2017-11-22,sh000903,4288.283,4328.326,4254.83,4292.393,4273.759,12596090200,,0.4360096112111078
2017-11-23,sh000903,4277.752,4283.319,4142.576,4166.019,4292.393,11514601500,,-2.944138619180481
2017-11-24,sh000903,4155.142,4180.648,4115.118,4168.585,4166.019,8410217100,,0.061593574105156534
2017-11-27,sh000903,4151.386,4151.386,4087.186,4117.389,4168.585,9739611900,,-1.2281385650046661
2017-11-28,sh000903,4096.89,4113.498,4061.776,4105.349,4117.389,6328607400,,-0.29241832627424635
2017-11-29,sh000903,4114.566,4124.842,4049.483,4102.984,4105.349,7166145500,,-0.0576077697657329
2017-11-30,sh000903,4081.62,4102.375,4034.74,4054.774,4102.984,6521479800,,-1.1749984889046772
2017-12-01,sh000903,4052.462,4069.002,4022.545,4030.525,4054.774,5806378700,,-0.5980357968162875
2017-12-04,sh000903,4017.323,4073.372,4009.565,4063.188,4030.525,5799371700,,0.8103907059254123
2017-12-05,sh000903,4049.27,4126.288,4047.564,4114.479,4063.188,9976957000,,1.2623339112046938
2017-12-06,sh000903,4098.088,4098.175,4022.162,4071.287,4114.479,6429383300,,-1.04975623888226
2017-12-07,sh000903,4058.517,4073.256,3998.78,4018.698,4071.287,5029536000,,-1.2917045641832603
2017-12-08,sh000903,4010.734,4062.191,4000.278,4050.912,4018.698,5015534900,,0.8016029072102526
2017-12-11,sh000903,4053.929,4120.153,4050.182,4119.848,4050.912,5841088000,,1.7017402500967727
2017-12-12,sh000903,4118.629,4123.345,4058.515,4059.324,4119.848,4844365500,,-1.4690833254042301
2017-12-13,sh000903,4059.615,4104.126,4045.411,4098.143,4059.324,4472199800,,0.956292229937783
2017-12-14,sh000903,4100.998,4105.858,4059.341,4073.764,4098.143,4393384300,,-0.5948791928441666
2017-12-15,sh000903,4064.626,4064.626,4015.776,4020.942,4073.764,5477212100,,-1.2966386859916357
2017-12-18,sh000903,4021.961,4054.932,4015.091,4032.462,4020.942,4106652200,,0.28650002909766936
2017-12-19,sh000903,4033.3,4091.577,4032.034,4090.117,4032.462,4523804900,,1.4297716878671096
2017-12-20,sh000903,4092.135,4108.406,4075.171,4095.832,4090.117,5191773000,,0.13972705426275045
2017-12-21,sh000903,4087.167,4149.301,4076.754,4134.635,4095.832,5661109400,,0.9473777244769943
2017-12-22,sh000903,4130.191,4141.249,4110.818,4118.875,4134.635,4032967400,,-0.38117028468050984
2017-12-25,sh000903,4121.545,4161.232,4095.516,4113.161,4118.875,4984781300,,-0.13872720099541436
2017-12-26,sh000903,4111.946,4126.785,4084.852,4122.964,4113.161,4908478200,,0.23833251360692032
2017-12-27,sh000903,4114.245,4116.665,4039.125,4044.972,4122.964,5750644300,,-1.8916488235162787
2017-12-28,sh000903,4049.474,4096.685,4033.348,4077.885,4044.972,6329719400,,0.8136768313847353
2017-12-29,sh000903,4081.728,4104.823,4066.461,4081.248,4077.885,4965247500,,0.0824692211771394
2018-01-02,sh000903,4096.729,4149.219,4096.729,4147.729,4081.248,8898858500,,1.628938011118164
2018-01-03,sh000903,4153.428,4201.828,4149.425,4157.572,4147.729,8668076200,,0.2373105861062763
2018-01-04,sh000903,4164.55,4190.903,4154.528,4180.517,4157.572,7285788500,,0.5518846095750041
2018-01-05,sh000903,4187.613,4211.157,4175.865,4198.476,4180.517,8537942200,,0.42958801507086974
2018-01-08,sh000903,4200.421,4231.577,4187.568,4221.683,4198.476,9990145300,,0.5527481876757223
2018-01-09,sh000903,4219.82,4267.238,4215.537,4263.804,4221.683,8335044400,,0.9977300522090449
2018-01-10,sh000903,4261.747,4308.531,4258.309,4303.638,4263.804,9699491800,,0.9342361890931183
2018-01-11,sh000903,4292.022,4317.155,4274.226,4297.024,4303.638,7362418400,,-0.1536839297357151
2018-01-12,sh000903,4299.081,4336.439,4292.304,4334.226,4297.024,6698234100,,0.8657619785227944
2018-01-15,sh000903,4343.837,4400.955,4337.566,4369.909,4334.226,11054144600,,0.8232842495984327
2018-01-16,sh000903,4358.234,4403.755,4354.654,4400.944,4369.909,10207658600,,0.7101978553786914
2018-01-17,sh000903,4408.927,4455.541,4375.455,4393.926,4400.944,14154833100,,-0.15946578734017391
2018-01-18,sh000903,4413.478,4451.588,4392.952,4424.488,4393.926,11920774400,,0.6955510857488356
2018-01-19,sh000903,4439.449,4477.003,4417.017,4436.89,4424.488,14168117000,,0.28030361931143943
2018-01-22,sh000903,4424.886,4494.478,4424.362,4491.643,4436.89,11578527100,,1.2340400595912904
2018-01-23,sh000903,4506.562,4549.39,4505.188,4548.329,4491.643,14014460800,,1.2620326236969293
2018-01-24,sh000903,4559.576,4567.41,4504.065,4546.385,4548.329,14735180400,,-0.042740971464449995
2018-01-25,sh000903,4537.717,4543.779,4472.173,4516.454,4546.385,12278880700,,-0.6583472363207332
2018-01-26,sh000903,4502.077,4568.37,4501.06,4540.853,4516.454,11677530800,,0.5402246984027803
2018-01-29,sh000903,4550.205,4561.427,4430.841,4448.916,4540.853,12027330900,,-2.0246636479974156
2018-01-30,sh000903,4431.458,4453.453,4386.521,4390.174,4448.916,8406685100,,-1.3203665791846841
2018-01-31,sh000903,4369.615,4445.794,4368.762,4441.547,4390.174,8726875500,,1.1701814096662044
2018-02-01,sh000903,4444.329,4459.169,4393.333,4444.412,4441.547,12000313200,,0.06450455213016237
2018-02-02,sh000903,4407.924,4464.724,4376.859,4463.058,4444.412,8694796400,,0.41953806262784443
2018-02-05,sh000903,4393.5,4476.912,4389.045,4476.912,4463.058,10643601700,,0.31041496659913737
2018-02-06,sh000903,4377.757,4408.783,4334.248,4367.134,4476.912,14550386200,,-2.452091977684623
2018-02-07,sh000903,4420.145,4433.251,4236.392,4239.901,4367.134,13791352900,,-2.913421021658602
2018-02-08,sh000903,4205.303,4252.776,4129.345,4171.933,4239.901,10757355500,,-1.6030562977767615
2018-02-09,sh000903,4046.119,4062.901,3881.44,3989.358,4171.933,13893127600,,-4.376268746406042
2018-02-12,sh000903,3989.485,4043.107,3963.607,4021.286,3989.358,7372857500,,0.8003292760389025
2018-02-13,sh000903,4060.813,4136.577,4060.813,4079.643,4021.286,7274000100,,1.4512024262885115
2018-02-14,sh000903,4091.115,4120.572,4068.259,4115.389,4079.643,4226404000,,0.8762041188407954
2018-02-22,sh000903,4177.847,4210.591,4158.81,4202.265,4115.389,6245835800,,2.111003358370267
2018-02-23,sh000903,4214.906,4244.895,4188.759,4228.19,4202.265,5951399600,,0.6169292036556362
2018-02-26,sh000903,4253.651,4274.919,4196.834,4263.7,4228.19,8394348500,,0.8398392692854362
2018-02-27,sh000903,4271.555,4271.555,4177.791,4186.868,4263.7,7502520300,,-1.80200295517976
2018-02-28,sh000903,4143.07,4167.31,4113.195,4132.051,4186.868,6195316500,,-1.3092602871645376
2018-03-01,sh000903,4103.24,4173.107,4094.139,4154.626,4132.051,5352364100,,0.5463388520615897
2018-03-02,sh000903,4116.445,4153.544,4103.736,4122.087,4154.626,4977848200,,-0.783199257887468
2018-03-05,sh000903,4125.722,4155.357,4096.552,4118.863,4122.087,4712362300,,-0.0782128082206901
2018-03-06,sh000903,4138.738,4165.982,4088.144,4164.89,4118.863,7935428300,,1.1174685829560271
2018-03-07,sh000903,4163.245,4199.728,4125.957,4137.161,4164.89,6047284200,,-0.6657798885444821
2018-03-08,sh000903,4141.564,4186.385,4128.922,4185.507,4137.161,5136717500,,1.168579129504499
2018-03-09,sh000903,4198.756,4210.957,4182.215,4208.858,4185.507,6240492400,,0.5579013486299411
2018-03-12,sh000903,4232.316,4239.14,4197.247,4215.121,4208.858,7824239000,,0.14880521034446037
2018-03-13,sh000903,4212.656,4225.082,4173.006,4178.218,4215.121,6324525700,,-0.8754908815191809
2018-03-14,sh000903,4161.341,4174.751,4148.79,4162.227,4178.218,5166938800,,-0.38272296945731643
2018-03-15,sh000903,4144.815,4198.871,4144.815,4195.868,4162.227,4747762700,,0.808245201427038
2018-03-16,sh000903,4195.786,4212.229,4151.825,4152.881,4195.868,4811306900,,-1.0245079206495533
2018-03-19,sh000903,4152.306,4178.437,4129.191,4177.794,4152.881,4580556000,,0.5998967945385347
2018-03-20,sh000903,4149.519,4184.72,4144.567,4180.962,4177.794,4425957700,,0.07582949278974738
2018-03-21,sh000903,4209.011,4214.725,4146.549,4164.269,4180.962,5402463700,,-0.3992621793740381
2018-03-22,sh000903,4166.013,4175.008,4099.404,4118.343,4164.269,5140742500,,-1.1028586289694609
2018-03-23,sh000903,3993.28,4022.762,3944.691,4016.175,4118.343,10307739600,,-2.480803565900158
2018-03-26,sh000903,3976.864,3983.936,3912.611,3959.63,4016.175,6729812100,,-1.4079316762840244
2018-03-27,sh000903,4011.921,4020.821,3943.781,3974.875,3959.63,6433656800,,0.38501072069865305
2018-03-28,sh000903,3924.016,3965.035,3884.133,3893.003,3974.875,5642611900,,-2.059737727601496
2018-03-29,sh000903,3903.483,3985.595,3835.811,3961.243,3893.003,6974702400,,1.7528884514088405
2018-03-30,sh000903,3956.772,3965.936,3930.558,3942.114,3961.243,5386002800,,-0.48290397736265867
2018-04-02,sh000903,3935.231,3986.133,3918.302,3920.939,3942.114,5795766500,,-0.5371483422346501
2018-04-03,sh000903,3888.861,3917.103,3878.103,3898.577,3920.939,5086025500,,-0.5703225681399138
2018-04-04,sh000903,3909.089,3945.843,3898.766,3905.425,3898.577,4737170400,,0.1756538347196912
2018-04-09,sh000903,3906.548,3922.969,3877.352,3903.658,3905.425,4536835200,,-0.04524475569240849
2018-04-10,sh000903,3911.407,3993.697,3900.096,3993.294,3903.658,6112276500,,2.296205251587091
2018-04-11,sh000903,3999.344,4032.517,3988.455,4007.79,3993.294,6239020300,,0.3630085838908892
2018-04-12,sh000903,4006.984,4006.984,3955.533,3958.601,4007.79,4206435300,,-1.227334765544097
2018-04-13,sh000903,3982.319,3991.487,3919.836,3924.843,3958.601,3678068600,,-0.8527760185985
2018-04-16,sh000903,3913.838,3921.446,3826.954,3844.018,3924.843,5789247800,,-2.05931804151146
2018-04-17,sh000903,3849.52,3860.648,3792.515,3795.886,3844.018,4857067600,,-1.2521273313496506
2018-04-18,sh000903,3838.527,3842.019,3763.56,3812.764,3795.886,6115395000,,0.4446392752574857
2018-04-19,sh000903,3826.52,3874.105,3817.674,3863.836,3812.764,4775455000,,1.3395006876900872
2018-04-20,sh000903,3854.355,3867.997,3799.555,3816.497,3863.836,5328310800,,-1.2251814000387218
2018-04-23,sh000903,3807.741,3848.889,3802.893,3842.011,3816.497,5156513300,,0.6685188014034837
2018-04-24,sh000903,3847.628,3939.834,3847.628,3922.834,3842.011,6874684200,,2.1036639405769497
2018-04-25,sh000903,3903.469,3914.778,3888.752,3897.103,3922.834,4422847400,,-0.6559288514375039
2018-04-26,sh000903,3890.098,3899.67,3806.264,3821.979,3897.103,4987835900,,-1.9276883366952435
2018-04-27,sh000903,3838.493,3841.904,3762.202,3809.33,3821.979,5329145300,,-0.33095419938204973
2018-05-02,sh000903,3822.213,3837.162,3791.643,3813.49,3809.33,4737418400,,0.10920555583264768
2018-05-03,sh000903,3803.494,3848.209,3781.468,3841.944,3813.49,5467325700,,0.7461406742904853
2018-05-04,sh000903,3832.318,3847.553,3811.698,3815.563,3841.944,3824544500,,-0.6866575879294401
2018-05-07,sh000903,3822.247,3876.982,3811.255,3875.163,3815.563,4744740900,,1.562023743285068
2018-05-08,sh000903,3875.936,3948.507,3875.131,3931.694,3875.163,5485622700,,1.458803152280308
2018-05-09,sh000903,3928.76,3929.035,3904.357,3920.659,3931.694,3530175800,,-0.280667824098213
2018-05-10,sh000903,3934.35,3949.094,3915.384,3943.076,3920.659,3705799100,,0.5717661240112859
2018-05-11,sh000903,3954.124,3955.731,3924.878,3926.404,3943.076,3968277000,,-0.42281711029663605
2018-05-14,sh000903,3944.61,3982.525,3944.61,3974.064,3926.404,4708050000,,1.213833319240698
2018-05-15,sh000903,3984.929,3985.433,3949.344,3977.898,3974.064,4069642200,,0.09647554744967035
2018-05-16,sh000903,3961.811,3968.857,3931.937,3936.095,3977.898,3801737000,,-1.050881646537949
2018-05-17,sh000903,3939.61,3944.757,3902.185,3907.432,3936.095,3017745000,,-0.7282090498323845
2018-05-18,sh000903,3903.551,3956.675,3886.323,3956.675,3907.432,3816088000,,1.2602394616208379
2018-05-21,sh000903,3977.646,3987.885,3958.147,3966.341,3956.675,4604500900,,0.2442960313899789
2018-05-22,sh000903,3963.336,3963.336,3916.028,3941.41,3966.341,3734941800,,-0.6285642106919176
2018-05-23,sh000903,3932.359,3932.359,3884.495,3884.495,3941.41,4393294800,,-1.4440263763475514
2018-05-24,sh000903,3882.606,3890.649,3851.689,3855.296,3884.495,3539543900,,-0.7516807204025255
2018-05-25,sh000903,3852.796,3876.271,3837.552,3851.492,3855.296,3861778000,,-0.0986694666246013
2018-05-28,sh000903,3850.521,3886.634,3836.726,3873.672,3851.492,3909952900,,0.5758807236260655
2018-05-29,sh000903,3862.725,3880.516,3835.44,3847.592,3873.672,4615839200,,-0.6732629918072552
2018-05-30,sh000903,3800.297,3812.745,3770.684,3772.238,3847.592,4655805700,,-1.9584716882663278
2018-05-31,sh000903,3799.532,3864.121,3796.754,3860.972,3772.238,5556672100,,2.352290603084972
2018-06-01,sh000903,3848.855,3864.597,3821.391,3838.309,3860.972,4055295900,,-0.5869765437304442
2018-06-04,sh000903,3862.768,3908.021,3855.106,3903.449,3838.309,4190488200,,1.6971015100660125
2018-06-05,sh000903,3909.605,3937.611,3891.277,3934.226,3903.449,4347198600,,0.7884565675124744
2018-06-06,sh000903,3928.978,3933.786,3914.782,3920.838,3934.226,3992301200,,-0.34029565154619634
2018-06-07,sh000903,3931.019,3950.465,3915.17,3919.85,3920.838,4438526400,,-0.025198694768824303
2018-06-08,sh000903,3905.855,3905.91,3843.238,3863.898,3919.85,4620486700,,-1.4274015587331101
2018-06-11,sh000903,3854.225,3886.58,3840.791,3875.787,3863.898,3773428900,,0.3076944577729446
2018-06-12,sh000903,3879.295,3930.807,3867.097,3925.898,3875.787,3810319700,,1.2929245079773555
2018-06-13,sh000903,3912.917,3919.249,3886.668,3895.153,3925.898,3422355700,,-0.7831329290776345
2018-06-14,sh000903,3881.122,3916.792,3865.125,3880.754,3895.153,3689692300,,-0.36966455489680916
2018-06-15,sh000903,3865.89,3888.665,3858.819,3872.599,3880.754,4561691100,,-0.2101395759689928
2018-06-19,sh000903,3823.72,3834.026,3724.162,3761.531,3872.599,9413202400,,-2.868048047319127
2018-06-20,sh000903,3742.864,3781.002,3718.82,3768.494,3761.531,4569061000,,0.18511079664105257
2018-06-21,sh000903,3765.285,3809.58,3731.456,3735.292,3768.494,4930820300,,-0.8810416044181091
2018-06-22,sh000903,3709.617,3738.076,3686.713,3737.845,3735.292,3843211500,,0.06834807024456158
2018-06-25,sh000903,3752.443,3756.604,3676.962,3678.623,3737.845,4600110600,,-1.5843888657769312
2018-06-26,sh000903,3644.616,3652.754,3585.495,3639.322,3678.623,4860412800,,-1.0683617212201346
2018-06-27,sh000903,3630.577,3645.298,3535.98,3555.036,3639.322,4724973700,,-2.3159808337926746
2018-06-28,sh000903,3524.052,3569.961,3506.597,3515.748,3555.036,4272472700,,-1.1051364880693249
2018-06-29,sh000903,3525.448,3602.567,3520.151,3600.849,3515.748,4190173600,,2.420565979131606
2018-07-02,sh000903,3591.851,3591.851,3455.377,3478.567,3600.849,4850126600,,-3.3959213507703367
2018-07-03,sh000903,3482.452,3492.926,3383.743,3473.822,3478.567,5398395200,,-0.1364067445013939
2018-07-04,sh000903,3463.543,3490.521,3431.165,3435.607,3473.822,4158827900,,-1.1000851511677956
2018-07-05,sh000903,3441.214,3480.136,3413.147,3435.919,3435.607,4664918600,,0.00908136466131193
2018-07-06,sh000903,3444.283,3498.748,3396.501,3468.792,3435.919,4610432500,,0.9567454878883996
2018-07-09,sh000903,3484.257,3568.581,3484.257,3568.303,3468.792,4408557500,,2.8687508504401604
2018-07-10,sh000903,3572.931,3575.703,3535.225,3567.502,3568.303,3771414700,,-0.022447645281242767
2018-07-11,sh000903,3492.927,3524.634,3474.294,3506.75,3567.502,3868597600,,-1.7029282674543733
2018-07-12,sh000903,3500.558,3595.076,3500.558,3573.663,3506.75,5532969700,,1.908120054181217
2018-07-13,sh000903,3582.994,3589.174,3564.093,3581.646,3573.663,4121285700,,0.22338424188290684
2018-07-16,sh000903,3577.453,3597.109,3537.709,3551.665,3581.646,3753615900,,-0.837073233926533
2018-07-17,sh000903,3547.12,3547.922,3498.94,3524.967,3551.665,3376165400,,-0.7517037783687286
2018-07-18,sh000903,3534.646,3560.0,3505.993,3507.345,3524.967,3692799400,,-0.4999195737151685
2018-07-19,sh000903,3526.034,3550.399,3505.623,3516.793,3507.345,3692677400,,0.26937754911480205
2018-07-20,sh000903,3516.726,3610.957,3485.93,3594.448,3516.793,6281348700,,2.2081197272628694
2018-07-23,sh000903,3575.25,3633.957,3568.492,3628.875,3594.448,6825239600,,0.957782669272178
2018-07-24,sh000903,3637.948,3702.561,3637.948,3684.639,3628.875,8706155000,,1.536674589232212
2018-07-25,sh000903,3696.152,3696.152,3664.723,3678.796,3684.639,5024615100,,-0.15857727174901637
2018-07-26,sh000903,3687.968,3699.258,3628.477,3635.832,3678.796,4780406300,,-1.1678821005568163
2018-07-27,sh000903,3635.065,3648.753,3614.753,3625.75,3635.832,3637551500,,-0.27729554060803574
2018-07-30,sh000903,3625.609,3666.77,3602.061,3634.685,3625.75,4495793200,,0.24643177273666605
2018-07-31,sh000903,3628.447,3648.164,3609.016,3637.531,3634.685,3749245400,,0.0783011457664129
2018-08-01,sh000903,3653.049,3665.913,3559.422,3560.38,3637.531,4946613500,,-2.1209716150872637
2018-08-02,sh000903,3547.989,3547.989,3442.023,3483.828,3560.38,5393665400,,-2.1501075727871743
2018-08-03,sh000903,3480.454,3494.768,3431.687,3431.922,3483.828,3820884400,,-1.489912820035888
2018-08-06,sh000903,3433.875,3471.712,3392.815,3410.172,3431.922,4272090200,,-0.6337556622790341
2018-08-07,sh000903,3423.053,3511.252,3407.154,3511.252,3410.172,5171237600,,2.9640733663873764
2018-08-08,sh000903,3505.912,3510.817,3454.555,3458.231,3511.252,4386068200,,-1.5100311797615174
2018-08-09,sh000903,3445.876,3552.234,3442.598,3543.308,3458.231,5187294900,,2.460130627479762
2018-08-10,sh000903,3545.732,3568.033,3520.753,3543.987,3543.308,3859498200,,0.019162883949119802
2018-08-13,sh000903,3508.706,3522.657,3462.448,3514.758,3543.987,4306347300,,-0.8247490749825115
2018-08-14,sh000903,3512.035,3517.578,3478.678,3497.446,3514.758,3300199900,,-0.4925516920368356
2018-08-15,sh000903,3494.976,3495.437,3410.995,3415.231,3497.446,3759726800,,-2.3507153505729517
2018-08-16,sh000903,3374.992,3443.964,3354.758,3403.825,3415.231,4453056200,,-0.3339744807891565
2018-08-17,sh000903,3434.191,3438.384,3355.936,3361.874,3403.825,3707681900,,-1.2324664164579557
2018-08-20,sh000903,3375.427,3409.416,3352.941,3409.416,3361.874,3999858600,,1.414151749887127
2018-08-21,sh000903,3414.235,3480.607,3413.208,3472.956,3409.416,4279444100,,1.8636622811648573
2018-08-22,sh000903,3478.494,3478.494,3447.934,3459.222,3472.956,2788943400,,-0.39545562915279664
2018-08-23,sh000903,3460.203,3486.664,3431.638,3469.317,3459.222,3570313300,,0.29182862504921747
2018-08-24,sh000903,3454.879,3509.419,3436.305,3477.402,3469.317,3779874300,,0.2330429880002427
2018-08-27,sh000903,3493.919,3559.062,3493.427,3559.062,3477.402,5628444600,,2.348304855176364
2018-08-28,sh000903,3561.107,3569.925,3534.21,3545.895,3559.062,4143101000,,-0.36995702800344255
2018-08-29,sh000903,3537.477,3546.016,3522.682,3532.007,3545.895,3875742100,,-0.39166416377247604
2018-08-30,sh000903,3532.963,3551.533,3496.027,3496.737,3532.007,4012739200,,-0.9985823923905013
2018-08-31,sh000903,3475.392,3507.944,3459.091,3487.983,3496.737,4566851400,,-0.2503476812811489
2018-09-03,sh000903,3470.76,3477.234,3445.852,3471.567,3487.983,3520176200,,-0.4706444956870559
2018-09-04,sh000903,3475.487,3526.819,3453.888,3517.86,3471.567,3664004300,,1.3334900349035506
2018-09-05,sh000903,3500.774,3505.247,3442.638,3442.638,3517.86,3669150400,,-2.1382886186488426
2018-09-06,sh000903,3430.669,3454.256,3392.241,3401.262,3442.638,3704261600,,-1.2018690318296499
2018-09-07,sh000903,3413.154,3458.366,3395.566,3422.247,3401.262,3667577200,,0.6169768750540205
2018-09-10,sh000903,3414.24,3423.077,3380.808,3383.481,3422.247,3534091500,,-1.13276452576333
2018-09-11,sh000903,3382.281,3398.149,3357.695,3372.379,3383.481,3214933500,,-0.3281236099744733
2018-09-12,sh000903,3361.533,3370.387,3337.103,3347.16,3372.379,2941468200,,-0.7478103736264563
2018-09-13,sh000903,3388.255,3397.291,3343.906,3389.462,3347.16,3813417600,,1.2638176842457494
2018-09-14,sh000903,3398.299,3416.372,3383.029,3405.751,3389.462,3136370000,,0.48057774360650285
2018-09-17,sh000903,3387.524,3397.574,3369.732,3373.815,3405.751,2827392100,,-0.9377080121242054
2018-09-18,sh000903,3362.289,3444.967,3362.181,3443.828,3373.815,4123664500,,2.075187880781848
2018-09-19,sh000903,3436.4,3514.28,3433.6,3489.532,3443.828,5275948100,,1.3271278356526528
2018-09-20,sh000903,3492.716,3509.801,3480.163,3488.277,3489.532,3758187200,,-0.03596470816144004
2018-09-21,sh000903,3500.002,3604.848,3489.869,3604.848,3488.277,6726996600,,3.3417930972798215
2018-09-25,sh000903,3566.223,3583.499,3553.704,3567.696,3604.848,4008098100,,-1.0306121090265075
2018-09-26,sh000903,3578.132,3647.141,3573.686,3610.606,3567.696,5594844300,,1.2027370044981556
2018-09-27,sh000903,3608.498,3615.199,3586.437,3602.484,3610.606,3917596800,,-0.2249483881653136
2018-09-28,sh000903,3609.587,3656.145,3605.644,3641.081,3602.484,5468881900,,1.0713996231489276
2018-10-08,sh000903,3553.526,3558.21,3470.336,3477.215,3641.081,6205469700,,-4.500476644161444
2018-10-09,sh000903,3473.661,3497.283,3463.365,3478.553,3477.215,3960358400,,0.0384790701754012
2018-10-10,sh000903,3484.568,3510.238,3447.913,3474.424,3478.553,3897849300,,-0.11869878078614171
2018-10-11,sh000903,3369.848,3409.685,3303.971,3331.307,3474.424,6953605900,,-4.119157592740552
2018-10-12,sh000903,3340.327,3413.599,3328.458,3401.646,3331.307,5492710400,,2.1114535526146394
2018-10-15,sh000903,3402.996,3409.636,3350.85,3358.418,3401.646,3958737600,,-1.2707965496703721
2018-10-16,sh000903,3360.558,3412.42,3340.311,3352.733,3358.418,3737509900,,-0.16927612941569636
2018-10-17,sh000903,3394.512,3401.625,3313.938,3371.201,3352.733,4417186400,,0.5508342000391853
2018-10-18,sh000903,3350.885,3350.885,3289.31,3290.39,3371.201,4122299000,,-2.3970982448094924
2018-10-19,sh000903,3266.427,3393.664,3257.242,3389.76,3290.39,5735388600,,3.0200067469205782
2018-10-22,sh000903,3412.383,3554.67,3412.383,3522.118,3389.76,8844354800,,3.904642216558085
2018-10-23,sh000903,3520.215,3523.59,3397.633,3417.949,3522.118,6644808300,,-2.957567009396045
2018-10-24,sh000903,3406.04,3495.304,3403.291,3429.404,3417.949,6300560800,,0.33514250797772593
2018-10-25,sh000903,3349.287,3441.097,3341.617,3438.121,3429.404,5680301400,,0.254184108958877
2018-10-26,sh000903,3445.016,3459.82,3387.449,3414.427,3438.121,5248098400,,-0.6891555009262307
2018-10-29,sh000903,3394.086,3396.213,3280.179,3295.372,3414.427,5329248000,,-3.4868222398663162
2018-10-30,sh000903,3277.809,3371.619,3272.818,3328.441,3295.372,6381743000,,1.0034982393489988
2018-10-31,sh000903,3336.86,3389.002,3322.726,3375.155,3328.441,6259829400,,1.4034798874307919
2018-11-01,sh000903,3409.763,3444.819,3391.366,3396.93,3375.155,7242317600,,0.6451555558188993
2018-11-02,sh000903,3488.63,3517.773,3441.585,3515.667,3396.93,8756669700,,3.495420865310739
2018-11-05,sh000903,3488.183,3491.745,3444.063,3474.498,3515.667,5609511000,,-1.1710153436033544
2018-11-06,sh000903,3466.861,3467.542,3422.425,3452.328,3474.498,4277237100,,-0.6380777885035549
2018-11-07,sh000903,3454.204,3481.911,3425.153,3429.774,3452.328,4876594200,,-0.6532982961062861
2018-11-08,sh000903,3463.889,3465.76,3422.761,3428.974,3429.774,4010971600,,-0.02332515203624652
2018-11-09,sh000903,3406.668,3406.668,3365.361,3366.862,3428.974,4976998800,,-1.8113873129396718
2018-11-12,sh000903,3357.912,3393.339,3346.832,3390.948,3366.862,4671479900,,0.7153842361225404
2018-11-13,sh000903,3348.202,3438.35,3345.214,3420.996,3390.948,6031718900,,0.8861238804015903
2018-11-14,sh000903,3418.251,3418.967,3374.263,3379.704,3420.996,5705967500,,-1.2070169038490564
2018-11-15,sh000903,3376.21,3415.698,3372.942,3415.608,3379.704,4967744100,,1.0623415541715975
2018-11-16,sh000903,3414.985,3454.383,3395.46,3427.764,3415.608,6332918200,,0.3558956414202008
2018-11-19,sh000903,3431.466,3471.592,3425.527,3471.592,3427.764,5630349300,,1.2786177811541233
2018-11-20,sh000903,3445.448,3456.666,3391.105,3397.456,3471.592,5506898900,,-2.135504402591082
2018-11-21,sh000903,3366.019,3411.566,3364.818,3404.462,3397.456,4297904000,,0.2062131194634942
2018-11-22,sh000903,3411.102,3413.093,3372.448,3388.49,3404.462,3190410000,,-0.4691490167903267
2018-11-23,sh000903,3381.812,3391.464,3326.286,3329.631,3388.49,4192514200,,-1.7370274074882897
2018-11-26,sh000903,3339.027,3359.791,3320.854,3331.062,3329.631,2967923300,,0.04297773537067506
2018-11-27,sh000903,3339.118,3348.37,3310.106,3319.976,3331.062,2876079900,,-0.33280677453616514
2018-11-28,sh000903,3321.332,3363.57,3316.272,3359.698,3319.976,3610536300,,1.196454432200711
2018-11-29,sh000903,3381.91,3387.447,3323.861,3323.861,3359.698,4140020600,,-1.0666732545603796
2018-11-30,sh000903,3324.994,3363.324,3324.227,3359.698,3323.861,3741249800,,1.0781738466199453
2018-12-03,sh000903,3452.759,3464.422,3417.428,3449.988,3359.698,6611710200,,2.6874439309723552
2018-12-04,sh000903,3446.302,3456.37,3430.863,3455.866,3449.988,4300630500,,0.1703774042112638
2018-12-05,sh000903,3413.353,3451.357,3409.551,3436.874,3455.866,3936152000,,-0.5495583451441743
2018-12-06,sh000903,3396.332,3403.808,3362.399,3365.279,3436.874,4049949900,,-2.0831429956407965
2018-12-07,sh000903,3372.607,3381.137,3359.383,3364.17,3365.279,2597860100,,-0.03295417705336812
2018-12-10,sh000903,3332.98,3351.854,3315.294,3328.187,3364.17,3229263700,,-1.0695951750357535
2018-12-11,sh000903,3328.233,3344.119,3325.058,3341.596,3328.187,2535521400,,0.4028920249973922
2018-12-12,sh000903,3369.474,3369.474,3341.793,3355.09,3341.596,2586633100,,0.4038190134295183
2018-12-13,sh000903,3363.397,3425.719,3355.964,3410.886,3355.09,4934085900,,1.6630254329988103
2018-12-14,sh000903,3394.512,3399.214,3360.634,3360.634,3410.886,4370444100,,-1.4732828948255672
2018-12-17,sh000903,3353.975,3364.721,3333.942,3358.107,3360.634,3651671500,,-0.07519414491432563
2018-12-18,sh000903,3333.6,3360.185,3306.385,3319.228,3358.107,3552713300,,-1.1577653719789138
2018-12-19,sh000903,3324.388,3329.29,3278.637,3283.509,3319.228,3086524400,,-1.0761237251553646
2018-12-20,sh000903,3274.796,3289.233,3223.552,3246.597,3283.509,4122499100,,-1.1241632046691485
2018-12-21,sh000903,3232.839,3235.616,3179.396,3202.922,3246.597,4781924700,,-1.3452547390390701
2018-12-24,sh000903,3185.431,3210.019,3176.017,3206.775,3202.922,3321467800,,0.1202964043457877
2018-12-25,sh000903,3172.727,3203.48,3135.044,3188.611,3206.775,4442614400,,-0.5664257704391495
2018-12-26,sh000903,3183.843,3199.115,3165.321,3170.56,3188.611,3101766200,,-0.5661085657673537
2018-12-27,sh000903,3213.042,3216.954,3162.359,3162.359,3170.56,4767567800,,-0.2586609305611609
2018-12-28,sh000903,3167.054,3203.047,3161.797,3185.828,3162.359,4069866200,,0.7421358549108525
2019-01-02,sh000903,3192.855,3195.725,3128.929,3141.964,3185.828,4003524500,,-1.3768477143147773
2019-01-03,sh000903,3135.054,3173.562,3125.313,3143.914,3141.964,3685808100,,0.06206309174772162
2019-01-04,sh000903,3118.831,3216.317,3114.04,3213.015,3143.914,5336607000,,2.1979290782126792
2019-01-07,sh000903,3233.382,3238.229,3206.533,3218.143,3213.015,4987679600,,0.1596008733230292
2019-01-08,sh000903,3215.041,3218.744,3199.464,3210.166,3218.143,4042513500,,-0.24787587127109711
2019-01-09,sh000903,3234.289,3291.449,3230.438,3252.246,3210.166,5806356600,,1.3108356390292508
2019-01-10,sh000903,3250.188,3266.263,3233.412,3245.533,3252.246,4312530400,,-0.20641120013676906
2019-01-11,sh000903,3257.17,3281.243,3247.271,3273.396,3245.533,3575014600,,0.8585030563546869
2019-01-14,sh000903,3268.034,3273.575,3239.477,3242.122,3273.396,3459859300,,-0.9553992245362464
2019-01-15,sh000903,3247.954,3312.923,3241.055,3310.791,3242.122,4422495500,,2.1180264036948726
2019-01-16,sh000903,3307.23,3319.541,3295.928,3313.654,3310.791,3885409400,,0.08647480315127076
2019-01-17,sh000903,3320.03,3329.034,3294.449,3296.081,3313.654,4165151200,,-0.5303209085800731
2019-01-18,sh000903,3313.371,3361.337,3307.176,3356.905,3296.081,5357669900,,1.8453429997624449
2019-01-21,sh000903,3358.43,3392.229,3358.43,3377.228,3356.905,4907971000,,0.6054088513079758
2019-01-22,sh000903,3373.554,3373.554,3323.188,3331.903,3377.228,3530310200,,-1.3420769933211618
2019-01-23,sh000903,3324.5,3349.532,3320.111,3327.902,3331.903,2860939800,,-0.12008152698321783
2019-01-24,sh000903,3335.595,3352.868,3311.317,3346.235,3327.902,3428951300,,0.5508876162819698
2019-01-25,sh000903,3354.805,3399.75,3353.694,3382.119,3346.235,4455832300,,1.0723693942595203
2019-01-28,sh000903,3400.733,3430.164,3369.339,3380.025,3382.119,4297094300,,-0.06191384750211526
2019-01-29,sh000903,3373.25,3408.594,3354.031,3402.406,3380.025,4002650800,,0.662154865718434
2019-01-30,sh000903,3389.096,3411.187,3376.253,3376.976,3402.406,3078221900,,-0.7474122723743037
2019-01-31,sh000903,3396.134,3436.068,3389.713,3431.222,3376.976,4714232000,,1.6063484016469287
2019-02-01,sh000903,3458.751,3466.442,3429.286,3465.243,3431.222,4547506300,,0.9915126447662015
2019-02-11,sh000903,3450.215,3519.865,3450.215,3518.755,3465.243,5370756800,,1.544249566336342
2019-02-12,sh000903,3518.462,3541.779,3504.953,3534.665,3518.755,7001988500,,0.45214855822584
2019-02-13,sh000903,3543.442,3613.564,3532.619,3603.391,3534.665,8832252500,,1.9443426746240444
2019-02-14,sh000903,3597.953,3623.84,3588.999,3611.008,3603.391,9229328300,,0.21138422114057587
2019-02-15,sh000903,3596.984,3600.181,3528.846,3531.437,3611.008,8645090200,,-2.2035675357130136
2019-02-18,sh000903,3563.921,3633.119,3563.695,3633.119,3531.437,10371459300,,2.879337787988301
2019-02-19,sh000903,3640.239,3676.448,3611.796,3629.9,3633.119,9737044600,,-0.08860155695423755
2019-02-20,sh000903,3645.342,3660.578,3618.098,3646.347,3629.9,8210832600,,0.4530978814843323
2019-02-21,sh000903,3644.693,3690.244,3621.015,3632.774,3646.347,9317143000,,-0.3722355552008727
2019-02-22,sh000903,3630.498,3704.306,3600.684,3704.306,3632.774,9652048600,,1.9690737711732131
2019-02-25,sh000903,3758.138,3931.506,3758.138,3931.506,3704.306,18932877500,,6.133402586071446
2019-02-26,sh000903,3929.369,3955.147,3857.634,3863.428,3931.506,20099929000,,-1.7316010709382046
2019-02-27,sh000903,3864.631,3933.478,3830.403,3870.753,3863.428,16277531700,,0.1895984602275469
2019-02-28,sh000903,3868.515,3891.656,3841.603,3863.073,3870.753,10329441400,,-0.1984110068506073
2019-03-01,sh000903,3894.85,3963.819,3868.626,3963.819,3863.073,11640425300,,2.607923795382594
2019-03-04,sh000903,3995.322,4098.65,3971.766,3996.105,3963.819,17623560700,,0.8145175145484629
2019-03-05,sh000903,3989.831,4005.146,3967.272,3999.868,3996.105,12035094800,,0.09416669481907558
2019-03-06,sh000903,4001.833,4033.341,3961.723,4023.74,3999.868,17062723600,,0.5968196950499438
2019-03-07,sh000903,4013.178,4013.178,3934.922,3960.816,4023.74,16831840400,,-1.5638187358030131
2019-03-08,sh000903,3873.223,3911.826,3804.291,3806.416,3960.816,15209927400,,-3.8981866362890805
2019-03-11,sh000903,3805.412,3860.27,3790.81,3856.654,3806.416,11438212100,,1.319824212592624
2019-03-12,sh000903,3886.745,3923.534,3843.564,3868.538,3856.654,13654750200,,0.3081427579451068
2019-03-13,sh000903,3874.641,3889.062,3828.116,3853.945,3868.538,11249465800,,-0.37722260967838483
2019-03-14,sh000903,3844.05,3887.824,3829.081,3849.441,3853.945,9225963100,,-0.11686726198739672
2019-03-15,sh000903,3862.174,3934.282,3861.043,3894.706,3849.441,8591675300,,1.175885018110434
2019-03-18,sh000903,3901.343,4004.276,3884.689,4004.276,3894.706,11627603800,,2.813306062126375
2019-03-19,sh000903,4010.239,4024.323,3963.806,3979.955,4004.276,9389059300,,-0.607375715360281
2019-03-20,sh000903,3968.69,4009.436,3946.211,3986.19,3979.955,8515010800,,0.15666006273939992
2019-03-21,sh000903,3989.909,4002.958,3967.767,3975.629,3986.19,9336221400,,-0.26493970432920344
2019-03-22,sh000903,3977.914,3990.02,3928.892,3968.94,3975.629,8251959800,,-0.1682501058323016
2019-03-25,sh000903,3910.494,3925.94,3855.327,3857.228,3968.94,9976079700,,-2.8146558023048995
2019-03-26,sh000903,3882.923,3885.978,3815.199,3831.992,3857.228,8183652200,,-0.6542522246545945
2019-03-27,sh000903,3854.93,3896.77,3843.293,3883.19,3831.992,6810372400,,1.3360675074478134
2019-03-28,sh000903,3870.537,3892.574,3844.929,3874.969,3883.19,6574729900,,-0.21170738490776664
2019-03-29,sh000903,3887.671,4033.843,3887.671,4027.946,3874.969,11516240500,,3.9478251309881474
2019-04-01,sh000903,4056.021,4129.403,4056.021,4118.343,4027.946,14458165000,,2.244245578267434
2019-04-02,sh000903,4128.102,4133.32,4096.149,4110.871,4118.343,11111571200,,-0.1814321925104334
2019-04-03,sh000903,4086.143,4168.82,4079.104,4163.021,4110.871,11942222300,,1.2685876058869283
2019-04-04,sh000903,4175.707,4217.897,4165.757,4207.739,4163.021,13198015400,,1.0741718574083459
2019-04-08,sh000903,4241.472,4275.513,4172.968,4209.239,4207.739,13934538000,,0.0356485989268851
2019-04-09,sh000903,4225.761,4243.644,4201.483,4239.579,4209.239,9393426500,,0.7207953741757089
2019-04-10,sh000903,4231.944,4286.573,4201.49,4259.887,4239.579,10012121900,,0.47900982621151833
2019-04-11,sh000903,4258.692,4275.563,4161.32,4171.62,4259.887,8369595300,,-2.0720502680000585
2019-04-12,sh000903,4158.322,4179.13,4133.392,4160.739,4171.62,6479408300,,-0.26083392063516175
2019-04-15,sh000903,4233.588,4273.795,4161.587,4162.857,4160.739,10071400700,,0.05090441866217876
2019-04-16,sh000903,4144.152,4290.585,4131.879,4290.585,4162.857,11520907200,,3.0682773873808245
2019-04-17,sh000903,4282.846,4304.409,4252.465,4285.491,4290.585,9463777200,,-0.1187250689591246
2019-04-18,sh000903,4285.281,4292.403,4255.035,4272.545,4285.491,7154736400,,-0.3020890721739944
2019-04-19,sh000903,4280.636,4336.883,4248.986,4336.859,4272.545,7215228800,,1.5052854914342717
2019-04-22,sh000903,4337.642,4338.746,4217.546,4228.974,4336.859,9719378500,,-2.4876298722185886
2019-04-23,sh000903,4223.042,4276.96,4215.231,4236.315,4228.974,8010903700,,0.1735882036635772
2019-04-24,sh000903,4254.323,4265.461,4174.008,4235.779,4236.315,7868170200,,-0.012652505774457534
2019-04-25,sh000903,4216.693,4228.308,4149.119,4154.873,4235.779,8212002300,,-1.9100618799989477
2019-04-26,sh000903,4134.222,4159.168,4101.453,4103.052,4154.873,7486929300,,-1.2472342716612461
2019-04-29,sh000903,4117.405,4197.849,4106.293,4151.147,4103.052,8096779100,,1.172176223942567
2019-04-30,sh000903,4134.096,4171.647,4122.409,4154.38,4151.147,6101560600,,0.07788208897445692
2019-05-06,sh000903,4011.427,4029.973,3886.936,3927.169,4154.38,11104402200,,-5.469191552048692
2019-05-07,sh000903,3944.225,3977.347,3910.455,3957.326,3927.169,6894296100,,0.767906856058409
2019-05-08,sh000903,3881.937,3951.383,3877.212,3895.584,3957.326,5948589500,,-1.5601949397143433
2019-05-09,sh000903,3865.875,3878.959,3794.367,3813.278,3895.584,5523721300,,-2.1128025990454824
2019-05-10,sh000903,3861.222,3957.25,3809.616,3953.0,3813.278,7928125600,,3.6640916293016135
2019-05-13,sh000903,3892.808,3922.855,3874.948,3886.634,3953.0,5423833200,,-1.6788768024285305
2019-05-14,sh000903,3846.661,3903.656,3846.661,3862.439,3886.634,5186381900,,-0.6225180966358046
2019-05-15,sh000903,3893.024,3969.755,3893.024,3952.865,3862.439,5704432900,,2.341163187302109
2019-05-16,sh000903,3944.782,3970.968,3930.233,3966.413,3952.865,6062192300,,0.3427387477184407
2019-05-17,sh000903,3966.851,3967.461,3869.429,3881.004,3966.413,6542071000,,-2.153305770226144
2019-05-20,sh000903,3867.346,3884.54,3820.021,3848.76,3881.004,5792816400,,-0.8308159435032714
2019-05-21,sh000903,3849.632,3920.836,3840.298,3888.657,3848.76,5958290200,,1.0366195865681327
2019-05-22,sh000903,3883.269,3901.13,3855.185,3869.237,3888.657,5105586900,,-0.4994012071519838
2019-05-23,sh000903,3845.515,3848.771,3797.777,3802.154,3869.237,5394082900,,-1.7337526752690513
2019-05-24,sh000903,3808.984,3851.876,3807.944,3823.398,3802.154,4225765100,,0.5587359165357464
2019-05-27,sh000903,3817.096,3867.201,3774.191,3854.976,3823.398,5849740400,,0.8259145398935797
2019-05-28,sh000903,3850.158,3908.348,3845.22,3896.507,3854.976,6602638600,,1.0773348524089288
2019-05-29,sh000903,3863.17,3926.662,3857.504,3893.309,3896.507,5115062300,,-0.08207350840123695
2019-05-30,sh000903,3878.236,3882.255,3841.391,3870.314,3893.309,5100598900,,-0.5906286914293291
2019-05-31,sh000903,3867.05,3895.82,3850.458,3850.458,3870.314,4690435800,,-0.513033309442068
2019-06-03,sh000903,3863.043,3899.087,3841.153,3865.805,3850.458,5457354700,,0.3985759616128792
2019-06-04,sh000903,3867.44,3872.422,3818.523,3831.634,3865.805,4559588600,,-0.8839297377907007
2019-06-05,sh000903,3863.439,3872.212,3831.846,3835.514,3831.634,4739482900,,0.10126228131392967
2019-06-06,sh000903,3842.605,3842.605,3800.415,3808.939,3835.514,4365516800,,-0.6928667187761639
2019-06-10,sh000903,3825.202,3878.542,3816.549,3863.839,3808.939,5032114200,,1.4413462646684527
2019-06-11,sh000903,3872.657,3977.753,3872.657,3972.802,3863.839,8037742900,,2.820070919104034
2019-06-12,sh000903,3958.809,3959.969,3936.174,3944.843,3972.802,6520491200,,-0.7037602175995805
2019-06-13,sh000903,3944.683,3948.942,3902.335,3934.08,3944.843,5023329000,,-0.27283722064477267
2019-06-14,sh000903,3939.532,3963.367,3905.432,3910.984,3934.08,5359328000,,-0.5870749959329791
2019-06-17,sh000903,3909.374,3943.918,3902.715,3912.088,3910.984,3722322300,,0.028228190143453347
2019-06-18,sh000903,3919.473,3934.088,3896.643,3927.643,3912.088,3763866400,,0.3976137551098047
2019-06-19,sh000903,4024.673,4034.263,3979.7,3980.277,3927.643,7144997300,,1.3400912455638236
2019-06-20,sh000903,3986.004,4131.511,3984.776,4113.12,3980.277,9905073800,,3.337531533609339
2019-06-21,sh000903,4112.54,4137.487,4093.157,4108.156,4113.12,8691322700,,-0.12068697241995885
2019-06-24,sh000903,4111.14,4134.203,4095.162,4120.376,4108.156,5628158200,,0.29745705859272054
2019-06-25,sh000903,4116.488,4117.412,4024.488,4073.115,4120.376,7116526300,,-1.147006972179243
2019-06-26,sh000903,4052.795,4080.552,4045.079,4063.833,4073.115,4485316500,,-0.22788455518687467
2019-06-27,sh000903,4079.617,4130.127,4077.251,4110.66,4063.833,5890646900,,1.1522865235849888
2019-06-28,sh000903,4106.876,4112.298,4077.803,4103.709,4110.66,4369066300,,-0.16909693333917453
2019-07-01,sh000903,4181.891,4225.53,4171.625,4220.482,4103.709,8611763500,,2.8455477715403354
2019-07-02,sh000903,4215.101,4226.04,4202.618,4221.428,4220.482,7303818300,,0.022414501471623716
2019-07-03,sh000903,4210.51,4210.51,4154.597,4171.637,4221.428,6442808100,,-1.179482393161746
2019-07-04,sh000903,4175.123,4187.577,4134.037,4153.592,4171.637,5695591400,,-0.43256400305203835
2019-07-05,sh000903,4155.401,4186.016,4135.919,4178.739,4153.592,4054738300,,0.6054277839518063
2019-07-08,sh000903,4158.999,4158.999,4058.383,4088.88,4178.739,5942567700,,-2.150385558897061
2019-07-09,sh000903,4084.896,4096.979,4056.686,4073.274,4088.88,3846335300,,-0.3816693079767619
2019-07-10,sh000903,4092.908,4094.926,4057.087,4070.869,4073.274,3709493800,,-0.05904341323464957
2019-07-11,sh000903,4091.803,4119.753,4059.386,4068.647,4070.869,3905097600,,-0.05458294039921707
2019-07-12,sh000903,4065.093,4110.545,4059.751,4096.799,4068.647,4312639900,,0.6919253501225464
2019-07-15,sh000903,4076.995,4126.27,4025.911,4102.327,4096.799,5351014500,,0.134934616025828
2019-07-16,sh000903,4099.103,4106.682,4071.117,4077.005,4102.327,4481967900,,-0.6172594237368267
2019-07-17,sh000903,4068.521,4089.161,4053.957,4069.013,4077.005,5456484800,,-0.19602624966121862
2019-07-18,sh000903,4057.192,4059.564,4036.876,4037.758,4069.013,4908804700,,-0.7681223923344582
2019-07-19,sh000903,4061.85,4103.869,4061.139,4085.77,4037.758,4959833400,,1.1890757197434931
2019-07-22,sh000903,4090.634,4098.225,4051.381,4070.679,4085.77,5133634300,,-0.36935510319964227
2019-07-23,sh000903,4073.86,4078.357,4050.659,4068.596,4070.679,3953883500,,-0.051170824326851605
2019-07-24,sh000903,4085.289,4120.928,4084.939,4096.231,4068.596,5023719200,,0.6792269372530413
2019-07-25,sh000903,4098.865,4134.55,4087.065,4134.55,4096.231,5497120000,,0.9354697037349702
2019-07-26,sh000903,4116.097,4145.945,4114.292,4139.479,4134.55,4798912500,,0.11921490851483085
2019-07-29,sh000903,4138.117,4145.169,4123.827,4135.489,4139.479,4645593000,,-0.0963889417001651
2019-07-30,sh000903,4144.78,4174.924,4144.78,4152.317,4135.489,5361423700,,0.40691681201425745
2019-07-31,sh000903,4135.091,4136.009,4102.22,4109.837,4152.317,4816264100,,-1.023043279210123
2019-08-01,sh000903,4093.33,4105.025,4060.638,4072.689,4109.837,4496501400,,-0.9038801295525922
2019-08-02,sh000903,3995.97,4022.655,3986.719,4013.823,4072.689,5958415500,,-1.44538411845343
2019-08-05,sh000903,3984.959,3998.549,3935.07,3935.799,4013.823,5855005000,,-1.9438824282984046
2019-08-06,sh000903,3864.658,3916.71,3836.183,3902.884,3935.799,7296418300,,-0.8362977885811751
2019-08-07,sh000903,3919.613,3923.171,3882.144,3882.144,3902.884,4889063300,,-0.5314019068975773
2019-08-08,sh000903,3915.483,3944.675,3913.353,3938.468,3882.144,5410201400,,1.4508477789592522
2019-08-09,sh000903,3956.384,3959.565,3898.55,3905.208,3938.468,4938783100,,-0.8444908020072694
2019-08-12,sh000903,3923.05,3976.291,3920.863,3976.291,3905.208,4587400000,,1.820210344749884
2019-08-13,sh000903,3953.2,3964.908,3928.049,3935.865,3976.291,4050551900,,-1.0166760933744579
2019-08-14,sh000903,3985.808,3991.578,3951.714,3952.776,3935.865,4854451100,,0.42966412719949165
2019-08-15,sh000903,3886.697,3960.141,3881.382,3959.441,3952.776,4643476700,,0.16861567667887378
2019-08-16,sh000903,3964.341,4006.256,3949.086,3974.754,3959.441,4567165700,,0.3867465129547387
2019-08-19,sh000903,4000.751,4054.487,3980.264,4054.487,3974.754,7704019500,,2.0059857792457114
2019-08-20,sh000903,4046.647,4065.309,4039.541,4051.628,4054.487,5637166300,,-0.07051446952475171
2019-08-21,sh000903,4044.353,4055.687,4039.194,4045.944,4051.628,4168436500,,-0.14028928618323722
2019-08-22,sh000903,4060.089,4063.625,4039.653,4061.403,4045.944,4742829400,,0.3820863561136756
2019-08-23,sh000903,4065.124,4106.167,4056.45,4096.193,4061.403,4668832100,,0.8566005392717901
2019-08-26,sh000903,4027.822,4047.257,4013.733,4026.339,4096.193,4997519100,,-1.705339567740105
2019-08-27,sh000903,4052.898,4109.591,4052.738,4072.744,4026.339,6901787600,,1.1525358396299978
2019-08-28,sh000903,4073.342,4078.268,4042.085,4056.376,4072.744,4623822400,,-0.4018912065182567
2019-08-29,sh000903,4058.855,4063.156,4022.837,4040.011,4056.376,4420909300,,-0.4034389316966758
2019-08-30,sh000903,4071.32,4084.777,4040.14,4063.476,4040.011,4873860700,,0.5808152502555064
2019-09-02,sh000903,4067.424,4110.13,4062.833,4100.792,4063.476,5652139500,,0.9183270677616928
2019-09-03,sh000903,4106.685,4110.241,4082.573,4102.484,4100.792,5050220600,,0.04126032239626376
2019-09-04,sh000903,4097.068,4136.843,4094.723,4136.843,4102.484,6612687000,,0.8375169775189706
2019-09-05,sh000903,4160.472,4225.349,4160.472,4175.344,4136.843,9608623700,,0.9306855493428356
2019-09-06,sh000903,4201.056,4207.014,4173.038,4206.937,4175.344,6396255200,,0.7566562180265857
2019-09-09,sh000903,4238.738,4243.482,4205.765,4217.524,4206.937,7937630900,,0.25165577711290243
2019-09-10,sh000903,4224.122,4224.373,4182.824,4204.259,4217.524,6892760000,,-0.31452103177125323
2019-09-11,sh000903,4213.146,4214.988,4161.362,4174.37,4204.259,6951223300,,-0.7109219484337181
2019-09-12,sh000903,4190.333,4228.837,4182.226,4226.307,4174.37,5830375300,,1.2441877456957462
2019-09-16,sh000903,4232.367,4233.598,4187.427,4201.511,4226.307,5628909200,,-0.5867060769603194
2019-09-17,sh000903,4189.799,4189.799,4123.499,4135.619,4201.511,5803867800,,-1.5682929308051485
2019-09-18,sh000903,4150.236,4178.123,4150.071,4160.816,4135.619,4165710600,,0.6092679233749454
2019-09-19,sh000903,4177.041,4177.141,4146.031,4167.845,4160.816,4089450500,,0.16893320925512878
2019-09-20,sh000903,4178.249,4183.33,4164.465,4175.656,4167.845,5353464200,,0.18741100016914647
2019-09-23,sh000903,4165.637,4165.637,4107.178,4128.621,4175.656,4317949400,,-1.1264098383583332
2019-09-24,sh000903,4136.075,4166.333,4127.08,4141.473,4128.621,4081339800,,0.3112903800082334
2019-09-25,sh000903,4128.204,4141.182,4115.536,4123.808,4141.473,4428262100,,-0.4265390598948704
2019-09-26,sh000903,4139.455,4151.349,4109.223,4110.754,4123.808,5385783200,,-0.31655208001925006
2019-09-27,sh000903,4111.978,4121.484,4096.512,4114.714,4110.754,3868000100,,0.09633269225062246
2019-09-30,sh000903,4099.463,4120.25,4071.93,4073.041,4114.714,3334251100,,-1.012779989083079
2019-10-08,sh000903,4077.119,4132.836,4077.119,4110.777,4073.041,4061127900,,0.926482203346346
2019-10-09,sh000903,4093.14,4123.144,4075.925,4113.036,4110.777,4209561900,,0.054953114703137906
2019-10-10,sh000903,4103.107,4135.59,4091.862,4132.747,4113.036,3901802500,,0.47923237238867156
2019-10-11,sh000903,4146.47,4191.594,4132.948,4182.368,4132.747,4978186700,,1.2006783865549986
2019-10-14,sh000903,4217.111,4260.758,4203.326,4223.379,4182.368,7037860200,,0.9805689025929709
2019-10-15,sh000903,4228.644,4228.644,4206.481,4216.82,4223.379,4299233800,,-0.15530218812945806
2019-10-16,sh000903,4217.68,4250.708,4197.537,4202.499,4216.82,4351360000,,-0.33961610882133897
2019-10-17,sh000903,4210.262,4216.571,4193.43,4206.133,4202.499,3357858100,,0.08647235847052404
2019-10-18,sh000903,4218.044,4225.681,4139.713,4143.181,4206.133,4370759500,,-1.4966716459037355
2019-10-21,sh000903,4139.108,4166.675,4129.545,4160.071,4143.181,4174366800,,0.40765778757916316
2019-10-22,sh000903,4180.122,4180.122,4142.246,4167.131,4160.071,3614718800,,0.16970864199192803
2019-10-23,sh000903,4163.298,4175.316,4133.727,4144.048,4167.131,3919404100,,-0.5539302700107274
2019-10-24,sh000903,4152.958,4168.943,4128.305,4145.391,4144.048,4026198900,,0.03240792577692275
2019-10-25,sh000903,4144.507,4167.364,4116.704,4163.324,4145.391,4226799200,,0.43260092956249885
2019-10-28,sh000903,4166.594,4186.596,4156.369,4183.095,4163.324,5115962700,,0.47488497171972455
2019-10-29,sh000903,4189.395,4195.653,4173.819,4176.092,4183.095,4204828600,,-0.16741192824931694
2019-10-30,sh000903,4172.727,4179.135,4146.957,4153.6,4176.092,4047131700,,-0.5385896670858648
2019-10-31,sh000903,4173.762,4173.804,4148.893,4157.766,4153.6,4690541800,,0.1002985362095421
2019-11-01,sh000903,4156.164,4241.416,4147.239,4234.516,4157.766,5058335500,,1.8459432300903966
2019-11-04,sh000903,4248.325,4264.642,4244.657,4258.422,4234.516,5013083800,,0.5645509427759876
2019-11-05,sh000903,4263.642,4319.049,4252.063,4282.813,4258.422,6081736100,,0.5727708526773734
2019-11-06,sh000903,4287.751,4288.185,4256.301,4266.866,4282.813,4718162200,,-0.3723487343481935
2019-11-07,sh000903,4266.801,4282.672,4250.365,4267.416,4266.866,4031088100,,0.012890022794254108
2019-11-08,sh000903,4295.63,4299.947,4242.283,4244.078,4267.416,4744548900,,-0.5468883277374381
2019-11-11,sh000903,4216.381,4216.381,4166.459,4171.322,4244.078,4892905800,,-1.7142946006176163
2019-11-12,sh000903,4175.371,4184.164,4148.562,4173.082,4171.322,3869539900,,0.04219285876276846
2019-11-13,sh000903,4173.797,4176.661,4150.401,4166.639,4173.082,3963266800,,-0.15439428221156737
2019-11-14,sh000903,4175.488,4181.441,4158.942,4165.206,4166.639,4462467500,,-0.03439222836439937
2019-11-15,sh000903,4170.256,4174.196,4140.407,4140.466,4165.206,4274481700,,-0.5939682214997188
2019-11-18,sh000903,4138.832,4177.498,4129.362,4171.003,4140.466,3948551700,,0.7375256794766472
2019-11-19,sh000903,4164.942,4200.586,4164.032,4200.586,4171.003,3934644900,,0.7092538653173053
2019-11-20,sh000903,4189.706,4193.384,4151.566,4157.871,4200.586,3673057200,,-1.0168819302830645
2019-11-21,sh000903,4143.799,4145.163,4120.347,4134.163,4157.871,3676120200,,-0.5701956602309322
2019-11-22,sh000903,4138.612,4160.749,4077.92,4093.213,4134.163,4566237200,,-0.9905269821242957
2019-11-25,sh000903,4096.004,4134.102,4090.542,4134.007,4093.213,5784055500,,0.9966253893945787
2019-11-26,sh000903,4150.386,4156.247,4124.107,4138.132,4134.007,6183133800,,0.09978212421990484
2019-11-27,sh000903,4131.875,4136.319,4108.778,4120.999,4138.132,3958748400,,-0.4140273920696491
2019-11-28,sh000903,4124.097,4133.532,4095.051,4106.246,4120.999,3289323900,,-0.35799571899919336
2019-11-29,sh000903,4098.202,4103.525,4041.573,4063.947,4106.246,3951602100,,-1.030113636640373
2019-12-02,sh000903,4069.567,4090.974,4063.225,4071.167,4063.947,3939528700,,0.17765979723651792
2019-12-03,sh000903,4067.243,4087.918,4046.7,4087.718,4071.167,3814652300,,0.40654190800819556
2019-12-04,sh000903,4080.749,4087.429,4063.128,4083.417,4087.718,4503743600,,-0.10521762998327855
2019-12-05,sh000903,4098.699,4113.69,4087.244,4106.447,4083.417,4442946300,,0.5639884439918808
2019-12-06,sh000903,4114.308,4130.571,4107.753,4130.571,4106.447,4014866700,,0.5874664886701186
2019-12-09,sh000903,4138.56,4141.13,4111.807,4123.492,4130.571,5153463800,,-0.17138066383557415
2019-12-10,sh000903,4114.891,4125.638,4110.06,4124.248,4123.492,4244006100,,0.018333975184114948
2019-12-11,sh000903,4134.381,4138.987,4116.013,4133.632,4124.248,4782969000,,0.22753238893491456
2019-12-12,sh000903,4141.947,4141.947,4115.151,4120.732,4133.632,3900051100,,-0.31207422431410725
2019-12-13,sh000903,4163.083,4212.064,4160.177,4211.014,4120.732,7606369900,,2.1909214188158943
2019-12-16,sh000903,4208.575,4214.823,4186.277,4214.795,4211.014,7351185100,,0.0897883502643193
2019-12-17,sh000903,4214.75,4299.752,4208.265,4271.663,4214.795,10349730500,,1.3492471164077813
2019-12-18,sh000903,4271.097,4289.22,4254.161,4261.735,4271.663,7066632200,,-0.23241533800769654
2019-12-19,sh000903,4264.942,4272.056,4246.255,4258.974,4261.735,5939921700,,-0.06478582079832984
2019-12-20,sh000903,4265.249,4280.358,4248.098,4251.421,4258.974,5664689200,,-0.1773431817146509
2019-12-23,sh000903,4255.127,4268.711,4201.749,4204.72,4251.421,5786513400,,-1.098479778878636
2019-12-24,sh000903,4207.688,4225.854,4200.393,4222.433,4204.72,4498503900,,0.421264673985422
2019-12-25,sh000903,4219.044,4220.799,4196.925,4209.623,4222.433,4282032400,,-0.30337959181354623
2019-12-26,sh000903,4211.688,4243.915,4211.688,4243.915,4209.623,4935232800,,0.8146097643423333
2019-12-27,sh000903,4247.102,4287.367,4244.542,4247.194,4243.915,7142788900,,0.07726356442105953
2019-12-30,sh000903,4241.986,4313.74,4231.036,4310.536,4247.194,8245846300,,1.4913846647927942
2019-12-31,sh000903,4304.218,4319.408,4288.426,4317.933,4310.536,6063392000,,0.17160278907308868
2020-01-02,sh000903,4339.046,4389.179,4339.046,4366.063,4317.933,9278472400,,1.114653701203805
2020-01-03,sh000903,4375.964,4378.658,4339.828,4349.704,4366.063,7270181300,,-0.3746853858957233
2020-01-06,sh000903,4325.618,4363.253,4292.682,4319.576,4349.704,8921969700,,-0.6926448328437917
2020-01-07,sh000903,4330.807,4356.918,4330.796,4351.435,4319.576,6568208800,,0.7375492409440243
2020-01-08,sh000903,4327.384,4338.361,4293.524,4305.101,4351.435,8498259500,,-1.0647981642837534
2020-01-09,sh000903,4340.699,4360.952,4338.459,4358.568,4305.101,6960725700,,1.2419453109230316
2020-01-10,sh000903,4373.161,4376.767,4345.665,4356.824,4358.568,5548552300,,-0.040013141931027896
2020-01-13,sh000903,4362.002,4394.002,4346.05,4394.0,4356.824,5711448900,,0.8532821155961434
2020-01-14,sh000903,4405.143,4415.489,4376.197,4378.113,4394.0,6281996500,,-0.36156121984524114
2020-01-15,sh000903,4375.646,4385.262,4338.93,4350.263,4378.113,5109931800,,-0.6361188027810272
2020-01-16,sh000903,4361.644,4361.929,4321.672,4328.289,4350.263,4846463900,,-0.5051188859156341
2020-01-17,sh000903,4340.949,4358.886,4320.712,4334.256,4328.289,4472268200,,0.13786048020363317
2020-01-20,sh000903,4354.753,4359.023,4329.538,4354.812,4334.256,5447635400,,0.47426824811453994
2020-01-21,sh000903,4329.725,4330.337,4269.907,4271.787,4354.812,6267629500,,-1.9065116932717063
2020-01-22,sh000903,4250.088,4292.031,4203.234,4284.438,4271.787,6195695400,,0.29615240647531405
2020-01-23,sh000903,4244.977,4244.977,4124.324,4153.216,4284.438,8217857100,,-3.0627587562242597
2020-02-03,sh000903,3778.151,3885.473,3778.151,3839.612,4153.216,9862527900,,-7.550871421086702
2020-02-04,sh000903,3824.082,3939.633,3824.082,3938.28,3839.612,11169463500,,2.569738817359668
2020-02-05,sh000903,3950.447,4005.367,3927.034,3970.634,3938.28,8604611300,,0.821526148470908
2020-02-06,sh000903,3991.28,4045.593,3955.021,4029.905,3970.634,8496364300,,1.492733905970689
2020-02-07,sh000903,4001.514,4016.002,3970.749,4016.002,4029.905,6536127600,,-0.34499572570569903
2020-02-10,sh000903,3983.069,4032.552,3969.091,4026.482,4016.002,6793689300,,0.2609560453406212
2020-02-11,sh000903,4039.452,4092.763,4030.848,4076.092,4026.482,6894335800,,1.2320929287651161
2020-02-12,sh000903,4066.892,4093.168,4057.577,4093.168,4076.092,5740357300,,0.41893068164311487
2020-02-13,sh000903,4091.856,4107.561,4057.296,4062.009,4093.168,6399105600,,-0.761244102367653
2020-02-14,sh000903,4055.339,4099.602,4054.391,4090.182,4062.009,6561837300,,0.6935730570759358
2020-02-17,sh000903,4096.659,4170.806,4093.999,4170.796,4090.182,8765262300,,1.970914741691221
2020-02-18,sh000903,4158.244,4159.216,4114.846,4133.488,4170.796,7588128100,,-0.8945055092601017
2020-02-19,sh000903,4127.941,4165.046,4122.732,4140.716,4133.488,7296794500,,0.17486442442800065
2020-02-20,sh000903,4152.797,4237.366,4149.397,4232.728,4140.716,10158996700,,2.2221277672750173
2020-02-21,sh000903,4218.686,4251.853,4207.961,4218.948,4232.728,9959727000,,-0.3255583633061221
2020-02-24,sh000903,4198.699,4203.973,4157.887,4177.622,4218.948,9922392200,,-0.9795332864970141
2020-02-25,sh000903,4120.62,4154.157,4082.95,4153.733,4177.622,10833943700,,-0.5718324922647455
2020-02-26,sh000903,4103.024,4177.973,4095.741,4133.723,4153.733,12495558100,,-0.4817353450498718
2020-02-27,sh000903,4138.92,4170.547,4136.735,4147.692,4133.723,8002260900,,0.3379278195466906
2020-02-28,sh000903,4068.078,4100.883,4009.349,4016.823,4147.692,11449758200,,-3.1552246405953
2020-03-02,sh000903,4038.493,4165.393,4038.493,4142.266,4016.823,10660584400,,3.12294069218384
2020-03-03,sh000903,4194.495,4201.821,4139.384,4158.011,4142.266,10259709700,,0.38010596132649344
2020-03-04,sh000903,4150.807,4191.396,4146.548,4190.049,4158.011,8600447500,,0.770512632121445
2020-03-05,sh000903,4220.359,4305.791,4205.923,4296.013,4190.049,11375065800,,2.5289441722519124
2020-03-06,sh000903,4251.428,4267.897,4215.574,4218.165,4296.013,8345917000,,-1.8120987995148052
2020-03-09,sh000903,4139.456,4139.456,4080.376,4086.241,4218.165,10561113300,,-3.1275210903319306
2020-03-10,sh000903,4069.055,4181.117,4057.67,4167.163,4086.241,9369716500,,1.980353092242959
2020-03-11,sh000903,4174.679,4174.679,4112.796,4112.83,4167.163,7093220300,,-1.303836686973836
2020-03-12,sh000903,4065.65,4076.592,4023.025,4040.823,4112.83,7486932400,,-1.7507896022933123
2020-03-13,sh000903,3867.592,4017.778,3856.291,3975.921,4040.823,9338474300,,-1.6061579534664139
2020-03-16,sh000903,3974.55,3974.644,3812.769,3818.546,3975.921,9184412600,,-3.9582023888301565
2020-03-17,sh000903,3820.703,3872.397,3712.905,3788.794,3818.546,8273410200,,-0.7791447320524614
2020-03-18,sh000903,3802.756,3850.588,3706.988,3707.348,3788.794,7513806500,,-2.1496550089553534
2020-03-19,sh000903,3688.083,3709.488,3554.286,3632.926,3707.348,9519663400,,-2.0074187802170185
2020-03-20,sh000903,3672.554,3722.401,3645.092,3710.406,3632.926,7059009600,,2.1327161632249014
2020-03-23,sh000903,3598.966,3647.538,3591.917,3603.712,3710.406,6765120300,,-2.875534375483435
2020-03-24,sh000903,3670.667,3714.055,3640.175,3711.534,3603.712,7032207000,,2.991970501527308
2020-03-25,sh000903,3799.611,3818.152,3771.08,3804.603,3711.534,7457016000,,2.5075615634936987
2020-03-26,sh000903,3774.796,3824.025,3765.741,3781.345,3804.603,5193843300,,-0.6113121395320387
2020-03-27,sh000903,3830.258,3847.319,3801.557,3801.585,3781.345,5949619200,,0.5352592794362954
2020-03-30,sh000903,3749.964,3788.132,3741.041,3775.814,3801.585,6298905200,,-0.6779014542618422
2020-03-31,sh000903,3811.609,3822.55,3780.969,3789.571,3775.814,5524367200,,0.3643452776010747
2020-04-01,sh000903,3787.559,3833.17,3774.559,3778.315,3789.571,5593754100,,-0.29702570554819285
2020-04-02,sh000903,3756.661,3830.3,3752.507,3830.3,3778.315,5336588600,,1.375877871485054
2020-04-03,sh000903,3815.376,3831.647,3794.952,3809.835,3830.3,4796351700,,-0.5342923530794019
2020-04-07,sh000903,3876.649,3890.931,3862.298,3884.411,3809.835,6860558000,,1.9574600999780811
2020-04-08,sh000903,3863.821,3873.735,3850.326,3861.949,3884.411,4788390700,,-0.5782601274684884
2020-04-09,sh000903,3879.871,3884.129,3866.91,3870.566,3861.949,4389584500,,0.22312568084146278
2020-04-10,sh000903,3875.268,3917.345,3857.862,3868.44,3870.566,4932934500,,-0.05492736721192104
2020-04-13,sh000903,3854.366,3874.709,3846.176,3860.627,3868.44,3778224600,,-0.20196771825335968
2020-04-14,sh000903,3885.181,3924.295,3869.0,3924.196,3860.627,5396841900,,1.646597819473361
2020-04-15,sh000903,3918.356,3925.609,3885.816,3890.794,3924.196,4881430500,,-0.8511807259372395
2020-04-16,sh000903,3872.681,3895.444,3869.146,3888.726,3890.794,4377705700,,-0.05315110489014785
2020-04-17,sh000903,3918.058,3953.477,3906.503,3931.401,3888.726,6357853800,,1.0974031083701874
2020-04-20,sh000903,3939.109,3947.623,3923.151,3945.96,3931.401,4953680400,,0.3703259982891671
2020-04-21,sh000903,3932.781,3932.781,3872.955,3896.887,3945.96,4733742500,,-1.243626392563535
2020-04-22,sh000903,3881.963,3928.946,3874.01,3928.946,3896.887,3930465100,,0.8226823102645664
2020-04-23,sh000903,3941.183,3950.682,3919.794,3923.618,3928.946,4288213500,,-0.1356088884907014
2020-04-24,sh000903,3916.07,3916.07,3888.698,3898.232,3923.618,4221682800,,-0.6470048817188601
2020-04-27,sh000903,3910.182,3948.705,3903.245,3927.542,3898.232,4745862000,,0.7518793134939195
2020-04-28,sh000903,3943.338,3972.365,3891.016,3962.116,3927.542,6167971500,,0.8802961241407559
2020-04-29,sh000903,3950.561,3999.08,3947.46,3988.415,3962.116,5023312100,,0.663761485024672
2020-04-30,sh000903,3998.042,4040.049,3998.042,4014.938,3988.415,6399012500,,0.6650010091728165
2020-05-06,sh000903,3962.5,4023.738,3962.273,4021.862,4014.938,6892537300,,0.172455963205409
2020-05-07,sh000903,4021.211,4023.116,4000.428,4007.988,4021.862,5049269600,,-0.3449645960005632
2020-05-08,sh000903,4025.51,4060.952,4016.707,4046.177,4007.988,5410110200,,0.9528222140385623
2020-05-11,sh000903,4054.772,4084.238,4033.079,4045.227,4046.177,5474252600,,-0.023478953095734667
2020-05-12,sh000903,4047.153,4060.238,4023.121,4044.598,4045.227,4453047100,,-0.015549189204955294
2020-05-13,sh000903,4031.951,4053.067,4013.698,4049.052,4044.598,3835086500,,0.1101221926134599
2020-05-14,sh000903,4032.988,4032.988,4002.018,4003.672,4049.052,3803102400,,-1.120756167122583
2020-05-15,sh000903,4019.449,4023.595,3980.478,3982.682,4003.672,4158637500,,-0.5242687213138364
2020-05-18,sh000903,3982.639,4019.973,3967.721,4001.709,3982.682,5130401200,,0.4777433900070349
2020-05-19,sh000903,4045.838,4047.199,4022.247,4030.154,4001.709,4088282200,,0.7108213015988962
2020-05-20,sh000903,4031.347,4032.296,4009.198,4020.299,4030.154,4450234500,,-0.244531598544373
2020-05-21,sh000903,4036.549,4036.549,3998.899,4004.027,4020.299,3871426900,,-0.40474601515956277
2020-05-22,sh000903,3996.29,3996.29,3907.183,3907.183,4004.027,4812295300,,-2.4186650090021855
2020-05-25,sh000903,3916.416,3920.613,3880.356,3920.241,3907.183,3586883300,,0.33420497580993747
2020-05-26,sh000903,3941.626,3960.081,3934.951,3956.92,3920.241,3490270700,,0.9356312532826427
2020-05-27,sh000903,3958.983,3963.226,3930.685,3936.749,3956.92,3934634500,,-0.5097651708904971
2020-05-28,sh000903,3940.71,3984.607,3919.935,3954.934,3936.749,4336040900,,0.46192937370403975
2020-05-29,sh000903,3933.378,3961.758,3926.811,3952.131,3954.934,4220613300,,-0.07087349624546047
2020-06-01,sh000903,3987.309,4059.903,3987.309,4054.657,3952.131,6461996200,,2.594195384717768
2020-06-02,sh000903,4049.763,4083.123,4042.136,4075.483,4054.657,6915821800,,0.5136316092828608
2020-06-03,sh000903,4094.644,4119.887,4076.81,4077.551,4075.483,6492911500,,0.05074245187624005
2020-06-04,sh000903,4095.137,4097.415,4065.248,4076.805,4077.551,5129058600,,-0.01829529538686092
2020-06-05,sh000903,4082.941,4098.548,4061.703,4098.548,4076.805,4890217600,,0.5333343144938274
2020-06-08,sh000903,4120.26,4154.873,4119.319,4126.886,4098.548,7556639100,,0.6914155940103806
2020-06-09,sh000903,4130.868,4155.673,4120.016,4148.487,4126.886,5846232900,,0.5234212915016245
2020-06-10,sh000903,4149.167,4149.219,4122.184,4130.482,4148.487,5763412200,,-0.43401365365253186
2020-06-11,sh000903,4116.321,4121.578,4062.057,4077.264,4130.482,6392461300,,-1.2884210607866042
2020-06-12,sh000903,4019.302,4090.077,4014.514,4085.907,4077.264,6685073000,,0.2119803868476433
2020-06-15,sh000903,4057.605,4078.066,4026.068,4026.068,4085.907,6561673800,,-1.4645218307709928
2020-06-16,sh000903,4067.911,4083.517,4061.047,4083.517,4026.068,5214195700,,1.4269257250498324
2020-06-17,sh000903,4082.551,4082.67,4057.395,4080.36,4083.517,4678465700,,-0.07731080830567505
2020-06-18,sh000903,4072.423,4112.694,4062.133,4109.893,4080.36,6442379700,,0.7237841759060393
2020-06-19,sh000903,4111.956,4175.444,4108.13,4165.052,4109.893,7621358900,,1.3421030669168221
2020-06-22,sh000903,4156.838,4183.294,4142.702,4154.471,4165.052,7858614100,,-0.2540424465288793
2020-06-23,sh000903,4145.775,4168.28,4130.935,4164.802,4154.471,6343142800,,0.2486718525655851
2020-06-24,sh000903,4169.295,4192.434,4169.295,4187.087,4164.802,6195927700,,0.5350794587594132
2020-06-29,sh000903,4174.229,4183.354,4140.117,4156.985,4187.087,6667614700,,-0.718924636626872
2020-06-30,sh000903,4172.97,4206.969,4171.779,4195.822,4156.985,6024762700,,0.9342588438495891
2020-07-01,sh000903,4202.861,4298.6,4193.769,4298.6,4195.822,8532899600,,2.4495319391528048
2020-07-02,sh000903,4288.835,4406.438,4287.86,4402.241,4298.6,12891866300,,2.411040803982689
2020-07-03,sh000903,4423.41,4496.998,4414.923,4496.998,4402.241,14843236200,,2.1524718887493854
2020-07-06,sh000903,4546.929,4786.642,4546.929,4775.662,4496.998,22001393700,,6.196667198873573
2020-07-07,sh000903,4856.628,4890.564,4786.579,4786.579,4775.662,21328640600,,0.22859657990870197
2020-07-08,sh000903,4777.359,4887.286,4758.65,4846.839,4786.579,17152405700,,1.25893670615278
2020-07-09,sh000903,4840.096,4891.007,4814.573,4881.413,4846.839,16887438300,,0.7133308946304817
2020-07-10,sh000903,4829.37,4843.786,4751.514,4768.145,4881.413,15642165800,,-2.3203937056749613
2020-07-13,sh000903,4753.366,4881.051,4750.94,4843.743,4768.145,15550381600,,1.5854803073312551
2020-07-14,sh000903,4825.557,4851.138,4732.193,4797.499,4843.743,14362836100,,-0.9547162184286084
2020-07-15,sh000903,4809.764,4825.52,4730.14,4752.591,4797.499,12864241600,,-0.9360710653613324
2020-07-16,sh000903,4749.957,4770.612,4534.164,4534.164,4752.591,13849567700,,-4.595956184742189
2020-07-17,sh000903,4542.628,4615.411,4511.751,4564.905,4534.164,9828584700,,0.6779860631419554
2020-07-20,sh000903,4607.398,4701.825,4556.994,4696.316,4564.905,11601190300,,2.8787236536138128
2020-07-21,sh000903,4711.092,4718.341,4670.596,4694.923,4696.316,8549946100,,-0.029661547476789174
2020-07-22,sh000903,4687.4,4792.754,4681.617,4712.126,4694.923,10042609800,,0.36641708500864123
2020-07-23,sh000903,4666.197,4718.326,4603.472,4696.674,4712.126,10450297100,,-0.32791992404278547
2020-07-24,sh000903,4664.547,4671.699,4479.296,4506.821,4696.674,10810893900,,-4.042286094372316
2020-07-27,sh000903,4536.285,4553.412,4474.43,4516.582,4506.821,7559577200,,0.21658281968599535
2020-07-28,sh000903,4553.099,4589.386,4536.299,4562.331,4516.582,6943889700,,1.0129119763573335
2020-07-29,sh000903,4553.358,4648.61,4536.815,4647.389,4562.331,8291076000,,1.8643539892217342
2020-07-30,sh000903,4652.272,4667.566,4612.87,4614.036,4647.389,6689050000,,-0.7176717937749544
2020-07-31,sh000903,4612.317,4692.519,4572.193,4635.073,4614.036,8122856000,,0.4559348908417693
2020-08-03,sh000903,4663.93,4684.492,4643.121,4683.841,4635.073,9253614900,,1.0521517136839131
2020-08-04,sh000903,4692.861,4734.015,4672.388,4714.051,4683.841,10638816200,,0.6449834654933762
2020-08-05,sh000903,4694.307,4697.862,4642.038,4686.084,4714.051,8372170500,,-0.5932689315410578
2020-08-06,sh000903,4690.296,4708.2,4617.459,4681.986,4686.084,9744937200,,-0.08745041702197254
2020-08-07,sh000903,4661.416,4674.188,4573.571,4632.616,4681.986,9268048600,,-1.0544670573555681
2020-08-10,sh000903,4609.842,4692.445,4577.809,4663.726,4632.616,9544757800,,0.6715428172764604
2020-08-11,sh000903,4671.292,4739.28,4635.267,4641.233,4663.726,9835441800,,-0.482296773009383
2020-08-12,sh000903,4629.553,4649.737,4556.638,4626.572,4641.233,9295167800,,-0.3158858863582137
2020-08-13,sh000903,4642.892,4650.298,4604.515,4615.473,4626.572,7071645100,,-0.2398968393877876
2020-08-14,sh000903,4607.559,4688.632,4597.673,4684.467,4615.473,7190358900,,1.494841373787681
2020-08-17,sh000903,4706.532,4830.412,4705.356,4797.616,4684.467,14392607600,,2.4154081990544585
2020-08-18,sh000903,4798.598,4804.036,4766.721,4789.917,4797.616,9242070700,,-0.16047553618295796
2020-08-19,sh000903,4781.812,4795.036,4730.17,4732.327,4789.917,8904571400,,-1.2023172844122354
2020-08-20,sh000903,4703.828,4709.95,4657.534,4674.455,4732.327,7400131100,,-1.2229078844298025
2020-08-21,sh000903,4713.385,4729.879,4679.181,4711.055,4674.455,6254102600,,0.7829789782980212
2020-08-24,sh000903,4741.68,4764.415,4723.579,4741.648,4711.055,7697981600,,0.6493874514307274
2020-08-25,sh000903,4755.887,4789.131,4744.441,4759.977,4741.648,6711841600,,0.3865533670993626
2020-08-26,sh000903,4761.261,4788.834,4704.779,4719.782,4759.977,7031532000,,-0.8444368533713442
2020-08-27,sh000903,4733.909,4736.947,4689.9,4731.714,4719.782,5331235300,,0.25280828648441833
2020-08-28,sh000903,4726.01,4856.446,4719.407,4850.413,4731.714,8300191500,,2.5085835703510417
2020-08-31,sh000903,4879.587,4911.959,4822.665,4824.199,4850.413,10454169600,,-0.5404488236362526
2020-09-01,sh000903,4810.545,4841.95,4799.672,4841.912,4824.199,6233708900,,0.3671697622755765
2020-09-02,sh000903,4862.814,4866.01,4797.317,4842.347,4841.912,7903753900,,0.008984054233107663
2020-09-03,sh000903,4842.575,4886.041,4806.001,4822.557,4842.347,7130026400,,-0.40868611852888925
2020-09-04,sh000903,4748.933,4777.414,4730.938,4769.722,4822.557,5765090100,,-1.0955806224789089
2020-09-07,sh000903,4757.73,4792.437,4674.138,4688.849,4769.722,7064631500,,-1.6955495519445307
2020-09-08,sh000903,4706.473,4733.825,4667.193,4724.049,4688.849,6470327900,,0.7507172869077205
2020-09-09,sh000903,4669.034,4687.392,4610.044,4634.441,4724.049,6283322400,,-1.8968473866380342
2020-09-10,sh000903,4678.728,4694.281,4636.892,4647.013,4634.441,6507665000,,0.2712732776186
2020-09-11,sh000903,4635.979,4679.507,4622.585,4673.309,4647.013,4937240400,,0.5658688710360904
2020-09-14,sh000903,4693.77,4708.744,4676.069,4702.78,4673.309,4471666400,,0.6306238256447383
2020-09-15,sh000903,4703.162,4744.23,4683.002,4740.156,4702.78,4446737200,,0.7947639481328039
2020-09-16,sh000903,4733.804,4739.019,4690.16,4706.546,4740.156,4590322800,,-0.7090483941878611
2020-09-17,sh000903,4693.686,4701.888,4649.869,4670.151,4706.546,4782991500,,-0.7732846975255447
2020-09-18,sh000903,4675.867,4787.819,4668.6,4787.819,4670.151,8285948700,,2.5195759194938327
2020-09-21,sh000903,4798.597,4801.448,4731.586,4732.768,4787.819,5901689000,,-1.149813725205573
2020-09-22,sh000903,4697.743,4750.334,4667.988,4681.226,4732.768,5463354100,,-1.0890455648787434
2020-09-23,sh000903,4678.915,4696.604,4658.766,4678.904,4681.226,4083093100,,-0.049602390484870806
2020-09-24,sh000903,4654.908,4664.086,4597.525,4600.741,4678.904,5412963900,,-1.6705407933140015
2020-09-25,sh000903,4619.004,4631.932,4593.69,4607.612,4600.741,4217523500,,0.14934550760410392
2020-09-28,sh000903,4619.237,4657.127,4618.551,4632.187,4607.612,3927118000,,0.533356541305996
2020-09-29,sh000903,4656.53,4658.579,4631.575,4631.745,4632.187,4153513900,,-0.009541929114698089
2020-09-30,sh000903,4649.324,4679.29,4607.522,4630.33,4631.745,4522237300,,-0.030550041075227963
2020-10-09,sh000903,4694.482,4717.635,4682.069,4699.68,4630.33,5202831400,,1.4977334228877925
2020-10-12,sh000903,4719.567,4852.046,4719.567,4851.618,4699.68,7668701800,,3.232943519558784
2020-10-13,sh000903,4843.952,4872.697,4826.646,4866.772,4851.618,5199504800,,0.31234940590951776
2020-10-14,sh000903,4865.003,4865.003,4829.247,4845.161,4866.772,5273732000,,-0.44405203284640926
2020-10-15,sh000903,4845.344,4884.293,4840.827,4847.537,4845.161,5119468400,,0.049038618118157906
2020-10-16,sh000903,4849.939,4880.909,4828.543,4852.013,4847.537,6031537000,,0.09233555102312607
2020-10-19,sh000903,4885.166,4930.714,4823.547,4831.284,4852.013,6835463600,,-0.4272247415660346
2020-10-20,sh000903,4827.542,4862.231,4818.086,4862.201,4831.284,5040802400,,0.6399334007274327
2020-10-21,sh000903,4870.023,4883.937,4840.366,4881.857,4862.201,5489853200,,0.40426136229250176
2020-10-22,sh000903,4873.23,4890.625,4819.041,4879.703,4881.857,5021687000,,-0.04412255418377864
2020-10-23,sh000903,4872.502,4910.156,4837.72,4837.72,4879.703,5815708600,,-0.860359739107075
2020-10-26,sh000903,4804.054,4818.393,4760.067,4796.16,4837.72,5897127600,,-0.8590823776489787
2020-10-27,sh000903,4786.982,4801.463,4768.875,4786.531,4796.16,4643592700,,-0.2007647784894595
2020-10-28,sh000903,4791.978,4841.359,4780.989,4824.698,4786.531,5306375000,,0.7973833241652573
2020-10-29,sh000903,4774.75,4896.16,4771.949,4858.49,4824.698,5799838400,,0.7003961698742511
2020-10-30,sh000903,4858.487,4863.807,4767.079,4778.257,4858.49,6823736400,,-1.6513978622987868
2020-11-02,sh000903,4792.466,4833.463,4784.48,4807.322,4778.257,7058730900,,0.6082761977850959
2020-11-03,sh000903,4831.498,4884.806,4827.09,4864.665,4807.322,6748474900,,1.1928262762511022
2020-11-04,sh000903,4871.232,4923.077,4864.765,4915.077,4864.665,5249927400,,1.0362892408829927
2020-11-05,sh000903,4961.488,4987.728,4937.355,4978.589,4915.077,6707749000,,1.2921872841463067
2020-11-06,sh000903,4992.302,5007.168,4952.498,4993.616,4978.589,7606134000,,0.3018325071621808
2020-11-09,sh000903,5028.589,5093.191,5028.589,5082.614,4993.616,9458087400,,1.7822355583609006
2020-11-10,sh000903,5094.941,5095.279,5036.065,5060.265,5082.614,8596229400,,-0.4397146822481379
2020-11-11,sh000903,5050.167,5073.66,5027.423,5030.855,5060.265,8098242300,,-0.5811948583720583
2020-11-12,sh000903,5038.59,5047.893,5012.797,5028.179,5030.855,5903544200,,-0.053191753687975574
2020-11-13,sh000903,5001.835,5001.835,4926.34,4957.86,5028.179,6335390700,,-1.3984983430383124
2020-11-16,sh000903,4986.242,5008.474,4951.697,5008.474,4957.86,6438075000,,1.020884010440004
2020-11-17,sh000903,5010.318,5027.845,4983.504,5011.419,5008.474,6688863200,,0.058800345174980784
2020-11-18,sh000903,5006.89,5046.715,4999.549,5021.285,5011.419,8359622300,,0.19687038740923146
2020-11-19,sh000903,5011.311,5072.746,5001.453,5060.223,5021.285,6351941000,,0.7754588715836785
2020-11-20,sh000903,5059.462,5071.598,5049.676,5067.673,5060.223,5766025900,,0.1472267131310101
2020-11-23,sh000903,5080.764,5156.943,5070.216,5135.429,5067.673,9269412600,,1.3370239161050845
2020-11-24,sh000903,5127.54,5132.301,5086.204,5101.693,5135.429,6716809600,,-0.6569266170362797
2020-11-25,sh000903,5122.882,5135.998,5046.34,5046.34,5101.693,7821477800,,-1.0849927661268577
2020-11-26,sh000903,5045.569,5067.984,5015.668,5066.545,5046.34,6399540300,,0.40038919295963815
2020-11-27,sh000903,5080.741,5136.262,5070.39,5136.262,5066.545,8619722900,,1.3760264637933561
2020-11-30,sh000903,5150.905,5224.299,5097.337,5097.337,5136.262,14882439300,,-0.7578468543855243
2020-12-01,sh000903,5105.348,5213.146,5100.515,5207.926,5097.337,10248533100,,2.1695446073116242
2020-12-02,sh000903,5214.549,5237.009,5184.997,5206.775,5207.926,9269463700,,-0.02210092846942624
2020-12-03,sh000903,5203.911,5210.406,5161.87,5193.534,5206.775,7738621200,,-0.2543032875436335
2020-12-04,sh000903,5188.621,5211.187,5154.707,5202.048,5193.534,6802401400,,0.16393461562012046
2020-12-07,sh000903,5205.495,5206.852,5139.94,5150.547,5202.048,6661687500,,-0.9900139329740987
2020-12-08,sh000903,5158.102,5173.296,5122.623,5132.537,5150.547,5684349700,,-0.3496715979875442
2020-12-09,sh000903,5147.46,5158.721,5069.906,5069.906,5132.537,6081537700,,-1.2202737164875854
2020-12-10,sh000903,5062.751,5091.541,5044.73,5066.949,5069.906,5782413600,,-0.05832455276292281
2020-12-11,sh000903,5086.68,5086.68,4980.901,5017.748,5066.949,7495090700,,-0.9710182597061912
2020-12-14,sh000903,5033.977,5070.011,5019.929,5066.582,5017.748,5745670800,,0.9732254389817951
2020-12-15,sh000903,5062.595,5078.244,5023.926,5067.21,5066.582,5693257700,,0.012394943968141447
2020-12-16,sh000903,5084.944,5104.693,5073.298,5091.907,5067.21,4804187000,,0.4873885234675468
2020-12-17,sh000903,5105.833,5173.393,5099.685,5168.357,5091.907,5700791000,,1.501402126943785
2020-12-18,sh000903,5161.316,5177.323,5122.067,5142.88,5168.357,5599778100,,-0.4929419542806346
2020-12-21,sh000903,5137.923,5172.612,5100.375,5169.922,5142.88,6349091500,,0.5258143297140805
2020-12-22,sh000903,5162.109,5184.01,5097.872,5102.028,5169.922,7424725800,,-1.3132499871371217
2020-12-23,sh000903,5115.982,5168.266,5098.289,5136.342,5102.028,6315712000,,0.6725560894608851
2020-12-24,sh000903,5135.365,5166.04,5114.897,5139.46,5136.342,5015127800,,0.060704680490530905
2020-12-25,sh000903,5124.521,5171.098,5113.974,5169.61,5139.46,5028998300,,0.5866375066641227
2020-12-28,sh000903,5171.291,5233.814,5168.192,5208.674,5169.61,5812173300,,0.7556469443536384
2020-12-29,sh000903,5219.067,5225.278,5184.863,5191.028,5208.674,6147848700,,-0.33878104100966144
2020-12-30,sh000903,5187.55,5263.933,5185.74,5263.933,5191.028,6882512600,,1.4044424341382866
2020-12-31,sh000903,5269.163,5364.833,5269.163,5358.157,5263.933,7931373900,,1.7899923878210489
2021-01-04,sh000903,5349.746,5410.05,5324.43,5389.627,5358.157,10043870000,,0.5873288147398403
2021-01-05,sh000903,5368.859,5494.635,5357.817,5494.635,5389.627,10711812300,,1.9483352001910204
2021-01-06,sh000903,5515.313,5582.714,5486.969,5575.134,5494.635,9733752600,,1.4650472688358729
2021-01-07,sh000903,5591.292,5683.971,5569.858,5683.971,5575.134,9796849100,,1.9521862613526286
2021-01-08,sh000903,5699.881,5724.256,5595.61,5652.076,5683.971,9527048400,,-0.5611393865309955
2021-01-11,sh000903,5656.836,5710.516,5571.999,5599.31,5652.076,10711950900,,-0.9335684799708921
2021-01-12,sh000903,5575.792,5772.235,5575.456,5772.235,5599.31,10902655600,,3.0883269545711745
2021-01-13,sh000903,5782.946,5812.639,5700.255,5745.515,5772.235,12629762000,,-0.46290561628207216
2021-01-14,sh000903,5724.877,5733.81,5618.717,5632.086,5745.515,12291086700,,-1.9742181510273626
2021-01-15,sh000903,5641.054,5683.515,5566.711,5625.708,5632.086,13328816000,,-0.11324400941321588
2021-01-18,sh000903,5605.777,5703.498,5580.129,5673.283,5625.708,10664179200,,0.8456713359456414
2021-01-19,sh000903,5683.123,5690.037,5574.365,5597.018,5673.283,10327344200,,-1.344283371726751
2021-01-20,sh000903,5600.837,5646.72,5582.146,5619.183,5597.018,8258229600,,0.3960144491227391
2021-01-21,sh000903,5637.658,5734.511,5632.009,5705.341,5619.183,9184105000,,1.5332833972483195
2021-01-22,sh000903,5701.743,5711.453,5653.238,5699.629,5705.341,8448137500,,-0.10011671519722931
2021-01-25,sh000903,5696.358,5808.534,5678.209,5797.218,5699.629,8678473300,,1.7121991624367228
2021-01-26,sh000903,5769.668,5769.668,5668.773,5673.78,5797.218,7713045200,,-2.1292626911735946
2021-01-27,sh000903,5669.205,5694.531,5620.129,5687.834,5673.78,7156158900,,0.24770082731442322
2021-01-28,sh000903,5611.922,5615.447,5523.425,5543.808,5687.834,7818699800,,-2.5321765719604317
2021-01-29,sh000903,5579.277,5598.786,5464.217,5522.778,5543.808,8390490200,,-0.37934214171918557
2021-02-01,sh000903,5530.121,5591.934,5514.833,5585.408,5522.778,7289220800,,1.134030735981062
2021-02-02,sh000903,5591.943,5655.474,5575.353,5652.826,5585.408,7266390400,,1.207038053442111
2021-02-03,sh000903,5649.996,5684.562,5623.487,5651.445,5652.826,7599390600,,-0.024430258422958318
2021-02-04,sh000903,5620.788,5699.429,5606.924,5662.892,5651.445,7942516700,,0.20254996730924013
2021-02-05,sh000903,5685.543,5777.063,5680.899,5716.012,5662.892,8758327900,,0.938036607443693
2021-02-08,sh000903,5742.139,5795.619,5704.76,5784.37,5716.012,7293906600,,1.1959037174869458
2021-02-09,sh000903,5800.161,5894.432,5763.654,5894.432,5784.37,7412352400,,1.9027482681778674
2021-02-10,sh000903,5920.75,6046.596,5920.623,6030.537,5894.432,8059395400,,2.309043517679066
2021-02-18,sh000903,6142.687,6154.554,5948.769,5972.145,6030.537,10049073400,,-0.9682719797590167
2021-02-19,sh000903,5938.953,6005.135,5879.481,5993.804,5972.145,10048390800,,0.36266701495022424
2021-02-22,sh000903,5999.074,5999.074,5772.144,5772.144,5993.804,13220395000,,-3.6981522919334653
2021-02-23,sh000903,5719.211,5830.173,5719.211,5764.092,5772.144,9977341300,,-0.13949755931246255
2021-02-24,sh000903,5780.969,5790.142,5557.477,5621.399,5764.092,9451487900,,-2.475550355546008
2021-02-25,sh000903,5680.6,5730.359,5637.345,5676.26,5621.399,10282594800,,0.9759314362848048
2021-02-26,sh000903,5548.465,5621.874,5519.495,5531.529,5676.26,9490339600,,-2.5497598771021757
2021-03-01,sh000903,5586.242,5606.342,5534.708,5597.679,5531.529,7573818000,,1.1958718828013026
2021-03-02,sh000903,5636.652,5640.959,5468.538,5515.207,5597.679,8006462500,,-1.473324926277475
2021-03-03,sh000903,5497.72,5642.903,5489.831,5642.669,5515.207,8536163900,,2.311100925133003
2021-03-04,sh000903,5573.913,5578.976,5440.495,5469.985,5642.669,8714010600,,-3.060324821463034
2021-03-05,sh000903,5379.046,5489.254,5348.507,5441.137,5469.985,8665172400,,-0.5273871866193436
2021-03-08,sh000903,5477.718,5505.346,5254.154,5254.455,5441.137,9601483800,,-3.4309373206372062
2021-03-09,sh000903,5243.54,5275.148,5104.927,5151.999,5254.455,10129545000,,-1.9498882376954407
2021-03-10,sh000903,5231.597,5245.816,5174.241,5192.27,5151.999,7026982900,,0.7816577604149444
2021-03-11,sh000903,5218.435,5337.563,5214.948,5322.446,5192.27,8119119100,,2.5071115331059435
2021-03-12,sh000903,5353.806,5353.806,5289.049,5346.922,5322.446,8754266500,,0.45986375437157
2021-03-15,sh000903,5319.035,5325.759,5183.73,5230.465,5346.922,8619093200,,-2.178019428747968
2021-03-16,sh000903,5252.036,5289.69,5217.653,5289.433,5230.465,6460209400,,1.127394983046437
2021-03-17,sh000903,5272.908,5327.968,5225.092,5294.931,5289.433,6462431300,,0.10394308803987062
2021-03-18,sh000903,5311.802,5355.73,5308.12,5336.512,5294.931,5777654200,,0.7852982409024767
2021-03-19,sh000903,5264.882,5279.208,5155.296,5183.701,5336.512,7323000400,,-2.863499604235875
2021-03-22,sh000903,5184.084,5240.726,5168.353,5222.138,5183.701,6928569300,,0.7414972429929945
2021-03-23,sh000903,5228.25,5232.675,5139.331,5186.82,5222.138,6329531000,,-0.676313035005971
2021-03-24,sh000903,5168.291,5208.545,5103.116,5114.282,5186.82,6375251900,,-1.398506213826578
2021-03-25,sh000903,5092.439,5127.771,5065.158,5105.136,5114.282,5704926400,,-0.17883253211300465
2021-03-26,sh000903,5135.064,5224.318,5132.095,5210.201,5105.136,6369316700,,2.0580254864904557
2021-03-29,sh000903,5224.324,5264.695,5181.473,5223.477,5210.201,6846691600,,0.25480782795135326
2021-03-30,sh000903,5222.437,5287.401,5206.874,5274.587,5223.477,6036938500,,0.9784670249337823
2021-03-31,sh000903,5265.811,5265.811,5184.705,5218.568,5274.587,6515590500,,-1.0620547163218697
2021-04-01,sh000903,5232.545,5291.464,5227.971,5286.641,5218.568,4997746800,,1.3044383056807884
2021-04-02,sh000903,5306.926,5345.998,5289.497,5338.864,5286.641,5719996800,,0.9878295121609426
2021-04-06,sh000903,5353.661,5353.661,5287.379,5305.259,5338.864,4757218100,,-0.6294410196626021
2021-04-07,sh000903,5306.1,5306.1,5216.755,5249.835,5305.259,6322564900,,-1.0446992314607106
2021-04-08,sh000903,5220.515,5279.362,5205.298,5265.06,5249.835,5159176800,,0.29000911457217615
2021-04-09,sh000903,5249.561,5249.561,5165.542,5178.593,5265.06,5236363900,,-1.642279480195863
2021-04-12,sh000903,5171.654,5189.281,5088.775,5105.105,5178.593,6523609800,,-1.4190727095178213
2021-04-13,sh000903,5110.32,5152.932,5076.239,5092.64,5105.105,6185993700,,-0.24416735796813915
2021-04-14,sh000903,5101.416,5131.722,5083.123,5121.853,5092.64,5953344200,,0.573631750918957
2021-04-15,sh000903,5109.889,5109.889,5028.161,5078.318,5121.853,5268074400,,-0.8499853470999574
2021-04-16,sh000903,5098.084,5113.554,5048.627,5098.575,5078.318,4892802400,,0.3988919165755167
2021-04-19,sh000903,5099.809,5211.5,5069.158,5208.88,5098.575,6754567900,,2.163447629975046
2021-04-20,sh000903,5186.225,5242.944,5177.329,5207.689,5208.88,5245595200,,-0.02286480011057801
2021-04-21,sh000903,5179.027,5237.563,5176.381,5225.173,5207.689,5140503000,,0.3357343343659558
2021-04-22,sh000903,5239.87,5245.041,5183.665,5203.697,5225.173,5263723900,,-0.41101031487378314
2021-04-23,sh000903,5207.202,5279.765,5204.543,5267.627,5203.697,5585691000,,1.2285496253913397
2021-04-26,sh000903,5292.293,5305.892,5188.511,5193.713,5267.627,6922379300,,-1.4031745224177938
2021-04-27,sh000903,5193.156,5216.196,5162.451,5211.296,5193.713,5358184800,,0.33854392801451194
2021-04-28,sh000903,5186.458,5230.322,5175.359,5229.926,5211.296,5208399100,,0.35749264674276304
2021-04-29,sh000903,5244.456,5292.582,5228.915,5287.433,5229.926,6275886200,,1.0995757874967982
2021-04-30,sh000903,5287.137,5289.711,5210.982,5238.638,5287.433,7479620800,,-0.9228485732112324
2021-05-06,sh000903,5209.994,5253.009,5150.348,5164.685,5238.638,7115234000,,-1.4116837238992153
2021-05-07,sh000903,5181.449,5198.386,5099.262,5101.722,5164.685,7482379500,,-1.2191062959309384
2021-05-10,sh000903,5103.611,5121.601,5050.653,5090.124,5101.722,6695718700,,-0.2273350057098389
2021-05-11,sh000903,5054.186,5142.954,5037.13,5135.218,5090.124,5745683000,,0.8859116202277306
2021-05-12,sh000903,5117.438,5159.361,5109.635,5150.608,5135.218,5205356600,,0.29969516386647577
2021-05-13,sh000903,5100.95,5127.344,5070.816,5093.662,5150.608,5435934200,,-1.105617045599272
2021-05-14,sh000903,5109.447,5214.853,5079.113,5211.874,5093.662,7183285600,,2.320766474100555
2021-05-17,sh000903,5213.451,5302.572,5213.451,5279.72,5211.874,6627398600,,1.3017582543246586
2021-05-18,sh000903,5289.555,5299.208,5251.645,5281.94,5279.72,5031511200,,0.04204768434687978
2021-05-19,sh000903,5268.586,5279.982,5239.989,5254.08,5281.94,5017903200,,-0.5274577144003811
2021-05-20,sh000903,5255.703,5288.926,5238.295,5278.996,5254.08,5606727800,,0.4742219379986645
2021-05-21,sh000903,5290.538,5308.75,5210.13,5219.863,5278.996,5069561300,,-1.1201561812132388
2021-05-24,sh000903,5224.072,5237.318,5174.511,5237.279,5219.863,5413241500,,0.3336486034211994
2021-05-25,sh000903,5248.395,5429.038,5247.363,5422.712,5237.279,8872122800,,3.5406362731487118
2021-05-26,sh000903,5434.256,5454.323,5411.512,5426.55,5422.712,6975688900,,0.07077639380441703
2021-05-27,sh000903,5420.442,5492.405,5387.277,5437.365,5426.55,6087123000,,0.199297896453543
2021-05-28,sh000903,5437.74,5457.734,5382.58,5419.154,5437.365,6856818500,,-0.33492325786478316
2021-05-31,sh000903,5408.481,5408.481,5351.368,5405.031,5419.154,5780887400,,-0.2606126343706161
2021-06-01,sh000903,5395.914,5418.555,5345.249,5416.526,5405.031,5910237000,,0.21267223074206143
2021-06-02,sh000903,5424.094,5428.807,5347.546,5372.103,5416.526,5924784600,,-0.8201382214356512
2021-06-03,sh000903,5368.819,5402.146,5341.641,5344.493,5372.103,6029402300,,-0.5139514264711598
2021-06-04,sh000903,5317.372,5426.981,5311.891,5372.728,5344.493,6446373000,,0.5283008135664069
2021-06-07,sh000903,5370.947,5372.554,5321.905,5355.823,5372.728,5532202400,,-0.3146446274592707
2021-06-08,sh000903,5353.86,5396.232,5278.036,5309.246,5355.823,5666615000,,-0.8696515922949732
2021-06-09,sh000903,5301.977,5336.139,5294.864,5316.566,5309.246,5390452900,,0.137872684746565
2021-06-10,sh000903,5317.259,5378.481,5307.06,5344.726,5316.566,6488436300,,0.5296652011843817
2021-06-11,sh000903,5345.913,5347.134,5282.184,5296.729,5344.726,8559209200,,-0.8980254553741296
2021-06-15,sh000903,5291.292,5298.81,5197.515,5230.953,5296.729,6903998500,,-1.2418230194521929
2021-06-16,sh000903,5227.632,5233.095,5156.009,5161.486,5230.953,6083097400,,-1.327998932508101
2021-06-17,sh000903,5152.204,5191.509,5136.137,5154.585,5161.486,5576891800,,-0.13370180603027304
2021-06-18,sh000903,5151.47,5170.026,5091.72,5126.904,5154.585,7271179800,,-0.5370170440491262
2021-06-21,sh000903,5109.177,5132.301,5070.402,5095.699,5126.904,6353624100,,-0.608651927166981
2021-06-22,sh000903,5113.57,5139.958,5094.519,5129.65,5095.699,6354356100,,0.6662677681707585
2021-06-23,sh000903,5134.026,5170.722,5117.056,5145.146,5129.65,5820683800,,0.3020868870195814
2021-06-24,sh000903,5155.113,5171.755,5119.423,5168.384,5145.146,5449320800,,0.45164899110734513
2021-06-25,sh000903,5170.325,5264.684,5166.988,5252.359,5168.384,6794627600,,1.6247825238991709
2021-06-28,sh000903,5268.031,5271.993,5226.348,5251.238,5252.359,5888977600,,-0.021342790924994137
2021-06-29,sh000903,5247.13,5247.334,5175.766,5184.544,5251.238,5688172100,,-1.2700624119493464
2021-06-30,sh000903,5177.586,5214.467,5174.909,5205.364,5184.544,4534005500,,0.4015782294450432
2021-07-01,sh000903,5225.342,5241.363,5172.436,5241.246,5205.364,5749748100,,0.6893273938191502
2021-07-02,sh000903,5189.308,5189.308,5063.569,5070.218,5241.246,6412275900,,-3.2631172053362967
2021-07-05,sh000903,5058.21,5071.081,5021.33,5056.54,5070.218,5814164600,,-0.26977143783560864
2021-07-06,sh000903,5056.31,5064.593,5006.139,5061.159,5056.54,5911217800,,0.09134704758588796
2021-07-07,sh000903,5036.879,5106.536,5031.949,5092.374,5061.159,5326213000,,0.6167559643947218
2021-07-08,sh000903,5101.676,5104.557,5007.365,5019.889,5092.374,6766762600,,-1.4234029158109673
2021-07-09,sh000903,4996.139,5012.304,4948.311,4993.442,5019.889,5967904900,,-0.5268443186691951
2021-07-12,sh000903,5028.959,5070.328,4983.574,5038.339,4993.442,7750935500,,0.8991192848540219
2021-07-13,sh000903,5036.562,5068.325,5025.47,5052.573,5038.339,6323003900,,0.2825137411357259
2021-07-14,sh000903,5045.281,5045.281,4986.009,4999.173,5052.573,7682310400,,-1.056887253286598
2021-07-15,sh000903,4991.774,5078.185,4985.739,5074.149,4999.173,7133919900,,1.4997680616374076
2021-07-16,sh000903,5063.416,5065.791,5006.358,5010.981,5074.149,6188878200,,-1.244898405624284
2021-07-19,sh000903,5000.275,5047.452,4957.489,5039.592,5010.981,6048457500,,0.5709660443733444
2021-07-20,sh000903,5006.004,5032.476,4990.702,5019.503,5039.592,4905290300,,-0.39862353936588324
2021-07-21,sh000903,5030.33,5065.433,5016.063,5026.128,5019.503,6139146900,,0.13198517861230386
2021-07-22,sh000903,5028.703,5055.149,5012.007,5019.754,5026.128,6700704300,,-0.12681730349882736
2021-07-23,sh000903,5011.475,5011.475,4947.133,4954.774,5019.754,7580255300,,-1.294485745715812
2021-07-26,sh000903,4926.467,4926.467,4715.641,4762.995,4954.774,8849263600,,-3.8705902630473243
2021-07-27,sh000903,4760.027,4768.317,4585.601,4592.426,4762.995,9065322300,,-3.5811291004924306
2021-07-28,sh000903,4562.818,4640.559,4536.499,4622.34,4592.426,7864779800,,0.6513768539765152
2021-07-29,sh000903,4698.476,4702.096,4637.131,4662.921,4622.34,6727278800,,0.8779319565414889
2021-07-30,sh000903,4634.28,4634.28,4559.215,4593.645,4662.921,6552196500,,-1.4856781832675248
2021-08-02,sh000903,4566.323,4729.538,4526.251,4723.448,4593.645,8890217000,,2.825708125029247
2021-08-03,sh000903,4701.259,4760.599,4685.74,4754.872,4723.448,7047248000,,0.6652767215813427
2021-08-04,sh000903,4749.174,4768.913,4727.231,4761.812,4754.872,6072787500,,0.14595555884573397
2021-08-05,sh000903,4726.549,4792.132,4703.987,4733.05,4761.812,6041132800,,-0.6040137661881606
2021-08-06,sh000903,4717.672,4717.809,4680.725,4701.652,4733.05,5292323500,,-0.6633777373997729
2021-08-09,sh000903,4673.153,4805.002,4669.987,4779.747,4701.652,7315979600,,1.6610119166624804
2021-08-10,sh000903,4774.082,4858.27,4725.862,4858.139,4779.747,6209876600,,1.6400868079419206
2021-08-11,sh000903,4851.804,4879.683,4820.86,4826.03,4858.139,7182735300,,-0.6609320976612709
2021-08-12,sh000903,4810.906,4826.61,4771.845,4776.087,4826.03,5779048600,,-1.0348671682521515
2021-08-13,sh000903,4759.759,4792.891,4735.663,4762.263,4776.087,5399380000,,-0.2894419636828349
2021-08-16,sh000903,4756.281,4800.336,4747.779,4772.412,4762.263,5800656200,,0.21311296751145292
2021-08-17,sh000903,4765.787,4794.542,4658.702,4669.777,4772.412,7042502600,,-2.1505896808573954
2021-08-18,sh000903,4667.388,4746.495,4641.106,4726.654,4669.777,7956213100,,1.2179810727578788
2021-08-19,sh000903,4716.363,4722.556,4641.658,4663.641,4726.654,7817790900,,-1.333141795443471
2021-08-20,sh000903,4607.078,4620.687,4515.785,4556.65,4663.641,6888601500,,-2.2941517153657442
2021-08-23,sh000903,4558.562,4606.61,4548.145,4594.729,4556.65,5847346400,,0.8356797208475708
2021-08-24,sh000903,4605.394,4666.94,4603.659,4649.511,4594.729,6867360900,,1.1922792399725823
2021-08-25,sh000903,4654.42,4673.904,4633.147,4656.837,4649.511,6717858500,,0.15756495683094673
2021-08-26,sh000903,4654.253,4654.253,4550.597,4551.788,4656.837,6691165900,,-2.2558015236522344
2021-08-27,sh000903,4545.653,4622.921,4544.823,4581.992,4551.788,6573136600,,0.6635634172769134
2021-08-30,sh000903,4603.266,4604.964,4523.184,4552.31,4581.992,8777506100,,-0.6477968534209566
2021-08-31,sh000903,4547.18,4574.784,4485.864,4543.54,4552.31,9966296300,,-0.19264944610539736
2021-09-01,sh000903,4537.023,4681.718,4504.171,4647.372,4543.54,13820822100,,2.285266554272658
2021-09-02,sh000903,4649.888,4675.038,4615.016,4643.936,4647.372,10497697200,,-0.07393425789888886
2021-09-03,sh000903,4649.795,4676.117,4594.041,4644.107,4643.936,10647210100,,0.003682221288148213
2021-09-06,sh000903,4639.581,4739.126,4635.921,4721.726,4644.107,10046228500,,1.6713439203704716
2021-09-07,sh000903,4719.955,4783.684,4693.369,4766.857,4721.726,10316292700,,0.9558157334839112
2021-09-08,sh000903,4758.418,4783.978,4719.703,4733.972,4766.857,10247434600,,-0.6898675584352532
2021-09-09,sh000903,4714.795,4730.558,4698.017,4730.146,4733.972,10580899700,,-0.0808200808961268
2021-09-10,sh000903,4728.39,4816.867,4725.019,4786.548,4730.146,12163549500,,1.1923944842294532
2021-09-13,sh000903,4777.8,4808.652,4743.517,4771.526,4786.548,10274171400,,-0.31383786394704183
2021-09-14,sh000903,4774.068,4785.915,4685.427,4693.484,4771.526,10815221200,,-1.635577381324116
2021-09-15,sh000903,4678.596,4678.596,4608.22,4632.369,4693.484,8021707900,,-1.30212439202948
2021-09-16,sh000903,4629.821,4646.811,4590.199,4608.181,4632.369,9107746600,,-0.5221518406672732
2021-09-17,sh000903,4597.105,4661.332,4590.113,4661.195,4608.181,8029019200,,1.1504322421363344
2021-09-22,sh000903,4572.538,4616.138,4566.637,4606.72,4661.195,8568609900,,-1.1686917196126578
2021-09-23,sh000903,4627.019,4661.03,4602.136,4619.62,4606.72,8620707900,,0.2800257015837637
2021-09-24,sh000903,4609.514,4677.217,4607.991,4634.158,4619.62,7910723100,,0.31470120919037115
2021-09-27,sh000903,4661.282,4750.324,4661.282,4716.42,4634.158,9011265500,,1.7751229025855242
2021-09-28,sh000903,4711.138,4747.991,4681.621,4730.24,4716.42,7716057300,,0.29301885752328616
2021-09-29,sh000903,4697.472,4745.719,4660.065,4715.593,4730.24,8240082200,,-0.3096460221891473
2021-09-30,sh000903,4719.904,4745.077,4714.072,4730.047,4715.593,6109114300,,0.30651500246097196
2021-10-08,sh000903,4780.802,4838.494,4761.205,4825.586,4730.047,8084031700,,2.0198319382450203
2021-10-11,sh000903,4840.145,4903.089,4838.33,4840.89,4825.586,7592660900,,0.3171428299070911
2021-10-12,sh000903,4824.325,4844.498,4772.208,4811.918,4840.89,7367423500,,-0.5984849893304833
2021-10-13,sh000903,4806.101,4884.377,4795.168,4863.96,4811.918,5910355800,,1.0815230018466737
2021-10-14,sh000903,4860.676,4879.684,4818.237,4827.057,4863.96,4850206300,,-0.7587027853847572
2021-10-15,sh000903,4807.793,4851.13,4797.37,4843.239,4827.057,6417373600,,0.3352353204032932
2021-10-18,sh000903,4830.969,4830.969,4734.19,4757.945,4843.239,6252395300,,-1.7610941768514854
2021-10-19,sh000903,4750.058,4818.119,4750.053,4807.55,4757.945,5838852900,,1.0425719507056286
2021-10-20,sh000903,4821.196,4841.459,4781.878,4795.051,4807.55,5704267800,,-0.25998689561210764
2021-10-21,sh000903,4798.847,4842.706,4791.408,4828.043,4795.051,6497202700,,0.6880427340605788
2021-10-22,sh000903,4840.989,4903.971,4834.15,4876.853,4828.043,6074382900,,1.010968626418629
2021-10-25,sh000903,4852.569,4873.154,4830.627,4869.75,4876.853,5910665900,,-0.14564720322716163
2021-10-26,sh000903,4867.014,4887.794,4832.933,4839.489,4869.75,5417986900,,-0.6214076697982573
2021-10-27,sh000903,4821.345,4821.345,4753.416,4767.845,4839.489,6059353700,,-1.4804042327609235
2021-10-28,sh000903,4750.523,4769.677,4732.579,4747.062,4767.845,6127244300,,-0.43589923749619564
2021-10-29,sh000903,4748.499,4785.49,4742.277,4785.49,4747.062,6819099900,,0.8095112303146745
2021-11-01,sh000903,4742.172,4780.637,4716.663,4766.193,4785.49,7467153000,,-0.40323979362614226
2021-11-02,sh000903,4758.579,4783.776,4663.423,4703.062,4766.193,8450496600,,-1.3245581956081165
2021-11-03,sh000903,4696.866,4718.072,4664.532,4674.34,4703.062,6101876200,,-0.6107085128794765
2021-11-04,sh000903,4695.198,4730.444,4688.466,4720.779,4674.34,5672646100,,0.9934878506912215
2021-11-05,sh000903,4708.411,4743.736,4694.854,4703.049,4720.779,5543042600,,-0.3755736076609506
2021-11-08,sh000903,4699.637,4719.891,4680.946,4697.694,4703.049,5122464700,,-0.11386230507060002
2021-11-09,sh000903,4706.289,4719.62,4662.521,4682.989,4697.694,4832177900,,-0.3130259229315646
2021-11-10,sh000903,4670.071,4671.727,4593.196,4653.008,4682.989,5949629200,,-0.6402107713684546
2021-11-11,sh000903,4649.483,4742.094,4642.368,4741.91,4653.008,7515488500,,1.9106350128776928
2021-11-12,sh000903,4750.153,4753.974,4711.993,4722.249,4741.91,5346282200,,-0.4146219561316
2021-11-15,sh000903,4732.944,4747.64,4711.276,4730.718,4722.249,4740880500,,0.17934251243423294
2021-11-16,sh000903,4733.387,4767.749,4731.219,4741.717,4730.718,4938280800,,0.23250170481521337
2021-11-17,sh000903,4738.478,4749.516,4715.977,4728.309,4741.717,4167050500,,-0.2827667699274228
2021-11-18,sh000903,4713.587,4713.587,4672.612,4677.914,4728.309,4171971600,,-1.0658144381003987
2021-11-19,sh000903,4670.828,4738.437,4669.837,4731.647,4677.914,5098438700,,1.1486530107223114
2021-11-22,sh000903,4737.389,4752.735,4725.45,4731.735,4731.647,5249196600,,0.001859817522298357
2021-11-23,sh000903,4723.577,4756.623,4717.57,4738.297,4731.735,5457637000,,0.13868063194577562
2021-11-24,sh000903,4743.758,4774.8,4729.309,4756.398,4738.297,4762638700,,0.38201488847153797
2021-11-25,sh000903,4759.203,4764.036,4727.517,4734.722,4756.398,4210906500,,-0.4557230071999929
2021-11-26,sh000903,4726.575,4726.626,4680.856,4690.839,4734.722,4404934900,,-0.9268337190652343
2021-11-29,sh000903,4657.243,4687.49,4652.022,4678.902,4690.839,4906068500,,-0.2544747325585073
2021-11-30,sh000903,4679.681,4692.934,4629.382,4645.255,4678.902,4752571700,,-0.7191217084692059
2021-12-01,sh000903,4649.072,4665.103,4639.207,4663.839,4645.255,4570243000,,0.4000641514836145
2021-12-02,sh000903,4656.839,4688.409,4643.208,4678.331,4663.839,5569102700,,0.31073113801742824
2021-12-03,sh000903,4678.955,4723.63,4674.774,4723.63,4678.331,5364016900,,0.9682726596301094
2021-12-06,sh000903,4735.615,4778.246,4729.66,4733.903,4723.63,7168308700,,0.21748104741481367
2021-12-07,sh000903,4770.951,4784.404,4751.502,4774.659,4733.903,7217053600,,0.8609386377371742
2021-12-08,sh000903,4786.059,4845.45,4758.719,4844.246,4774.659,6235221200,,1.4574234516014695
2021-12-09,sh000903,4851.086,4975.303,4848.922,4931.763,4844.246,9633271700,,1.806617583004666
2021-12-10,sh000903,4899.62,4917.772,4890.833,4914.495,4931.763,8222214700,,-0.35013847989046054
2021-12-13,sh000903,4955.521,5016.28,4943.588,4945.972,4914.495,9672289800,,0.6404930720246949
2021-12-14,sh000903,4929.016,4940.629,4903.615,4914.793,4945.972,7017437400,,-0.6303917612149879
2021-12-15,sh000903,4900.933,4928.786,4870.906,4871.638,4914.793,5863965200,,-0.8780634301383539
2021-12-16,sh000903,4871.382,4893.75,4849.006,4893.75,4871.638,5661894500,,0.45389251007565967
2021-12-17,sh000903,4877.689,4880.738,4815.04,4817.77,4893.75,5942059700,,-1.5525925925925832
2021-12-20,sh000903,4801.452,4837.773,4751.332,4761.681,4817.77,6004740200,,-1.164210827831147
2021-12-21,sh000903,4756.447,4796.229,4752.588,4788.965,4761.681,5394493100,,0.572990924843575
2021-12-22,sh000903,4800.143,4813.763,4772.967,4785.6,4788.965,4950551000,,-0.070265704593786
2021-12-23,sh000903,4796.247,4825.841,4772.319,4825.841,4785.6,5292096000,,0.8408767970578435
2021-12-24,sh000903,4829.913,4843.837,4787.347,4805.849,4825.841,5538245000,,-0.4142697614778479
2021-12-27,sh000903,4801.126,4819.225,4775.408,4798.758,4805.849,4944017100,,-0.1475493716094789
2021-12-28,sh000903,4802.734,4839.652,4798.095,4834.706,4798.758,5538253800,,0.7491104990082986
2021-12-29,sh000903,4839.83,4839.83,4747.921,4747.921,4834.706,4719248900,,-1.79504193222918
2021-12-30,sh000903,4747.58,4801.104,4741.519,4780.37,4747.921,5127074800,,0.6834359712387661
2021-12-31,sh000903,4797.011,4808.627,4775.769,4792.914,4780.37,4902991800,,0.26240646644506427
2022-01-04,sh000903,4812.636,4816.784,4726.518,4779.484,4792.914,6625640600,,-0.2802053197699661
2022-01-05,sh000903,4767.905,4799.211,4735.609,4751.671,4779.484,8447827800,,-0.5819247433405006
2022-01-06,sh000903,4728.145,4741.612,4665.314,4687.435,4751.671,6777993000,,-1.3518612715400558
2022-01-07,sh000903,4696.805,4731.957,4693.203,4704.756,4687.435,8746615300,,0.36951979067443297
2022-01-10,sh000903,4692.188,4727.875,4661.737,4724.546,4704.756,7137175000,,0.42063817974831164
2022-01-11,sh000903,4719.531,4737.548,4681.27,4686.557,4724.546,6689050700,,-0.8040772594869572
2022-01-12,sh000903,4708.739,4737.945,4698.976,4729.634,4686.557,6605854100,,0.9191609106642629
2022-01-13,sh000903,4740.767,4743.002,4653.522,4654.331,4729.634,6761986800,,-1.5921527966011761
2022-01-14,sh000903,4632.815,4648.661,4603.948,4605.955,4654.331,6927155000,,-1.0393760134378094
2022-01-17,sh000903,4610.583,4649.877,4606.423,4640.948,4605.955,5245979000,,0.7597338662666209
2022-01-18,sh000903,4641.11,4701.368,4620.811,4689.738,4640.948,6763899300,,1.0512938304846342
2022-01-19,sh000903,4699.196,4711.335,4642.279,4667.311,4689.738,6136520500,,-0.4782143480083656
2022-01-20,sh000903,4662.577,4755.3,4662.078,4732.763,4667.311,8030353500,,1.4023492327809306
2022-01-21,sh000903,4718.094,4730.238,4674.951,4697.35,4732.763,6531685300,,-0.7482521309433721
2022-01-24,sh000903,4671.676,4708.506,4656.891,4691.644,4697.35,5507324600,,-0.12147274527127827
2022-01-25,sh000903,4663.053,4680.391,4592.263,4592.527,4691.644,6196909100,,-2.112628323888177
2022-01-26,sh000903,4613.055,4633.553,4569.333,4632.751,4592.527,4889562600,,0.8758576705156118
2022-01-27,sh000903,4628.3,4629.148,4542.904,4546.824,4632.751,5812711100,,-1.8547726825810518
2022-01-28,sh000903,4570.006,4588.475,4480.62,4486.907,4546.824,6315807700,,-1.3177769801514083
2022-02-07,sh000903,4563.627,4591.474,4533.39,4555.244,4486.907,6860017600,,1.5230313443091115
2022-02-08,sh000903,4546.312,4546.312,4443.511,4528.418,4555.244,7748464400,,-0.5889036899011324
2022-02-09,sh000903,4529.254,4581.03,4520.517,4571.598,4528.418,7259356600,,0.953533883135349
2022-02-10,sh000903,4578.01,4578.01,4523.092,4556.184,4571.598,6930610400,,-0.3371687536830592
2022-02-11,sh000903,4533.888,4583.154,4523.81,4529.475,4556.184,8012010600,,-0.5862142529801218
2022-02-14,sh000903,4509.809,4522.132,4461.624,4481.546,4529.475,7468157500,,-1.0581579542882968
2022-02-15,sh000903,4482.325,4522.285,4477.939,4518.659,4481.546,5819524100,,0.8281293999882866
2022-02-16,sh000903,4538.049,4562.316,4528.7,4538.843,4518.659,4849559200,,0.4466811945756488
2022-02-17,sh000903,4539.631,4566.85,4530.544,4544.57,4538.843,4855423100,,0.12617753026487044
2022-02-18,sh000903,4521.132,4569.016,4515.281,4568.995,4544.57,4758433900,,0.5374545886629667
2022-02-21,sh000903,4559.251,4559.251,4521.639,4542.348,4568.995,5496428900,,-0.5832135951122752
2022-02-22,sh000903,4506.772,4506.981,4450.301,4475.701,4542.348,5770214400,,-1.46723676829692
2022-02-23,sh000903,4486.542,4513.552,4472.253,4510.907,4475.701,5880963300,,0.7866030371555199
2022-02-24,sh000903,4478.651,4490.783,4381.59,4416.916,4510.907,8718481600,,-2.0836386119243877
2022-02-25,sh000903,4451.564,4494.645,4445.024,4454.518,4416.916,6516460000,,0.851317978426569
2022-02-28,sh000903,4441.777,4460.567,4410.634,4460.567,4454.518,6193129400,,0.13579471448987857
2022-03-01,sh000903,4478.808,4513.668,4471.658,4509.605,4460.567,5571919700,,1.0993669638859727
2022-03-02,sh000903,4482.061,4482.185,4446.673,4460.732,4509.605,5248735500,,-1.0837534551252137
2022-03-03,sh000903,4477.681,4482.219,4430.481,4437.325,4460.732,6590276900,,-0.5247345054578467
2022-03-04,sh000903,4395.368,4410.945,4359.544,4373.443,4437.325,5964790400,,-1.4396511411717605
2022-03-07,sh000903,4331.787,4331.787,4212.39,4225.539,4373.443,7868858700,,-3.38186641508762
2022-03-08,sh000903,4239.692,4262.531,4146.128,4161.933,4225.539,7803175100,,-1.5052754216680952
2022-03-09,sh000903,4177.976,4204.511,3981.132,4132.347,4161.933,9372906100,,-0.7108716070153065
2022-03-10,sh000903,4231.025,4235.895,4187.704,4191.86,4132.347,7051171600,,1.44017431256378
2022-03-11,sh000903,4133.719,4212.29,4075.467,4201.465,4191.86,7379180400,,0.22913456079163286
2022-03-14,sh000903,4136.926,4165.907,4059.339,4059.339,4201.465,6270136500,,-3.382772437709236
2022-03-15,sh000903,4008.724,4042.557,3870.991,3870.991,4059.339,10293229900,,-4.63986870768861
2022-03-16,sh000903,3938.229,4060.315,3841.392,4046.603,3870.991,9884643900,,4.536616075831756
2022-03-17,sh000903,4135.591,4195.864,4109.748,4134.266,4046.603,8801597700,,2.1663355659055084
2022-03-18,sh000903,4116.322,4186.141,4089.286,4165.328,4134.266,7911207000,,0.7513304659158448
2022-03-21,sh000903,4183.009,4183.009,4113.229,4142.035,4165.328,6194979300,,-0.5592116635232736
2022-03-22,sh000903,4139.584,4172.99,4123.754,4145.91,4142.035,6003413000,,0.09355304819973487
2022-03-23,sh000903,4162.084,4182.259,4133.066,4168.983,4145.91,5446997400,,0.5565243818606902
2022-03-24,sh000903,4142.764,4167.261,4113.499,4145.968,4168.983,5033493800,,-0.5520531026391939
2022-03-25,sh000903,4141.542,4150.507,4067.223,4068.352,4145.968,5122430300,,-1.872083913816991
2022-03-28,sh000903,4021.489,4067.415,3983.387,4044.32,4068.352,5908040400,,-0.5907060156053245
2022-03-29,sh000903,4048.738,4073.798,4018.978,4028.301,4044.32,4693388800,,-0.3960863630968925
2022-03-30,sh000903,4058.641,4153.818,4058.523,4153.818,4028.301,6938280000,,3.115879374455899
2022-03-31,sh000903,4132.559,4148.623,4114.092,4131.757,4153.818,6615041500,,-0.5311017478377922
2022-04-01,sh000903,4112.068,4210.098,4101.79,4196.458,4131.757,6935488200,,1.5659439797645502
2022-04-06,sh000903,4172.318,4198.982,4159.966,4185.697,4196.458,8199835000,,-0.25643054213814187
2022-04-07,sh000903,4161.838,4200.51,4130.216,4138.193,4185.697,6698509700,,-1.134912536669519
2022-04-08,sh000903,4141.194,4170.302,4114.92,4163.04,4138.193,6667679000,,0.6004311543710061
2022-04-11,sh000903,4134.136,4134.136,4036.399,4046.467,4163.04,7015597300,,-2.8001892847534515
2022-04-12,sh000903,4055.289,4128.969,4028.699,4128.969,4046.467,6878298800,,2.0388650148388754
2022-04-13,sh000903,4105.778,4155.049,4091.905,4102.753,4128.969,5905778200,,-0.6349284773026986
2022-04-14,sh000903,4137.34,4181.544,4121.363,4153.462,4102.753,5981522900,,1.2359749660776798
2022-04-15,sh000903,4123.291,4168.181,4113.918,4148.163,4153.462,5677781000,,-0.1275803173352963
2022-04-18,sh000903,4112.189,4117.332,4076.404,4106.902,4148.163,5565688100,,-0.994681260114405
2022-04-19,sh000903,4103.686,4131.364,4054.772,4076.206,4106.902,5419352900,,-0.7474247011494239
2022-04-20,sh000903,4069.258,4074.674,4005.12,4014.788,4076.206,5638137200,,-1.5067442616982563
2022-04-21,sh000903,3994.625,4031.311,3937.177,3956.89,4014.788,6586923500,,-1.4421184879500504
2022-04-22,sh000903,3927.935,4009.029,3920.191,3989.568,3956.89,6335166000,,0.8258506048942627
2022-04-25,sh000903,3903.895,3934.978,3805.003,3805.47,3989.568,8592416500,,-4.614484575773625
2022-04-26,sh000903,3810.077,3872.315,3782.395,3794.121,3805.47,7662822200,,-0.29822860251164096
2022-04-27,sh000903,3775.454,3891.871,3775.079,3891.871,3794.121,8347435000,,2.576354312369067
2022-04-28,sh000903,3881.788,3937.869,3873.956,3921.866,3891.871,7539661700,,0.7707089983198356
2022-04-29,sh000903,3937.236,4004.583,3886.274,3995.523,3921.866,9046304700,,1.8781110828365977
2022-05-05,sh000903,3971.351,4006.258,3963.075,3976.807,3995.523,7780631400,,-0.46842428387974255
2022-05-06,sh000903,3901.541,3915.175,3867.341,3873.322,3976.807,5952188700,,-2.6022132831691303
2022-05-09,sh000903,3847.634,3872.357,3810.149,3833.841,3873.322,4316438700,,-1.0193059084682377
2022-05-10,sh000903,3776.177,3886.041,3760.274,3870.485,3833.841,6700952900,,0.9558038531071178
2022-05-11,sh000903,3867.167,3969.698,3865.359,3922.135,3870.485,7739893000,,1.3344580847103105
2022-05-12,sh000903,3896.4,3926.679,3880.658,3899.038,3922.135,5131300900,,-0.5888884497856406
2022-05-13,sh000903,3927.657,3948.098,3901.439,3932.178,3899.038,5264557900,,0.8499532448773328
2022-05-16,sh000903,3958.905,3961.657,3888.309,3899.522,3932.178,5380502100,,-0.8304812244003146
2022-05-17,sh000903,3909.741,3951.688,3903.88,3951.688,3899.522,5178887900,,1.3377537041719512
2022-05-18,sh000903,3961.067,3961.067,3899.488,3932.185,3951.688,4910477700,,-0.4935359269254036
2022-05-19,sh000903,3880.795,3932.107,3877.263,3928.766,3932.185,5200403700,,-0.08694911353356316
2022-05-20,sh000903,3952.722,4015.313,3952.669,4014.768,3928.766,6983825400,,2.1890334013275448
2022-05-23,sh000903,4017.691,4017.691,3955.508,3974.483,4014.768,5555402000,,-1.0034203719866186
2022-05-24,sh000903,3972.626,3972.626,3890.458,3890.53,3974.483,6097166600,,-2.1122998890673372
2022-05-25,sh000903,3894.977,3910.481,3877.927,3906.754,3890.53,4508227100,,0.417012592114685
2022-05-26,sh000903,3911.877,3935.746,3864.91,3911.586,3906.754,5692682000,,0.12368324189340196
2022-05-27,sh000903,3946.129,3978.257,3913.975,3929.487,3911.586,5524164900,,0.4576404558151115
2022-05-30,sh000903,3950.49,3972.165,3938.585,3956.215,3929.487,5495516000,,0.6801905694051147
2022-05-31,sh000903,3959.788,4022.614,3947.869,4017.17,3956.215,6625852000,,1.540740328824386
2022-06-01,sh000903,4014.496,4019.179,3987.257,4008.639,4017.17,5283440500,,-0.2123634299768251
2022-06-02,sh000903,3988.378,4005.845,3983.825,4001.991,4008.639,4884491400,,-0.1658418231225145
2022-06-06,sh000903,4006.29,4073.094,3974.732,4072.254,4001.991,8123093600,,1.7557010997775846
2022-06-07,sh000903,4071.801,4110.369,4061.925,4092.739,4072.254,6776420600,,0.5030383664673233
2022-06-08,sh000903,4104.163,4138.749,4078.445,4138.21,4092.739,6870208100,,1.111016363369366
2022-06-09,sh000903,4130.83,4148.697,4088.763,4101.276,4138.21,7475037900,,-0.8925114965166125
2022-06-10,sh000903,4070.709,4160.947,4064.595,4157.666,4101.276,8090801300,,1.3749379461416522
2022-06-13,sh000903,4109.687,4133.896,4072.847,4105.278,4157.666,8053500000,,-1.2600338747749351
2022-06-14,sh000903,4058.695,4125.457,4015.568,4124.243,4105.278,8005490400,,0.46196627853216654
2022-06-15,sh000903,4129.194,4246.377,4128.988,4178.121,4124.243,11560280300,,1.306373072585676
2022-06-16,sh000903,4187.411,4211.315,4146.281,4156.071,4178.121,8371256100,,-0.5277491963492698
2022-06-17,sh000903,4125.86,4239.425,4124.216,4228.665,4156.071,7458347800,,1.7466977825932206
2022-06-20,sh000903,4244.013,4286.466,4216.935,4247.406,4228.665,8319334900,,0.4431895172589906
2022-06-21,sh000903,4246.569,4273.531,4203.286,4242.401,4247.406,8440298100,,-0.11783662781471582
2022-06-22,sh000903,4252.528,4253.18,4184.248,4186.02,4242.401,9063728100,,-1.3289879952413597
2022-06-23,sh000903,4194.329,4255.173,4171.312,4255.173,4186.02,9410962300,,1.6519987959923599
2022-06-24,sh000903,4270.877,4327.735,4261.77,4324.272,4255.173,9133296600,,1.623882272236643
2022-06-27,sh000903,4344.959,4395.263,4340.007,4362.569,4324.272,9329711000,,0.8856288411089874
2022-06-28,sh000903,4361.8,4416.624,4320.502,4409.137,4362.569,9323187100,,1.067444434689735
2022-06-29,sh000903,4392.495,4425.712,4331.706,4339.736,4409.137,9128341400,,-1.5740268447090644
2022-06-30,sh000903,4334.107,4438.747,4334.107,4406.01,4339.736,7420843600,,1.527143586614499
2022-07-01,sh000903,4414.916,4428.278,4372.24,4391.855,4406.01,7111636300,,-0.32126572567925393
2022-07-04,sh000903,4365.189,4421.781,4349.9,4421.749,4391.855,6924236100,,0.6806691022358535
2022-07-05,sh000903,4434.253,4461.845,4369.345,4422.657,4421.749,8016021600,,0.0205348607530631
2022-07-06,sh000903,4408.075,4414.649,4317.117,4348.302,4422.657,7711215000,,-1.681229179653776
2022-07-07,sh000903,4354.31,4391.593,4321.444,4375.199,4348.302,6910868300,,0.6185632920620465
2022-07-08,sh000903,4404.357,4417.667,4355.297,4357.543,4375.199,6274789000,,-0.40354735864586155
2022-07-11,sh000903,4335.248,4335.248,4250.623,4275.921,4357.543,6905181600,,-1.873119783327426
2022-07-12,sh000903,4276.659,4292.605,4214.581,4233.943,4275.921,5776295300,,-0.9817300179306376
2022-07-13,sh000903,4233.933,4270.51,4206.543,4251.641,4233.943,5870580700,,0.41800279314103683
2022-07-14,sh000903,4242.359,4290.837,4227.43,4257.887,4251.641,6476795000,,0.14690798211796086
2022-07-15,sh000903,4233.683,4280.492,4180.954,4180.954,4257.887,7119407900,,-1.8068351743482203
2022-07-18,sh000903,4199.833,4239.986,4148.545,4231.731,4180.954,6242255500,,1.214483584368553
2022-07-19,sh000903,4228.138,4228.138,4165.051,4193.802,4231.731,5171560900,,-0.8962998829556978
2022-07-20,sh000903,4219.437,4228.276,4189.399,4202.097,4193.802,4375998300,,0.19779188430928407
2022-07-21,sh000903,4186.255,4198.575,4153.871,4154.041,4202.097,5870007200,,-1.1436194833198687
2022-07-22,sh000903,4172.706,4198.631,4126.935,4158.776,4154.041,5155227400,,0.11398539398141949
2022-07-25,sh000903,4154.27,4158.898,4120.693,4131.474,4158.776,4080244200,,-0.6564912368446807
2022-07-26,sh000903,4138.55,4175.824,4130.032,4160.392,4131.474,4098837000,,0.6999438941162284
2022-07-27,sh000903,4150.282,4152.459,4124.415,4133.954,4160.392,3837891200,,-0.6354689654244128
2022-07-28,sh000903,4153.142,4181.391,4130.481,4132.577,4133.954,5293761800,,-0.03330951432937157
2022-07-29,sh000903,4137.216,4160.961,4073.444,4082.16,4132.577,5526039600,,-1.2199893674092577
2022-08-01,sh000903,4072.778,4112.322,4039.252,4103.411,4082.16,5073198200,,0.520582240774492
2022-08-02,sh000903,4057.47,4057.47,3986.002,4021.806,4103.411,6801006700,,-1.988711342831606
2022-08-03,sh000903,4029.739,4067.307,3966.05,3977.27,4021.806,5562265800,,-1.1073632094636077
2022-08-04,sh000903,4000.162,4022.911,3978.232,4014.158,3977.27,4192653500,,0.9274703502653914
2022-08-05,sh000903,4021.456,4071.111,4007.529,4067.451,4014.158,4987734100,,1.3276258682393793
2022-08-08,sh000903,4049.286,4060.93,4038.827,4054.709,4067.451,4268340100,,-0.3132674493189991
2022-08-09,sh000903,4051.215,4079.161,4037.317,4072.465,4054.709,4139799400,,0.4379105874182443
2022-08-10,sh000903,4065.878,4074.16,4005.471,4024.291,4072.465,4359040200,,-1.1829199268747592
2022-08-11,sh000903,4046.235,4109.152,4029.848,4108.35,4024.291,5619678400,,2.0887902987134943
2022-08-12,sh000903,4100.901,4117.751,4089.991,4107.395,4108.35,4795493900,,-0.023245341803890263
2022-08-15,sh000903,4099.19,4148.309,4095.125,4115.992,4107.395,5231039700,,0.20930541133734604
2022-08-16,sh000903,4121.506,4140.124,4098.239,4105.466,4115.992,4656718500,,-0.2557342191141232
2022-08-17,sh000903,4111.008,4153.678,4082.264,4146.801,4105.466,5309429800,,1.00682845747595
2022-08-18,sh000903,4136.643,4143.564,4104.095,4108.9,4146.801,4598545900,,-0.9139816451283922
2022-08-19,sh000903,4106.929,4110.409,4079.149,4079.624,4108.9,5529811100,,-0.7125021295237177
2022-08-22,sh000903,4065.997,4116.625,4061.421,4113.16,4079.624,5251567000,,0.8220365406223618
2022-08-23,sh000903,4107.138,4121.071,4079.175,4093.341,4113.16,4486155500,,-0.48184364333019314
2022-08-24,sh000903,4106.197,4109.86,4004.456,4008.988,4093.341,5574525400,,-2.0607371826583676
2022-08-25,sh000903,4019.479,4040.794,3976.009,4037.392,4008.988,5412517800,,0.708507982563189
2022-08-26,sh000903,4050.586,4054.434,4019.395,4023.961,4037.392,4646716800,,-0.332665245287056
2022-08-29,sh000903,3978.891,4010.903,3974.171,4007.995,4023.961,4286813900,,-0.3967732291639936
2022-08-30,sh000903,4006.117,4009.514,3959.46,3987.166,4007.995,4451729600,,-0.5196862770537325
2022-08-31,sh000903,3964.454,4022.593,3954.988,3990.649,3987.166,6402228300,,0.08735527941399202
2022-09-01,sh000903,3977.763,4004.534,3949.88,3952.535,3990.649,4656033600,,-0.9550827446863863
2022-09-02,sh000903,3965.848,3966.827,3912.695,3932.13,3952.535,3846401500,,-0.5162509629895728
2022-09-05,sh000903,3916.456,3925.079,3889.312,3921.128,3932.13,4401959100,,-0.2797974634612732
2022-09-06,sh000903,3929.539,3953.316,3907.452,3951.33,3921.128,5075614700,,0.7702375438904285
2022-09-07,sh000903,3929.124,3968.879,3925.326,3956.882,3951.33,4999785000,,0.14050965118075354
2022-09-08,sh000903,3960.801,3968.338,3931.058,3932.753,3956.882,4375745200,,-0.6097983210012314
2022-09-09,sh000903,3948.971,4000.415,3939.413,3995.321,3932.753,5353945300,,1.5909465964427438
2022-09-13,sh000903,4015.972,4028.332,3997.163,4012.61,3995.321,4863621700,,0.4327311873063566
2022-09-14,sh000903,3959.811,3988.749,3945.002,3962.915,4012.61,4234829800,,-1.2384707210518875
2022-09-15,sh000903,3975.852,3984.678,3895.923,3923.764,3962.915,5752866400,,-0.9879343866825319
2022-09-16,sh000903,3909.724,3916.105,3835.045,3835.205,3923.764,6551053000,,-2.2569909913032538
2022-09-19,sh000903,3829.926,3859.987,3815.165,3832.642,3835.205,4699874500,,-0.066828239950667
2022-09-20,sh000903,3849.504,3861.42,3823.788,3835.135,3832.642,4085155500,,0.06504651360603741
2022-09-21,sh000903,3822.878,3823.55,3782.62,3797.653,3835.135,4241814000,,-0.9773319583274209
2022-09-22,sh000903,3766.662,3789.962,3748.263,3757.803,3797.653,4102464700,,-1.0493323112985786
2022-09-23,sh000903,3754.548,3777.342,3720.233,3745.701,3757.803,4623030700,,-0.3220498786125847
2022-09-26,sh000903,3717.26,3787.033,3715.835,3731.965,3745.701,5278022300,,-0.36671373395793516
2022-09-27,sh000903,3739.389,3785.233,3720.774,3784.035,3731.965,4437534100,,1.395243524523937
2022-09-28,sh000903,3771.089,3771.089,3712.158,3713.457,3784.035,4260692600,,-1.865151881523297
2022-09-29,sh000903,3751.973,3760.829,3702.986,3720.899,3713.457,4254419200,,0.20040625217956354
2022-09-30,sh000903,3729.888,3742.017,3692.142,3697.861,3720.899,3974193600,,-0.6191514470024639
2022-10-10,sh000903,3708.039,3708.116,3613.08,3618.585,3697.861,4867255200,,-2.1438339623906844
2022-10-11,sh000903,3632.377,3641.84,3611.317,3632.025,3618.585,3971995200,,0.3714158987560001
2022-10-12,sh000903,3625.66,3686.641,3560.664,3686.577,3632.025,5854874000,,1.5019720403906867
2022-10-13,sh000903,3654.816,3676.496,3639.302,3644.117,3686.577,5131484700,,-1.1517459149774978
2022-10-14,sh000903,3679.095,3765.694,3674.362,3743.408,3644.117,6043748900,,2.724692977750154
2022-10-17,sh000903,3720.892,3751.265,3706.715,3747.885,3743.408,5471267800,,0.11959690207425933
2022-10-18,sh000903,3769.964,3772.41,3731.896,3738.576,3747.885,4220803900,,-0.24838008636871578
2022-10-19,sh000903,3728.685,3744.207,3676.013,3676.013,3738.576,4062021000,,-1.6734446484436893
2022-10-20,sh000903,3640.821,3696.899,3617.261,3646.718,3676.013,4174719200,,-0.7969231882477001
2022-10-21,sh000903,3640.725,3657.623,3611.101,3631.406,3646.718,4140919200,,-0.4198844001647495
2022-10-24,sh000903,3609.881,3646.533,3502.897,3517.328,3631.406,5994527600,,-3.1414278656806793
2022-10-25,sh000903,3506.188,3553.471,3476.357,3507.456,3517.328,5100770800,,-0.2806675976764095
2022-10-26,sh000903,3514.663,3581.648,3512.818,3533.722,3507.456,5853821200,,0.7488618531493962
2022-10-27,sh000903,3548.842,3567.526,3506.81,3509.07,3533.722,5560466600,,-0.6976213748563165
2022-10-28,sh000903,3481.879,3492.135,3398.544,3406.494,3509.07,5598261400,,-2.923167676905847
2022-10-31,sh000903,3366.983,3422.419,3362.738,3374.865,3406.494,6858308400,,-0.9284912875231921
2022-11-01,sh000903,3387.407,3506.671,3381.902,3506.671,3374.865,7273973700,,3.9055191837303216
2022-11-02,sh000903,3495.251,3573.596,3483.154,3549.445,3506.671,6917756700,,1.2197893671804572
2022-11-03,sh000903,3517.475,3543.585,3495.505,3515.02,3549.445,5876634700,,-0.9698699374127595
2022-11-04,sh000903,3514.671,3653.362,3514.671,3638.341,3515.02,7529818800,,3.5084010901787144
2022-11-07,sh000903,3628.087,3671.419,3622.291,3651.155,3638.341,6998654100,,0.35219348598716227
2022-11-08,sh000903,3651.194,3660.048,3599.871,3627.883,3651.155,5151118400,,-0.6373873472914848
2022-11-09,sh000903,3629.278,3638.658,3583.927,3587.584,3627.883,4583833900,,-1.1108131105661334
2022-11-10,sh000903,3554.813,3565.994,3527.406,3548.628,3587.584,5677518200,,-1.0858561081775298
2022-11-11,sh000903,3657.454,3699.912,3616.766,3660.151,3548.628,10068475100,,3.1427075478184685
2022-11-14,sh000903,3697.682,3726.901,3655.26,3667.924,3660.151,8375361500,,0.2123682875378785
2022-11-15,sh000903,3664.803,3746.802,3646.694,3743.176,3667.924,7390745400,,2.051623752291487
2022-11-16,sh000903,3740.054,3753.563,3707.787,3712.8,3743.176,5983519100,,-0.8115033864290577
2022-11-17,sh000903,3701.903,3701.903,3648.491,3689.946,3712.8,5398947400,,-0.6155462184874061
2022-11-18,sh000903,3697.203,3717.046,3678.429,3678.471,3689.946,5632628200,,-0.31098016068528134
2022-11-21,sh000903,3645.83,3647.906,3610.501,3646.225,3678.471,4700347600,,-0.8766142236815266
2022-11-22,sh000903,3643.144,3683.673,3624.956,3641.446,3646.225,6301821900,,-0.13106706250985978
2022-11-23,sh000903,3629.09,3663.109,3622.209,3643.461,3641.446,6175707400,,0.05533516081248635
2022-11-24,sh000903,3664.136,3677.269,3621.531,3627.126,3643.461,4377184900,,-0.4483374461809686
2022-11-25,sh000903,3621.589,3660.852,3613.437,3645.08,3627.126,6710139800,,0.4949924540807116
2022-11-28,sh000903,3567.931,3600.753,3535.034,3596.58,3645.08,5875786600,,-1.330560646131218
2022-11-29,sh000903,3636.456,3721.409,3634.257,3713.573,3596.58,7535296300,,3.2528958065717983
2022-11-30,sh000903,3700.679,3729.545,3697.534,3718.275,3713.573,7110339000,,0.12661660347057513
2022-12-01,sh000903,3789.192,3811.829,3764.406,3765.515,3718.275,8306966300,,1.2704816077347525
2022-12-02,sh000903,3756.956,3769.389,3737.258,3740.759,3765.515,5575301000,,-0.6574399517728646
2022-12-05,sh000903,3773.709,3809.073,3763.791,3808.105,3740.759,9873431900,,1.800329826112823
2022-12-06,sh000903,3790.665,3845.952,3784.854,3829.917,3808.105,7274937600,,0.572778324127099
2022-12-07,sh000903,3818.241,3866.956,3812.728,3826.319,3829.917,6752248100,,-0.0939445946217643
2022-12-08,sh000903,3820.97,3839.818,3808.112,3826.49,3826.319,5171842700,,0.004469047144262106
2022-12-09,sh000903,3831.088,3876.237,3817.589,3871.541,3826.49,7289157300,,1.1773452955580854
2022-12-12,sh000903,3847.587,3862.928,3829.538,3832.715,3871.541,5885911500,,-1.002856485311665
2022-12-13,sh000903,3833.594,3838.183,3812.805,3817.48,3832.715,4760569900,,-0.3974989009096763
2022-12-14,sh000903,3823.675,3838.15,3804.455,3820.719,3817.48,4916292500,,0.08484654798452951
2022-12-15,sh000903,3822.129,3833.74,3795.939,3827.644,3820.719,4390564600,,0.18124860791908226
2022-12-16,sh000903,3806.157,3831.691,3800.974,3825.825,3827.644,4261878000,,-0.04752270587338181
2022-12-19,sh000903,3824.745,3840.49,3757.271,3773.023,3825.825,5122258600,,-1.3801467657302613
2022-12-20,sh000903,3759.047,3759.047,3688.416,3706.909,3773.023,3889696000,,-1.7522819235398224
2022-12-21,sh000903,3715.018,3731.225,3700.115,3708.802,3706.909,3129539100,,0.051066805254729175
2022-12-22,sh000903,3740.105,3757.064,3698.127,3712.529,3708.802,4148428200,,0.10049067057231742
2022-12-23,sh000903,3688.322,3725.917,3679.326,3706.018,3712.529,3296262700,,-0.1753791014157735
2022-12-26,sh000903,3707.838,3734.027,3705.618,3720.569,3706.018,3456235300,,0.39263166018081996
2022-12-27,sh000903,3735.657,3762.112,3729.811,3757.818,3720.569,3517163000,,1.0011640692592971
2022-12-28,sh000903,3743.923,3751.446,3718.761,3740.21,3757.818,3871298700,,-0.468569792363549
2022-12-29,sh000903,3721.407,3738.306,3707.106,3726.385,3740.21,3845024800,,-0.3696316516986986
2022-12-30,sh000903,3744.872,3760.0,3735.099,3735.099,3726.385,3546853700,,0.2338459391608705
2023-01-03,sh000903,3728.936,3766.564,3697.208,3759.044,3735.099,5365451700,,0.6410807317289269
2023-01-04,sh000903,3757.808,3775.963,3740.235,3760.334,3759.044,5271026300,,0.034317235978087446
2023-01-05,sh000903,3783.116,3849.816,3782.024,3844.84,3760.334,5890521200,,2.247300372786043
2023-01-06,sh000903,3845.204,3883.132,3844.014,3859.628,3844.84,5808466900,,0.3846193859822433
2023-01-09,sh000903,3879.266,3901.726,3870.849,3890.096,3859.628,5672435000,,0.7894025020027895
2023-01-10,sh000903,3891.799,3911.89,3879.534,3898.045,3890.096,4496801400,,0.2043394301837198
2023-01-11,sh000903,3903.066,3929.725,3892.643,3894.522,3898.045,4867120900,,-0.09037863852264794
2023-01-12,sh000903,3908.565,3924.198,3892.97,3904.638,3894.522,4559012200,,0.25974946347715466
2023-01-13,sh000903,3924.519,3959.885,3917.845,3959.885,3904.638,4425007600,,1.4149070925397078
2023-01-16,sh000903,3960.46,4062.667,3958.686,4024.631,3959.885,6539282000,,1.6350474824395
2023-01-17,sh000903,4024.896,4036.714,4007.562,4024.699,4024.631,4478222400,,0.0016895958909080022
2023-01-18,sh000903,4029.366,4038.43,4012.758,4018.325,4024.699,4060712800,,-0.15837209192538504
2023-01-19,sh000903,4013.938,4046.892,3994.274,4046.892,4018.325,4877512600,,0.7109181064249404
2023-01-20,sh000903,4059.516,4089.906,4056.552,4079.364,4046.892,7019911100,,0.8023935405244265
2023-01-30,sh000903,4175.02,4175.02,4096.394,4100.818,4079.364,8722680300,,0.5259153142499695
2023-01-31,sh000903,4101.091,4114.768,4057.743,4062.439,4100.818,6447317400,,-0.9358864499717012
2023-02-01,sh000903,4079.179,4102.912,4047.448,4102.912,4062.439,7206600300,,0.9962734209670643
2023-02-02,sh000903,4112.211,4112.381,4077.299,4087.77,4102.912,6271482200,,-0.3690549541398913
2023-02-03,sh000903,4067.088,4067.088,4004.441,4044.148,4087.77,5886267700,,-1.0671344033543972
2023-02-06,sh000903,4003.506,4004.462,3960.436,3987.897,4044.148,5869106800,,-1.3909233786696285
2023-02-07,sh000903,3998.942,4006.949,3975.598,3991.255,3987.897,4417521600,,0.08420478262101128
2023-02-08,sh000903,3997.47,4011.43,3971.457,3976.057,3991.255,4302467900,,-0.38078248570938555
2023-02-09,sh000903,3964.611,4025.424,3961.039,4025.424,3976.057,4675197200,,1.2416069487937387
2023-02-10,sh000903,4017.213,4019.319,3982.399,3995.775,4025.424,4216978200,,-0.7365435293275935
2023-02-13,sh000903,3988.742,4036.529,3982.385,4034.046,3995.775,5460092800,,0.957786662161908
2023-02-14,sh000903,4044.033,4045.155,4012.438,4033.765,4034.046,4613102600,,-0.006965711347861614
2023-02-15,sh000903,4035.038,4044.48,4003.05,4010.714,4033.765,6548046400,,-0.5714512372436142
2023-02-16,sh000903,4013.95,4057.625,3959.524,3985.731,4010.714,8000299200,,-0.6229065448196902
2023-02-17,sh000903,3978.307,3994.065,3918.192,3919.838,3985.731,5788505300,,-1.6532224578126309
2023-02-20,sh000903,3921.107,4022.409,3918.096,4020.974,3919.838,8320091000,,2.580106626855505
2023-02-21,sh000903,4018.191,4045.61,4006.702,4035.854,4020.974,7703722100,,0.3700595925265837
2023-02-22,sh000903,4007.249,4018.531,3984.125,3989.199,4035.854,5476175000,,-1.156013076786222
2023-02-23,sh000903,3989.04,4014.682,3970.299,3986.202,3989.199,5150044700,,-0.0751278640148012
2023-02-24,sh000903,3981.447,3983.655,3926.655,3939.09,3986.202,5075378500,,-1.1818768843124383
2023-02-27,sh000903,3915.827,3940.774,3908.447,3915.941,3939.09,4632671000,,-0.5876738028326445
2023-02-28,sh000903,3931.899,3949.386,3898.759,3943.692,3915.941,5822920800,,0.7086674697090789
2023-03-01,sh000903,3942.542,4017.323,3936.054,4005.796,3943.692,7818856100,,1.5747680092664362
2023-03-02,sh000903,3997.665,4016.878,3989.331,3994.062,4005.796,7346208600,,-0.29292555087677696
2023-03-03,sh000903,4003.228,4011.383,3975.558,4003.182,3994.062,7409300600,,0.2283389691997817
2023-03-06,sh000903,4004.083,4005.874,3954.085,3983.103,4003.182,7569533100,,-0.5015759962949451
2023-03-07,sh000903,3976.099,3998.92,3919.383,3922.504,3983.103,9250282200,,-1.5214017814754066
2023-03-08,sh000903,3902.452,3910.323,3880.188,3903.373,3922.504,5654315300,,-0.4877241680314337
2023-03-09,sh000903,3904.462,3915.254,3871.853,3893.791,3903.373,5831878500,,-0.2454799989649925
2023-03-10,sh000903,3865.249,3880.107,3845.159,3846.178,3893.791,6063783100,,-1.22279290285483
2023-03-13,sh000903,3840.901,3887.514,3840.901,3885.938,3846.178,7459045100,,1.033753508027968
2023-03-14,sh000903,3877.331,3882.352,3824.736,3864.401,3885.938,7571244300,,-0.5542291204852057
2023-03-15,sh000903,3892.437,3901.11,3866.542,3866.77,3864.401,6718279400,,0.06130316186130358
2023-03-16,sh000903,3833.235,3854.109,3808.02,3810.968,3866.77,6953708200,,-1.4431166063665568
2023-03-17,sh000903,3845.886,3878.619,3817.622,3832.124,3810.968,8583228700,,0.5551345484926751
2023-03-20,sh000903,3835.458,3852.001,3804.563,3809.458,3832.124,9321042200,,-0.5914735535697657
2023-03-21,sh000903,3818.064,3858.801,3817.415,3858.399,3809.458,6453991700,,1.2847234435974908
2023-03-22,sh000903,3871.803,3893.618,3862.478,3877.005,3858.399,7327147500,,0.4822207345585694
2023-03-23,sh000903,3862.225,3909.31,3859.728,3909.31,3877.005,7736693400,,0.8332462816013964
2023-03-24,sh000903,3906.052,3906.052,3884.605,3895.137,3909.31,7772332000,,-0.3625447969078932
2023-03-27,sh000903,3890.534,3890.534,3858.487,3883.284,3895.137,8113370700,,-0.3043025187560833
2023-03-28,sh000903,3887.284,3893.828,3859.364,3864.109,3883.284,6434296300,,-0.4937830969869883
2023-03-29,sh000903,3880.47,3885.696,3862.707,3871.618,3864.109,6053301700,,0.19432681635016547
2023-03-30,sh000903,3874.308,3905.853,3851.192,3904.617,3871.618,7186983300,,0.8523309892660036
2023-03-31,sh000903,3914.934,3929.613,3906.335,3917.21,3904.617,6534416200,,0.32251562701284264
2023-04-03,sh000903,3926.909,3954.47,3918.026,3950.525,3917.21,8950538500,,0.85047776351026
2023-04-04,sh000903,3949.583,3952.001,3928.022,3951.032,3950.525,9575699000,,0.012833737288087121
2023-04-06,sh000903,3928.321,3947.731,3922.084,3945.889,3951.032,7366532700,,-0.13016852305929305
2023-04-07,sh000903,3948.565,3990.905,3947.586,3982.609,3945.889,6233213200,,0.9305887722639961
2023-04-10,sh000903,3993.569,3994.644,3965.528,3975.469,3982.609,7405446100,,-0.17927946228213365
2023-04-11,sh000903,3979.154,3988.691,3956.297,3972.795,3975.469,7316010900,,-0.0672625041221564
2023-04-12,sh000903,3974.718,3983.424,3964.791,3972.819,3972.795,8270348500,,0.0006041086942465412
2023-04-13,sh000903,3955.429,3959.19,3929.507,3939.532,3972.819,7040663300,,-0.8378685261019925
2023-04-14,sh000903,3949.847,3976.42,3948.064,3967.218,3939.532,6795194100,,0.7027738320186216
2023-04-17,sh000903,3963.184,4020.338,3960.155,4020.338,3967.218,8241357700,,1.3389735577929107
2023-04-18,sh000903,4008.195,4041.165,4007.137,4029.109,4020.338,7486854200,,0.2181657363137024
2023-04-19,sh000903,4028.594,4028.594,3986.432,3991.924,4029.109,7736125200,,-0.9229087622102061
2023-04-20,sh000903,3989.122,3989.876,3951.67,3969.974,3991.924,7604151600,,-0.5498601676785397
2023-04-21,sh000903,3973.983,3973.983,3891.565,3893.29,3969.974,8149228600,,-1.9315995520373774
2023-04-24,sh000903,3891.709,3893.986,3827.054,3842.194,3893.29,7754073200,,-1.3124118675978402
2023-04-25,sh000903,3843.761,3847.21,3775.411,3808.313,3842.194,7486885800,,-0.8818138802985986
2023-04-26,sh000903,3795.533,3834.199,3785.32,3818.71,3808.313,6879978700,,0.27300802218725995
2023-04-27,sh000903,3807.971,3862.104,3803.352,3850.993,3818.71,6359851200,,0.8453901972131916
2023-04-28,sh000903,3857.309,3886.577,3857.309,3886.025,3850.993,6871443600,,0.9096874494448626
2023-05-04,sh000903,3869.312,3882.188,3852.78,3872.062,3886.025,8796392200,,-0.35931317992036194
2023-05-05,sh000903,3874.409,3876.527,3826.505,3849.669,3872.062,7768500100,,-0.5783223512433433
2023-05-08,sh000903,3863.326,3884.794,3845.572,3880.583,3849.669,9129552800,,0.8030300786898925
2023-05-09,sh000903,3878.424,3898.223,3839.697,3841.337,3880.583,9598034500,,-1.0113428832729587
2023-05-10,sh000903,3833.597,3849.691,3818.925,3834.191,3841.337,7213619700,,-0.18602897897268544
2023-05-11,sh000903,3841.116,3849.332,3829.414,3830.722,3834.191,5385608000,,-0.09047540928450726
2023-05-12,sh000903,3829.689,3838.564,3776.484,3776.549,3830.722,6099774400,,-1.4141720542498293
2023-05-15,sh000903,3778.706,3836.51,3767.325,3836.51,3776.549,6837294500,,1.5877193702504622
2023-05-16,sh000903,3841.659,3841.659,3806.754,3818.482,3836.51,5029135200,,-0.46990624291348704
2023-05-17,sh000903,3812.897,3821.099,3786.878,3799.497,3818.482,4836287000,,-0.4971871020997387
2023-05-18,sh000903,3805.994,3814.161,3769.703,3784.587,3799.497,5131467900,,-0.3924203651167524
2023-05-19,sh000903,3772.223,3797.743,3756.475,3776.053,3784.587,4589293700,,-0.22549356112041563
2023-05-22,sh000903,3774.029,3818.761,3770.328,3805.228,3776.053,4256379700,,0.7726321637964384
2023-05-23,sh000903,3806.325,3810.119,3754.706,3754.706,3805.228,4869014900,,-1.3276996805447694
2023-05-24,sh000903,3747.806,3748.366,3706.088,3706.088,3754.706,5509720600,,-1.2948550432443917
2023-05-25,sh000903,3696.631,3706.573,3659.846,3689.265,3706.088,5445928600,,-0.4539287788093649
2023-05-26,sh000903,3686.551,3686.551,3645.482,3678.064,3689.265,4107924800,,-0.3036106107856207
2023-05-29,sh000903,3691.519,3694.981,3642.084,3656.391,3678.064,5650542100,,-0.5892502142431422
2023-05-30,sh000903,3651.103,3671.77,3615.874,3665.865,3656.391,6238978500,,0.2591079564521426
2023-05-31,sh000903,3653.34,3653.538,3602.659,3617.304,3665.865,5645693200,,-1.3246805324254929
2023-06-01,sh000903,3607.962,3659.927,3607.237,3634.332,3617.304,5626781600,,0.47073732260267676
2023-06-02,sh000903,3651.403,3703.998,3651.403,3700.655,3634.332,5464318700,,1.8249020727880705
2023-06-05,sh000903,3697.947,3697.992,3669.16,3679.955,3700.655,4628833500,,-0.5593604375441763
2023-06-06,sh000903,3676.194,3703.202,3644.715,3649.313,3679.955,5408509700,,-0.8326732256236813
2023-06-07,sh000903,3659.312,3665.936,3618.296,3626.072,3649.313,4218594000,,-0.6368595952169653
2023-06-08,sh000903,3630.711,3670.122,3617.638,3654.961,3626.072,4889811500,,0.7967023269256579
2023-06-09,sh000903,3657.737,3668.18,3642.27,3667.93,3654.961,6254705400,,0.3548327875454671
2023-06-12,sh000903,3657.237,3689.2,3645.07,3673.857,3667.93,5515103100,,0.1615897795214316
2023-06-13,sh000903,3667.214,3697.711,3660.367,3694.153,3673.857,4916084100,,0.5524439301801909
2023-06-14,sh000903,3704.486,3719.631,3691.225,3693.718,3694.153,5332316000,,-0.011775365016009065
2023-06-15,sh000903,3702.353,3766.041,3702.093,3766.041,3693.718,5677834800,,1.9580000422338761
2023-06-16,sh000903,3772.787,3810.094,3769.602,3805.516,3766.041,5978353500,,1.0481829592402292
2023-06-19,sh000903,3800.718,3800.718,3759.098,3766.253,3805.516,5760421900,,-1.031739191216119
2023-06-20,sh000903,3762.851,3779.09,3759.858,3765.978,3766.253,5209271500,,-0.00730168684897059
2023-06-21,sh000903,3752.584,3765.625,3709.217,3709.217,3765.978,5329606100,,-1.5072047685886658
2023-06-26,sh000903,3679.203,3696.846,3655.536,3667.427,3709.217,5840097800,,-1.1266528757956196
2023-06-27,sh000903,3669.699,3710.131,3665.564,3701.669,3667.427,5364475400,,0.9336791161759894
2023-06-28,sh000903,3693.141,3702.78,3664.755,3696.92,3701.669,4829830900,,-0.12829348058942536
2023-06-29,sh000903,3694.8,3699.391,3670.169,3675.464,3696.92,4463202400,,-0.5803750148772546
2023-06-30,sh000903,3667.098,3708.066,3661.731,3688.142,3675.464,4686377000,,0.34493604072844963
2023-07-03,sh000903,3702.247,3739.495,3701.079,3731.948,3688.142,6098286100,,1.1877525323048754
2023-07-04,sh000903,3728.354,3738.46,3719.274,3736.677,3731.948,4922544800,,0.12671666379060476
2023-07-05,sh000903,3732.871,3739.71,3707.378,3712.291,3736.677,4830201400,,-0.6526119330089286
2023-07-06,sh000903,3700.972,3719.466,3677.547,3683.27,3712.291,4950833600,,-0.7817544475904548
2023-07-07,sh000903,3671.515,3679.442,3654.359,3660.653,3683.27,5190975000,,-0.614046757365061
2023-07-10,sh000903,3677.357,3707.808,3674.71,3686.099,3660.653,4705945100,,0.6951218812599969
2023-07-11,sh000903,3697.254,3712.418,3686.44,3710.27,3686.099,4084809400,,0.6557338801806312
2023-07-12,sh000903,3707.303,3720.251,3686.081,3691.812,3710.27,5208961200,,-0.49748401059761527
2023-07-13,sh000903,3702.77,3741.363,3702.77,3739.309,3691.812,5611015000,,1.2865498026443545
2023-07-14,sh000903,3748.358,3753.823,3736.488,3742.27,3739.309,6130770400,,0.07918575330361222
2023-07-17,sh000903,3726.36,3726.36,3695.129,3709.614,3742.27,4840683000,,-0.8726254385707066
2023-07-18,sh000903,3715.441,3715.441,3686.285,3697.338,3709.614,3990216400,,-0.3309239182297641
2023-07-19,sh000903,3691.864,3704.407,3675.623,3694.752,3697.338,3618201800,,-0.06994221247828003
2023-07-20,sh000903,3702.13,3723.723,3668.738,3673.552,3694.752,4307910100,,-0.5737868197919549
2023-07-21,sh000903,3666.609,3696.752,3655.823,3669.032,3673.552,3924379400,,-0.12304167737383631
2023-07-24,sh000903,3647.663,3672.454,3641.512,3647.178,3669.032,3398492200,,-0.5956339437759084
2023-07-25,sh000903,3706.178,3755.991,3706.178,3755.991,3647.178,7079998700,,2.983484765481692
2023-07-26,sh000903,3748.912,3752.708,3735.609,3749.012,3755.991,4742257200,,-0.18580981690318188
2023-07-27,sh000903,3756.581,3772.03,3734.439,3741.805,3749.012,4678114800,,-0.19223731479121042
2023-07-28,sh000903,3730.032,3832.624,3727.094,3824.675,3741.805,7178935500,,2.214706538689226
2023-07-31,sh000903,3852.092,3891.106,3831.509,3843.6,3824.675,7820009000,,0.4948132847888864
2023-08-01,sh000903,3840.07,3859.617,3815.447,3829.384,3843.6,5974541600,,-0.3698615880944889
2023-08-02,sh000903,3818.912,3838.225,3792.103,3803.133,3829.384,5012037600,,-0.685514954885702
2023-08-03,sh000903,3793.023,3833.393,3792.884,3833.04,3803.133,5007377400,,0.78637796784915
2023-08-04,sh000903,3861.273,3881.388,3837.906,3846.545,3833.04,7131923500,,0.35233130883058905
2023-08-07,sh000903,3831.016,3831.016,3803.285,3816.264,3846.545,5196203800,,-0.7872259391219938
2023-08-08,sh000903,3809.495,3829.489,3792.481,3808.112,3816.264,4271080300,,-0.21361205618898316
2023-08-09,sh000903,3796.961,3813.862,3794.148,3799.303,3808.112,3839658100,,-0.2313219779250253
2023-08-10,sh000903,3794.51,3806.624,3773.741,3802.85,3799.303,3807288100,,0.09335922931126284
2023-08-11,sh000903,3807.183,3807.183,3715.503,3715.503,3802.85,5350938700,,-2.2968826012069843
2023-08-14,sh000903,3673.126,3690.862,3646.989,3687.747,3715.503,5042034300,,-0.7470320976729172
2023-08-15,sh000903,3689.042,3695.122,3640.938,3673.517,3687.747,4236688500,,-0.3858724581702555
2023-08-16,sh000903,3658.342,3673.554,3642.031,3642.67,3673.517,4007690200,,-0.8397130052753221
2023-08-17,sh000903,3626.676,3662.153,3606.282,3657.075,3642.67,3812710800,,0.3954516879102421
2023-08-18,sh000903,3655.979,3664.452,3608.529,3608.529,3657.075,3824992000,,-1.327454318000032
2023-08-21,sh000903,3595.879,3611.776,3561.97,3561.97,3608.529,4066072100,,-1.2902487412460917
2023-08-22,sh000903,3580.036,3598.484,3535.245,3584.393,3561.97,5877623700,,0.6295111974553569
2023-08-23,sh000903,3578.921,3582.746,3520.741,3522.383,3584.393,4488439300,,-1.7300000306886054
2023-08-24,sh000903,3538.086,3579.137,3531.556,3554.942,3522.383,5298825800,,0.9243458192933707
2023-08-25,sh000903,3537.207,3568.995,3529.804,3543.785,3554.942,4746043400,,-0.31384478284034456
2023-08-28,sh000903,3737.149,3737.149,3582.388,3594.867,3543.785,8199188800,,1.441453135559878
2023-08-29,sh000903,3587.65,3658.248,3586.989,3636.079,3594.867,6315438700,,1.1464123707497276
2023-08-30,sh000903,3653.147,3666.71,3634.415,3644.189,3636.079,5815105300,,0.22304245864843697
2023-08-31,sh000903,3644.964,3651.128,3620.695,3625.643,3644.189,4799039200,,-0.5089198172762099
2023-09-01,sh000903,3639.01,3667.994,3637.514,3649.713,3625.643,4534481800,,0.6638822410259371
2023-09-04,sh000903,3675.063,3713.915,3664.734,3707.814,3649.713,6450948800,,1.5919333931188495
2023-09-05,sh000903,3699.019,3699.544,3677.497,3683.2,3707.814,4415147200,,-0.663841282221822
2023-09-06,sh000903,3671.927,3678.361,3651.976,3672.11,3683.2,4035132000,,-0.3010968722849561
2023-09-07,sh000903,3661.91,3661.91,3614.591,3615.803,3672.11,4181834200,,-1.5333690984202564
2023-09-08,sh000903,3605.093,3610.382,3575.95,3588.598,3615.803,3062864900,,-0.7523916540807085
2023-09-11,sh000903,3589.193,3632.264,3583.272,3610.269,3588.598,4252049100,,0.6038848597697433
2023-09-12,sh000903,3607.64,3617.616,3597.026,3604.954,3610.269,3462366500,,-0.1472189468430085
2023-09-13,sh000903,3603.53,3613.95,3564.763,3581.947,3604.954,3780907500,,-0.638205092214772
2023-09-14,sh000903,3581.934,3594.116,3561.456,3576.89,3581.947,4196815800,,-0.1411802017171171
2023-09-15,sh000903,3583.666,3591.788,3542.114,3551.398,3576.89,4894312500,,-0.7126861603236279
2023-09-18,sh000903,3541.765,3586.217,3536.373,3574.563,3551.398,3884547100,,0.652278342219037
2023-09-19,sh000903,3570.252,3570.252,3547.576,3565.761,3574.563,3408130300,,-0.24623989002292568
2023-09-20,sh000903,3561.173,3562.336,3547.607,3549.481,3565.761,3180726100,,-0.45656453138613884
2023-09-21,sh000903,3540.817,3551.123,3514.545,3514.545,3549.481,3614572200,,-0.984256571594555
2023-09-22,sh000903,3516.517,3588.345,3506.645,3587.693,3514.545,4990367400,,2.081293595614797
2023-09-25,sh000903,3588.025,3588.025,3557.204,3560.991,3587.693,3792410100,,-0.7442665802230075
2023-09-26,sh000903,3555.554,3567.514,3532.059,3532.88,3560.991,3501300100,,-0.789415081363587
2023-09-27,sh000903,3534.249,3573.651,3533.461,3543.32,3532.88,3973707000,,0.29550961255406794
2023-09-28,sh000903,3555.169,3558.788,3523.709,3527.9,3543.32,3767947900,,-0.43518508065881756
2023-10-09,sh000903,3517.088,3532.553,3480.681,3523.684,3527.9,4512705300,,-0.11950452110319754
2023-10-10,sh000903,3534.973,3540.195,3497.855,3498.612,3523.684,4332198800,,-0.7115280484856212
2023-10-11,sh000903,3518.005,3536.36,3505.218,3514.662,3498.612,4435702100,,0.4587533570455937
2023-10-12,sh000903,3544.33,3558.838,3529.023,3547.939,3514.662,4637468500,,0.9468051266380728
2023-10-13,sh000903,3522.388,3522.388,3494.96,3506.599,3547.939,4032799200,,-1.165183505127898
2023-10-16,sh000903,3507.765,3507.765,3455.237,3465.798,3506.599,4128009700,,-1.1635490684848926
2023-10-17,sh000903,3476.585,3482.582,3459.317,3476.247,3465.798,3910827300,,0.3014890077263521
2023-10-18,sh000903,3471.117,3471.117,3450.531,3452.584,3476.247,4086865300,,-0.6807053699003585
2023-10-19,sh000903,3429.554,3430.021,3371.473,3373.139,3452.584,4666394900,,-2.3010301849281545
2023-10-20,sh000903,3357.28,3376.121,3341.693,3351.489,3373.139,4482510600,,-0.6418353942722166
2023-10-23,sh000903,3344.491,3347.842,3294.691,3319.513,3351.489,4391524500,,-0.9540833939780224
2023-10-24,sh000903,3328.182,3336.832,3295.193,3325.592,3319.513,5094754400,,0.1831292722757949
2023-10-25,sh000903,3362.225,3369.896,3334.962,3337.228,3325.592,6184377500,,0.34989259055229205
2023-10-26,sh000903,3318.482,3344.783,3307.807,3343.296,3337.228,4768287700,,0.18182755268743023
2023-10-27,sh000903,3329.791,3409.013,3324.156,3394.099,3343.296,5351511100,,1.5195483738203341
2023-10-30,sh000903,3386.487,3434.381,3385.964,3425.292,3394.099,6594312100,,0.9190362449651435
2023-10-31,sh000903,3418.599,3418.599,3390.279,3407.296,3425.292,5032296800,,-0.5253858649131304
2023-11-01,sh000903,3443.305,3444.284,3398.894,3406.122,3407.296,4617851200,,-0.0344554743702874
2023-11-02,sh000903,3417.65,3435.01,3391.849,3392.144,3406.122,4117862100,,-0.4103787239564505
2023-11-03,sh000903,3397.091,3433.344,3396.465,3423.777,3392.144,4570405600,,0.9325370621058537
2023-11-06,sh000903,3444.362,3477.705,3443.778,3473.81,3423.777,7335229600,,1.461339333724121
2023-11-07,sh000903,3465.459,3465.463,3441.914,3453.958,3473.81,4866093500,,-0.5714762753288083
2023-11-08,sh000903,3444.064,3463.942,3430.972,3448.799,3453.958,4862157400,,-0.1493648735740316
2023-11-09,sh000903,3438.83,3459.806,3436.465,3445.559,3448.799,4672524300,,-0.09394574749064244
2023-11-10,sh000903,3427.207,3430.116,3409.092,3418.505,3445.559,3965993900,,-0.7851846391253248
2023-11-13,sh000903,3426.169,3433.178,3394.28,3410.027,3418.505,4219596900,,-0.24800314757474906
2023-11-14,sh000903,3412.268,3427.995,3393.399,3405.521,3410.027,3966972000,,-0.13213971619578935
2023-11-15,sh000903,3442.023,3445.33,3422.718,3433.669,3405.521,4508959000,,0.8265401975204201
2023-11-16,sh000903,3427.766,3429.637,3395.211,3396.813,3433.669,3692590600,,-1.073370787923933
2023-11-17,sh000903,3384.22,3394.846,3367.353,3388.526,3396.813,3701556600,,-0.2439639744666655
2023-11-20,sh000903,3390.288,3407.834,3365.966,3395.279,3388.526,3825679800,,0.19929019284492533
2023-11-21,sh000903,3409.113,3434.826,3397.641,3402.567,3395.279,4618595900,,0.21465099038988633
2023-11-22,sh000903,3391.033,3395.212,3364.243,3364.243,3402.567,3847372400,,-1.1263260943869757
2023-11-23,sh000903,3360.757,3381.991,3347.63,3381.173,3364.243,3354227700,,0.5032335654707509
2023-11-24,sh000903,3381.41,3381.41,3352.258,3355.877,3381.173,3400669900,,-0.7481427303483112
2023-11-27,sh000903,3350.624,3350.624,3308.65,3326.223,3355.877,4137274400,,-0.8836438284239856
2023-11-28,sh000903,3323.859,3335.796,3315.165,3334.759,3326.223,3467284800,,0.25662741193239746
2023-11-29,sh000903,3335.526,3337.119,3300.411,3306.298,3334.759,3924842800,,-0.8534649730310373
2023-11-30,sh000903,3302.501,3322.391,3298.405,3311.357,3306.298,3986827800,,0.15301101110669624
2023-12-01,sh000903,3309.484,3309.484,3261.955,3294.342,3311.357,4693581100,,-0.5138376804433964
2023-12-04,sh000903,3291.848,3296.494,3268.38,3269.387,3294.342,4276503300,,-0.7575109080963593
2023-12-05,sh000903,3258.669,3258.669,3203.266,3203.717,3269.387,4422040500,,-2.008633422718087
2023-12-06,sh000903,3197.103,3234.135,3193.04,3213.231,3203.717,4811366100,,0.29696755362600413
2023-12-07,sh000903,3206.646,3217.079,3181.644,3202.401,3213.231,4146763100,,-0.33704392868114663
2023-12-08,sh000903,3203.909,3221.638,3194.986,3213.021,3202.401,5430390900,,0.33162617673427874
2023-12-11,sh000903,3191.334,3242.554,3165.4,3234.686,3213.021,6093527900,,0.6742875318897612
2023-12-12,sh000903,3225.725,3241.405,3221.69,3240.407,3234.686,4586801800,,0.17686415312028192
2023-12-13,sh000903,3231.125,3231.125,3183.574,3183.781,3240.407,4141912100,,-1.7474965336144566
2023-12-14,sh000903,3203.816,3215.476,3167.239,3168.895,3183.781,3737740200,,-0.4675572848760634
2023-12-15,sh000903,3185.32,3208.309,3159.134,3161.257,3168.895,4576612000,,-0.2410303907197875
2023-12-18,sh000903,3147.711,3170.209,3133.618,3148.192,3161.257,3908814900,,-0.41328496860584263
2023-12-19,sh000903,3143.978,3167.959,3132.95,3157.551,3148.192,3554995600,,0.29728174139316277
2023-12-20,sh000903,3155.738,3160.408,3125.102,3125.419,3157.551,4038820300,,-1.0176241017168075
2023-12-21,sh000903,3113.471,3171.574,3112.434,3162.973,3125.419,4738584800,,1.201566893910866
2023-12-22,sh000903,3160.589,3192.914,3147.984,3171.497,3162.973,5023857800,,0.2694932900154434
2023-12-25,sh000903,3164.659,3182.333,3161.703,3177.085,3171.497,3361484300,,0.17619439652631907
2023-12-26,sh000903,3175.217,3175.217,3148.897,3157.914,3177.085,3244142200,,-0.6034147654217614
2023-12-27,sh000903,3161.084,3176.523,3145.65,3170.446,3157.914,4436997100,,0.3968442459167498
2023-12-28,sh000903,3169.933,3258.126,3165.771,3250.629,3170.446,6756075000,,2.529076350772108
2023-12-29,sh000903,3248.01,3268.968,3246.544,3263.052,3250.629,5627121500,,0.38217218882869997
2024-01-02,sh000903,3260.228,3260.228,3218.492,3218.492,3263.052,5267353300,,-1.3655927027825476
2024-01-03,sh000903,3211.589,3224.247,3193.469,3208.986,3218.492,4692120500,,-0.2953557131725182
2024-01-04,sh000903,3205.749,3206.362,3154.599,3178.247,3208.986,4879099000,,-0.9579038362897196
2024-01-05,sh000903,3172.411,3202.656,3145.812,3162.033,3178.247,5468780700,,-0.5101554410339992
2024-01-08,sh000903,3157.215,3171.101,3119.6,3123.373,3162.033,5540193900,,-1.2226311363606857
2024-01-09,sh000903,3124.45,3142.575,3112.251,3129.951,3123.373,5001158600,,0.21060564972548157
2024-01-10,sh000903,3118.32,3149.087,3105.807,3111.369,3129.951,4400120000,,-0.5936834154911641
2024-01-11,sh000903,3110.594,3146.428,3102.569,3131.486,3111.369,4970758400,,0.6465642615838707
2024-01-12,sh000903,3119.069,3143.707,3112.338,3119.389,3131.486,4408180100,,-0.38630222201215814
2024-01-15,sh000903,3104.227,3140.936,3096.113,3115.938,3119.389,3988736500,,-0.11063063952587715
2024-01-16,sh000903,3107.505,3133.765,3095.345,3133.765,3115.938,4786934800,,0.5721230653498166
2024-01-17,sh000903,3124.06,3124.06,3060.484,3060.484,3133.765,4650317000,,-2.3384331626653543
2024-01-18,sh000903,3046.176,3116.053,3012.451,3111.298,3060.484,7698032300,,1.6603256216990436
2024-01-19,sh000903,3098.635,3127.962,3091.277,3112.174,3111.298,5532526200,,0.028155451518951935
2024-01-22,sh000903,3105.062,3128.049,3046.328,3072.147,3112.174,6585531100,,-1.2861427413762838
2024-01-23,sh000903,3062.188,3098.393,3045.268,3081.166,3072.147,5501487000,,0.2935731916474227
2024-01-24,sh000903,3096.443,3121.896,3039.074,3118.134,3081.166,6559795400,,1.1998055281669195
2024-01-25,sh000903,3116.089,3180.36,3109.326,3179.027,3118.134,8730516500,,1.9528666824453422
2024-01-26,sh000903,3162.409,3181.145,3148.202,3163.532,3179.027,8149011300,,-0.48741328714728693
2024-01-29,sh000903,3164.258,3176.886,3127.236,3127.236,3163.532,7890679400,,-1.1473252048659677
2024-01-30,sh000903,3109.382,3121.823,3071.559,3071.597,3127.236,6207846500,,-1.7791749647292243
2024-01-31,sh000903,3062.101,3082.255,3036.382,3049.429,3071.597,6464068300,,-0.7217092606875197
2024-02-01,sh000903,3038.196,3085.974,3028.836,3051.963,3049.429,6143177400,,0.08309752415944782
2024-02-02,sh000903,3053.403,3063.827,2947.494,3011.596,3051.963,7362184300,,-1.3226569260505472
2024-02-05,sh000903,2995.524,3072.737,2956.948,3042.525,3011.596,8750253500,,1.0269969810027701
2024-02-06,sh000903,3028.213,3148.48,3026.288,3147.298,3042.525,8666007500,,3.443620019556115
2024-02-07,sh000903,3150.161,3183.118,3126.749,3183.118,3147.298,9367389300,,1.1381191104242516
2024-02-08,sh000903,3189.97,3214.816,3183.244,3207.196,3183.118,8026624100,,0.7564281311594367
2024-02-19,sh000903,3235.774,3235.774,3204.949,3234.861,3207.196,7975560300,,0.8625914973702908
2024-02-20,sh000903,3228.74,3242.909,3210.959,3238.307,3234.861,5869434700,,0.10652698833117924
2024-02-21,sh000903,3219.518,3318.183,3212.974,3277.713,3238.307,7805279000,,1.2168704202535574
2024-02-22,sh000903,3272.257,3302.39,3271.11,3302.141,3277.713,5913380700,,0.7452757456189785
2024-02-23,sh000903,3305.637,3314.772,3281.508,3298.235,3302.141,6080349800,,-0.1182868932610659
2024-02-26,sh000903,3295.015,3301.602,3258.124,3265.651,3298.235,6363404500,,-0.9879223281543115
2024-02-27,sh000903,3253.158,3305.218,3250.409,3305.218,3265.651,5940243100,,1.2116114061178074
2024-02-28,sh000903,3311.276,3331.328,3263.597,3263.597,3305.218,8013834700,,-1.2592512808534795
2024-02-29,sh000903,3252.909,3327.365,3252.909,3326.705,3263.597,6865971400,,1.933694632027172
2024-03-01,sh000903,3326.259,3354.43,3314.134,3348.785,3326.705,7330746300,,0.6637198068358829
2024-03-04,sh000903,3351.423,3364.191,3335.965,3352.892,3348.785,7345007200,,0.12264149534830793
2024-03-05,sh000903,3336.916,3381.923,3331.148,3377.097,3352.892,7567436800,,0.7219140968453663
2024-03-06,sh000903,3367.487,3392.059,3358.042,3366.185,3377.097,6350808600,,-0.32311775468695236
2024-03-07,sh000903,3362.589,3384.488,3340.52,3349.3,3366.185,7034597600,,-0.5016064179479085
2024-03-08,sh000903,3347.831,3363.188,3328.335,3358.899,3349.3,5930802000,,0.28659719941479533
2024-03-11,sh000903,3363.187,3410.788,3362.171,3410.788,3358.899,6892461200,,1.5448216811520643
2024-03-12,sh000903,3415.461,3427.494,3394.335,3419.559,3410.788,8410639200,,0.2571546516523471
2024-03-13,sh000903,3417.721,3417.721,3384.743,3395.11,3419.559,6307238100,,-0.7149752351107264
2024-03-14,sh000903,3400.776,3425.033,3372.496,3387.243,3395.11,6519494100,,-0.2317156145161814
2024-03-15,sh000903,3378.833,3390.961,3350.701,3387.084,3387.243,6226490700,,-0.004694083064016308
2024-03-18,sh000903,3396.401,3415.221,3387.141,3414.494,3387.084,6799646600,,0.8092506710787317
2024-03-19,sh000903,3404.137,3422.334,3388.318,3388.582,3414.494,7081659300,,-0.7588825752805617
2024-03-20,sh000903,3378.427,3403.388,3378.427,3398.998,3388.582,6223623800,,0.3073852130478283
2024-03-21,sh000903,3408.58,3419.064,3392.126,3395.115,3398.998,5847737600,,-0.11423954942015868
2024-03-22,sh000903,3385.038,3391.409,3342.775,3366.443,3395.115,6478686600,,-0.8445074761826765
2024-03-25,sh000903,3359.489,3390.011,3351.507,3353.151,3366.443,6196554300,,-0.3948381125122413
2024-03-26,sh000903,3354.262,3374.043,3347.882,3368.983,3353.151,5524406600,,0.4721529093083099
2024-03-27,sh000903,3364.056,3369.647,3332.421,3332.421,3368.983,5654002100,,-1.085253324222779
2024-03-28,sh000903,3329.709,3384.038,3322.009,3354.273,3332.421,6082988400,,0.6557394758945678
2024-03-29,sh000903,3353.962,3377.177,3353.962,3373.863,3354.273,5434337600,,0.5840311745644922
2024-04-01,sh000903,3389.459,3440.097,3389.459,3433.668,3373.863,8148028800,,1.7725971682904795
2024-04-02,sh000903,3431.523,3434.062,3411.004,3422.801,3433.668,6840216800,,-0.31648371362636984
2024-04-03,sh000903,3423.13,3426.591,3407.5,3416.822,3422.801,7033087500,,-0.1746814962365617
2024-04-08,sh000903,3405.295,3421.44,3389.147,3389.7,3416.822,7648393800,,-0.7937785462631686
2024-04-09,sh000903,3385.467,3396.803,3370.2,3383.713,3389.7,6543958600,,-0.1766232999970363
2024-04-10,sh000903,3379.341,3379.863,3342.334,3356.528,3383.713,6134545200,,-0.8034073811815756
2024-04-11,sh000903,3334.756,3368.204,3334.741,3352.766,3356.528,5756227900,,-0.11208010181948946
2024-04-12,sh000903,3353.953,3362.507,3320.151,3326.278,3352.766,5969003500,,-0.7900342582810804
2024-04-15,sh000903,3323.569,3399.23,3323.569,3397.203,3326.278,8384020400,,2.1322631481794474
2024-04-16,sh000903,3382.248,3398.572,3357.161,3368.281,3397.203,7965659900,,-0.8513474172723856
2024-04-17,sh000903,3363.863,3415.63,3355.116,3414.668,3368.281,7591319100,,1.3771713227014093
2024-04-18,sh000903,3399.478,3444.607,3396.144,3412.877,3414.668,7521219300,,-0.05245019427950748
2024-04-19,sh000903,3395.479,3407.976,3372.343,3386.943,3412.877,6837848300,,-0.7598867465777315
2024-04-22,sh000903,3383.539,3404.496,3375.399,3378.232,3386.943,6930423800,,-0.2571935813505011
2024-04-23,sh000903,3371.235,3377.68,3342.259,3348.602,3378.232,7027203300,,-0.8770860023823102
2024-04-24,sh000903,3354.479,3362.043,3334.987,3357.972,3348.602,5611073500,,0.27981826445784286
2024-04-25,sh000903,3346.333,3382.59,3342.777,3368.006,3357.972,5407326600,,0.29881130634799025
2024-04-26,sh000903,3365.865,3425.883,3365.677,3421.487,3368.006,8102079000,,1.5879128481362637
2024-04-29,sh000903,3419.803,3484.258,3416.095,3460.448,3421.487,9434474800,,1.1387154181792924
2024-04-30,sh000903,3452.417,3464.442,3435.188,3435.188,3460.448,8679996700,,-0.7299632879904538
2024-05-06,sh000903,3488.707,3501.617,3479.547,3497.66,3435.188,10073985800,,1.8185904235808792
2024-05-07,sh000903,3497.712,3508.427,3491.715,3500.071,3497.66,7585285500,,0.06893180011779965
2024-05-08,sh000903,3491.759,3491.912,3468.52,3469.809,3500.071,5905096000,,-0.8646110321761991
2024-05-09,sh000903,3471.115,3512.079,3471.115,3505.536,3469.809,6711476400,,1.029653217223192
2024-05-10,sh000903,3512.136,3517.06,3482.618,3504.453,3505.536,6913089900,,-0.030893991674885157
2024-05-13,sh000903,3482.953,3508.574,3472.96,3499.468,3504.453,7129960300,,-0.1422475918495758
2024-05-14,sh000903,3504.126,3509.899,3477.444,3485.468,3499.468,6060653500,,-0.400060809243008
2024-05-15,sh000903,3479.272,3486.237,3455.409,3457.724,3485.468,5732852900,,-0.7959906675373163
2024-05-16,sh000903,3468.962,3485.182,3455.463,3468.09,3457.724,7377875700,,0.2997925803216228
2024-05-17,sh000903,3469.161,3507.455,3455.3,3507.455,3468.09,8191030600,,1.135062815555532
2024-05-20,sh000903,3513.315,3527.979,3501.588,3515.859,3507.455,8998068000,,0.23960392934478936
2024-05-21,sh000903,3507.833,3511.021,3485.742,3495.889,3515.859,6151649500,,-0.5679977496253374
2024-05-22,sh000903,3495.82,3512.611,3486.278,3504.338,3495.889,7245836400,,0.24168387497429666
2024-05-23,sh000903,3490.314,3491.118,3454.103,3463.135,3504.338,6792230400,,-1.1757712869021164
2024-05-24,sh000903,3451.479,3469.265,3422.823,3424.631,3463.135,5556687300,,-1.1118249793900747
2024-05-27,sh000903,3429.061,3456.577,3425.839,3453.859,3424.631,5967078100,,0.8534642126407199
2024-05-28,sh000903,3452.814,3458.726,3425.536,3429.469,3453.859,6166581200,,-0.7061666385338783
2024-05-29,sh000903,3430.333,3457.619,3430.333,3440.838,3429.469,5422264900,,0.3315090470274118
2024-05-30,sh000903,3437.17,3451.056,3414.469,3421.532,3440.838,5751834300,,-0.5610842475001765
2024-05-31,sh000903,3427.069,3439.634,3400.579,3400.579,3421.532,5119156000,,-0.6123864982119143
2024-06-03,sh000903,3399.893,3432.021,3393.494,3420.926,3400.579,6134647300,,0.5983392828103673
2024-06-04,sh000903,3416.956,3457.721,3411.878,3450.906,3420.926,6038874900,,0.8763709007444165
2024-06-05,sh000903,3445.117,3460.373,3430.761,3430.988,3450.906,5109314500,,-0.5771817603840934
2024-06-06,sh000903,3439.089,3468.549,3426.639,3435.348,3430.988,6475157300,,0.12707709849175686
2024-06-07,sh000903,3435.836,3442.729,3390.291,3411.139,3435.348,5972447900,,-0.7047029878777922
2024-06-11,sh000903,3387.233,3399.594,3361.399,3379.685,3411.139,6025700800,,-0.9220966955612253
2024-06-12,sh000903,3375.699,3386.406,3368.334,3378.432,3379.685,5634456600,,-0.0370744610814322
2024-06-13,sh000903,3384.377,3384.41,3350.292,3356.161,3378.432,5335621100,,-0.6592111370008258
2024-06-14,sh000903,3347.774,3379.455,3335.493,3373.871,3356.161,6680534100,,0.5276862462796128
2024-06-17,sh000903,3353.38,3377.283,3353.38,3369.97,3373.871,5920100900,,-0.11562386350871812
2024-06-18,sh000903,3366.236,3384.161,3366.049,3378.138,3369.97,5483424100,,0.24237604489061315
2024-06-19,sh000903,3374.554,3374.554,3354.72,3361.552,3378.138,4718532600,,-0.4909805342469653
2024-06-20,sh000903,3359.154,3369.416,3336.636,3340.244,3361.552,5316627300,,-0.6338738773042918
2024-06-21,sh000903,3335.629,3342.204,3308.831,3330.051,3340.244,5095217100,,-0.30515734778657766
2024-06-24,sh000903,3307.818,3346.307,3303.497,3320.831,3330.051,5372843800,,-0.27687263648513705
2024-06-25,sh000903,3317.949,3327.744,3289.18,3305.304,3320.831,5406951800,,-0.4675636911363412
2024-06-26,sh000903,3298.43,3332.013,3289.988,3324.231,3305.304,4732691200,,0.5726250898555829
2024-06-27,sh000903,3311.869,3314.242,3297.565,3300.264,3324.231,5311042900,,-0.7209787767456621
2024-06-28,sh000903,3288.708,3330.299,3288.708,3309.992,3300.264,6299653400,,0.29476429764407897
2024-07-01,sh000903,3308.238,3321.838,3288.672,3318.488,3309.992,5724110100,,0.2566773575283454
2024-07-02,sh000903,3311.102,3327.42,3305.233,3312.228,3318.488,5510201100,,-0.1886401276725902
2024-07-03,sh000903,3312.746,3319.953,3297.793,3312.771,3312.228,4684801000,,0.016393798977620833
2024-07-04,sh000903,3318.544,3337.086,3299.478,3299.684,3312.771,4784428500,,-0.3950469259722422
2024-07-05,sh000903,3297.52,3306.167,3254.65,3287.274,3299.684,5177152700,,-0.3760966201612148
2024-07-08,sh000903,3276.077,3283.382,3253.002,3258.359,3287.274,5301850200,,-0.8796041948435085
2024-07-09,sh000903,3255.643,3304.618,3244.116,3293.869,3258.359,6029154400,,1.0898123871556198
2024-07-10,sh000903,3284.426,3307.491,3280.155,3285.533,3293.869,5870366100,,-0.2530762455944746
2024-07-11,sh000903,3302.943,3329.207,3290.143,3323.863,3285.533,6704805700,,1.1666295849105834
2024-07-12,sh000903,3321.811,3345.134,3320.128,3338.335,3323.863,6276636700,,0.4353970064349788
2024-07-15,sh000903,3326.794,3343.074,3323.861,3333.588,3338.335,5934929100,,-0.142196633950753
2024-07-16,sh000903,3322.739,3355.83,3317.979,3353.79,3333.588,5717326700,,0.6060137005532651
2024-07-17,sh000903,3350.918,3366.996,3340.453,3355.219,3353.79,6207620200,,0.04260851156452361
2024-07-18,sh000903,3337.485,3381.044,3334.995,3379.178,3355.219,5848861000,,0.7140815547360679
2024-07-19,sh000903,3355.155,3400.054,3346.032,3394.26,3379.178,6226411800,,0.4463215610423621
2024-07-22,sh000903,3392.858,3395.45,3351.048,3371.388,3394.26,6052924200,,-0.6738434887133105
2024-07-23,sh000903,3366.401,3366.401,3294.595,3294.595,3371.388,5969798400,,-2.277785885219974
2024-07-24,sh000903,3288.038,3307.636,3261.608,3272.108,3294.595,6086493200,,-0.6825421637560836
2024-07-25,sh000903,3258.319,3271.635,3238.145,3252.889,3272.108,6149507800,,-0.5873583634769974
2024-07-26,sh000903,3260.202,3276.854,3243.657,3267.438,3252.889,5853431000,,0.4472639552102864
2024-07-29,sh000903,3261.52,3261.52,3239.146,3239.146,3267.438,4779653500,,-0.865877179612895
2024-07-30,sh000903,3227.364,3227.693,3197.875,3215.068,3239.146,4777468900,,-0.7433440789640255
2024-07-31,sh000903,3207.752,3289.299,3207.752,3286.343,3215.068,7531283800,,2.2169048990565488
2024-08-01,sh000903,3287.928,3293.6,3259.702,3260.853,3286.343,5783507700,,-0.7756341927790178
2024-08-02,sh000903,3234.345,3261.209,3222.739,3225.814,3260.853,5085511100,,-1.0745347919700832
2024-08-05,sh000903,3202.245,3251.794,3188.004,3188.004,3225.814,6430484700,,-1.1721072572690172
2024-08-06,sh000903,3211.616,3220.797,3161.893,3184.047,3188.004,5260199800,,-0.12412155066304775
2024-08-07,sh000903,3180.093,3201.454,3170.84,3180.192,3184.047,3996438300,,-0.1210723334171937
2024-08-08,sh000903,3171.068,3201.259,3158.907,3182.318,3180.192,4096639900,,0.0668513096064638
2024-08-09,sh000903,3199.252,3210.143,3174.6,3174.6,3182.318,4397489400,,-0.2425276166618251
2024-08-12,sh000903,3171.358,3181.912,3163.45,3169.145,3174.6,3545227700,,-0.17183267183267237
2024-08-13,sh000903,3170.558,3177.767,3153.726,3176.63,3169.145,3586777900,,0.23618357632737563
2024-08-14,sh000903,3175.33,3175.33,3149.517,3149.698,3176.63,3159099100,,-0.8478167114206014
2024-08-15,sh000903,3141.949,3197.915,3138.118,3183.793,3149.698,4587951400,,1.082484733457001
2024-08-16,sh000903,3184.66,3199.211,3178.216,3188.795,3183.793,4192081800,,0.15710820395673508
2024-08-19,sh000903,3189.107,3221.754,3188.731,3195.553,3188.795,4307159100,,0.21192958468636558
2024-08-20,sh000903,3201.726,3202.475,3168.189,3178.844,3195.553,4163969800,,-0.5228828938214969
2024-08-21,sh000903,3169.911,3188.74,3154.941,3172.465,3178.844,3895144500,,-0.2006704323961772
2024-08-22,sh000903,3174.06,3179.343,3158.23,3170.379,3172.465,4260247400,,-0.06575328648228407
2024-08-23,sh000903,3162.116,3194.389,3161.352,3185.862,3170.379,3884546000,,0.4883643248961844
2024-08-26,sh000903,3190.304,3195.95,3169.645,3183.635,3185.862,4464287100,,-0.06990258837324959
2024-08-27,sh000903,3174.602,3181.415,3162.331,3167.336,3183.635,4416738100,,-0.5119619554377453
2024-08-28,sh000903,3161.781,3168.531,3135.568,3148.338,3167.336,4150614700,,-0.5998100611996793
2024-08-29,sh000903,3134.531,3157.63,3133.64,3144.96,3148.338,5615421900,,-0.10729470596867463
2024-08-30,sh000903,3143.2,3224.969,3142.392,3195.942,3144.96,8060261800,,1.6210699023198938
2024-09-02,sh000903,3179.973,3182.728,3138.311,3139.095,3195.942,5808718600,,-1.7787243948732545
2024-09-03,sh000903,3135.325,3162.584,3135.325,3153.599,3139.095,5262524900,,0.46204399675704444
2024-09-04,sh000903,3133.426,3152.586,3128.681,3131.144,3153.599,4759433700,,-0.712043604782997
2024-09-05,sh000903,3131.426,3144.977,3123.647,3132.819,3131.144,4304824700,,0.053494824894673165
2024-09-06,sh000903,3135.004,3144.43,3103.646,3103.785,3132.819,3363165300,,-0.9267691494465602
2024-09-09,sh000903,3086.529,3097.174,3054.058,3066.507,3103.785,4829611600,,-1.2010496861090458
2024-09-10,sh000903,3065.592,3075.984,3047.053,3065.657,3066.507,4205209100,,-0.027718834491485822
2024-09-11,sh000903,3058.647,3076.394,3047.626,3067.454,3065.657,4591116100,,0.05861712513826056
2024-09-12,sh000903,3071.501,3085.524,3053.251,3054.252,3067.454,4229300900,,-0.43038950217346716
2024-09-13,sh000903,3055.17,3071.865,3043.916,3043.916,3054.252,4024004500,,-0.33841346424590135
2024-09-18,sh000903,3044.604,3068.906,3036.609,3058.443,3043.916,3968564900,,0.4772470725210587
2024-09-19,sh000903,3061.12,3095.96,3034.713,3077.609,3058.443,5616697900,,0.6266587279867508
2024-09-20,sh000903,3075.893,3090.434,3056.141,3083.551,3077.609,5361379000,,0.19307195943343292
2024-09-23,sh000903,3084.284,3108.988,3080.853,3089.957,3083.551,4036165100,,0.20774749631187195
2024-09-24,sh000903,3124.348,3223.353,3097.222,3223.264,3089.957,8827717400,,4.314202430648728
2024-09-25,sh000903,3276.826,3337.802,3267.631,3272.657,3223.264,10365315000,,1.5323907691085825
2024-09-26,sh000903,3273.302,3407.202,3263.698,3406.702,3272.657,10277086000,,4.0959073926781775
2024-09-27,sh000903,3480.188,3571.574,3463.548,3562.615,3406.702,11626963000,,4.576655075788838
2024-09-30,sh000903,3692.921,3883.9,3647.476,3861.49,3562.615,22314406700,,8.389202874854561
2024-10-08,sh000903,4284.119,4284.119,3934.074,4094.763,3861.49,27504324800,,6.041010076421283
2024-10-09,sh000903,4007.153,4022.203,3777.296,3792.284,4094.763,19974117800,,-7.386972090936639
2024-10-10,sh000903,3814.001,3938.38,3764.562,3844.355,3792.284,16021390400,,1.3730775437704512
2024-10-11,sh000903,3814.982,3814.982,3686.775,3725.697,3844.355,10945689500,,-3.086551580174046
2024-10-14,sh000903,3750.538,3813.248,3715.128,3795.241,3725.697,11258674500,,1.8666037522643286
2024-10-15,sh000903,3781.89,3805.718,3699.115,3699.115,3795.241,9231357000,,-2.5328035821704176
2024-10-16,sh000903,3651.148,3705.254,3642.192,3662.376,3699.115,8708835100,,-0.9931835047031434
2024-10-17,sh000903,3681.764,3703.448,3610.612,3611.213,3662.376,8193478600,,-1.3969892769065795
2024-10-18,sh000903,3602.651,3811.229,3595.19,3742.867,3611.213,11832351300,,3.645700212089409
2024-10-21,sh000903,3775.719,3805.247,3727.364,3764.007,3742.867,12212939800,,0.5648076728347551
2024-10-22,sh000903,3754.025,3789.804,3746.052,3783.588,3764.007,9361699700,,0.5202168858878364
2024-10-23,sh000903,3777.39,3835.326,3764.115,3799.576,3783.588,11025348200,,0.4225618645581797
2024-10-24,sh000903,3779.666,3783.958,3738.501,3752.161,3799.576,7818428300,,-1.2479023975306758
2024-10-25,sh000903,3755.117,3822.181,3747.096,3784.023,3752.161,9625102600,,0.8491639884322666
2024-10-28,sh000903,3780.697,3787.697,3743.927,3787.105,3784.023,10093056500,,0.08144770790241562
2024-10-29,sh000903,3793.03,3809.664,3744.512,3746.808,3787.105,9571752800,,-1.0640581658021064
2024-10-30,sh000903,3727.581,3749.85,3692.374,3715.738,3746.808,11261868900,,-0.8292391817248168
2024-10-31,sh000903,3715.971,3739.919,3679.02,3709.306,3715.738,14168277100,,-0.1731015480639364
2024-11-01,sh000903,3703.869,3754.312,3700.077,3716.354,3709.306,15683095000,,0.19000858920779073
2024-11-04,sh000903,3724.795,3763.563,3716.403,3763.563,3716.354,10849211000,,1.2703041744677845
2024-11-05,sh000903,3754.74,3851.879,3745.563,3851.268,3763.563,14736516900,,2.3303715123142554
2024-11-06,sh000903,3856.891,3888.687,3804.436,3827.286,3851.268,15974198100,,-0.6227040029413655
2024-11-07,sh000903,3790.13,3923.323,3785.75,3922.28,3827.286,15205084200,,2.482019896083032
2024-11-08,sh000903,3970.084,3979.198,3881.183,3890.19,3922.28,15245638200,,-0.8181465882089012
2024-11-11,sh000903,3854.67,3918.216,3833.795,3916.377,3890.19,13554556300,,0.6731547816430483
2024-11-12,sh000903,3920.312,3971.033,3853.593,3874.432,3916.377,13764323700,,-1.0710153797757527
2024-11-13,sh000903,3847.688,3912.635,3847.688,3901.932,3874.432,11667395600,,0.7097814595791174
2024-11-14,sh000903,3894.28,3907.4,3825.656,3830.988,3901.932,10831414700,,-1.818176226546231
2024-11-15,sh000903,3815.07,3837.718,3764.928,3764.928,3830.988,11502760000,,-1.724359355863292
2024-11-18,sh000903,3773.639,3815.161,3720.167,3738.155,3764.928,13058565200,,-0.711115856664446
2024-11-19,sh000903,3744.025,3765.521,3688.561,3761.368,3738.155,10262276100,,0.6209747856897208
2024-11-20,sh000903,3753.971,3783.37,3743.239,3768.813,3761.368,7704746500,,0.19793330511665985
2024-11-21,sh000903,3763.175,3775.348,3744.116,3764.89,3768.813,6761735500,,-0.1040911289575841
2024-11-22,sh000903,3760.557,3767.887,3653.293,3653.293,3764.89,9037345400,,-2.9641503470220876
2024-11-25,sh000903,3663.264,3682.354,3601.961,3630.076,3653.293,8070905100,,-0.6355088409279008
2024-11-26,sh000903,3619.882,3652.46,3617.056,3622.326,3630.076,6051033600,,-0.21349415273950179
2024-11-27,sh000903,3612.739,3678.647,3600.212,3678.431,3622.326,7162982900,,1.5488666674396523
2024-11-28,sh000903,3677.453,3679.586,3636.287,3644.893,3678.431,6092622600,,-0.9117474270959547
2024-11-29,sh000903,3640.79,3723.508,3640.79,3682.053,3644.893,7405916900,,1.0195086659608332
2024-12-02,sh000903,3678.489,3720.989,3670.534,3711.947,3682.053,8355444000,,0.8118840223103829
2024-12-03,sh000903,3711.047,3720.028,3684.518,3710.886,3711.947,7277853600,,-0.028583382251956557
2024-12-04,sh000903,3708.813,3715.799,3683.03,3694.291,3710.886,7675170600,,-0.44719778511115305
2024-12-05,sh000903,3680.579,3694.842,3669.641,3679.166,3694.291,5707797000,,-0.4094155008362854
2024-12-06,sh000903,3681.668,3752.271,3681.668,3733.23,3679.166,7931435100,,1.4694634599254242
2024-12-09,sh000903,3731.846,3755.913,3712.901,3729.754,3733.23,7988006400,,-0.09310972000118323
2024-12-10,sh000903,3848.97,3852.815,3750.672,3757.282,3729.754,11512255300,,0.738064762448154
2024-12-11,sh000903,3752.89,3767.787,3741.739,3751.783,3757.282,8240166000,,-0.146355796557196
2024-12-12,sh000903,3747.64,3790.312,3741.419,3787.186,3751.783,7907551200,,0.9436313347547021
2024-12-13,sh000903,3760.266,3760.266,3692.987,3694.408,3787.186,10602714200,,-2.449787256290037
2024-12-16,sh000903,3693.119,3702.829,3671.74,3680.335,3694.408,7851685700,,-0.380927065987291
2024-12-17,sh000903,3676.226,3729.504,3676.226,3697.871,3680.335,7387451800,,0.47647836406197186
2024-12-18,sh000903,3708.862,3732.581,3706.983,3720.998,3697.871,7174338200,,0.6254139206045783
2024-12-19,sh000903,3693.706,3739.41,3681.042,3729.627,3720.998,7633522100,,0.23190015151848264
2024-12-20,sh000903,3719.863,3736.888,3702.583,3706.828,3729.627,7213407400,,-0.611294373405169
2024-12-23,sh000903,3709.171,3746.773,3709.171,3718.633,3706.828,9030306400,,0.31846635452197347
2024-12-24,sh000903,3719.247,3767.958,3719.247,3765.709,3718.633,7321998600,,1.265949073221262
2024-12-25,sh000903,3771.095,3789.646,3754.736,3769.046,3765.709,7340828200,,0.08861545063625353
2024-12-26,sh000903,3766.769,3774.496,3749.988,3770.296,3769.046,6543183900,,0.03316489106262033
2024-12-27,sh000903,3771.598,3786.53,3753.96,3761.461,3770.296,7342715100,,-0.23433173416622655
2024-12-30,sh000903,3758.862,3788.32,3758.862,3779.479,3761.461,7453986100,,0.4790159993683263
2024-12-31,sh000903,3775.44,3782.831,3724.975,3724.975,3779.479,8055393800,,-1.4421035280259509
2025-01-02,sh000903,3723.741,3725.947,3602.368,3624.447,3724.975,9427165200,,-2.6987563674923942
2025-01-03,sh000903,3630.421,3643.768,3580.62,3589.438,3624.447,7850655700,,-0.9659128689148977
2025-01-06,sh000903,3593.748,3603.273,3559.028,3583.494,3589.438,6659216100,,-0.16559695417499576
2025-01-07,sh000903,3569.826,3607.379,3558.224,3605.554,3583.494,7302469800,,0.615600305177022
2025-01-08,sh000903,3590.752,3619.968,3546.713,3598.897,3605.554,7833177500,,-0.184631820796477
2025-01-09,sh000903,3590.626,3606.785,3579.223,3593.183,3598.897,5791287000,,-0.15877086785200945
2025-01-10,sh000903,3595.801,3602.783,3553.999,3553.999,3593.183,6290125600,,-1.0905094452467456
2025-01-13,sh000903,3526.221,3558.512,3525.525,3545.894,3553.999,6079522300,,-0.22805296231090955
2025-01-14,sh000903,3550.587,3638.155,3540.939,3630.47,3545.894,7262326000,,2.385181282914828
2025-01-15,sh000903,3619.773,3627.891,3601.908,3607.303,3630.47,6001742800,,-0.6381267439202087
2025-01-16,sh000903,3621.832,3652.675,3583.332,3602.129,3607.303,6516160500,,-0.14343125598265116
2025-01-17,sh000903,3590.089,3633.198,3578.781,3613.484,3602.129,5799453300,,0.3152302430035059
2025-01-20,sh000903,3636.083,3661.058,3630.824,3637.701,3613.484,6300453100,,0.670184232170401
2025-01-21,sh000903,3656.099,3657.751,3628.723,3639.143,3637.701,7165147800,,0.0396404212440693
2025-01-22,sh000903,3630.007,3631.712,3587.594,3600.396,3639.143,6229294100,,-1.064728701235429
2025-01-23,sh000903,3629.87,3662.677,3599.073,3601.036,3600.396,7682137400,,0.017775822437315902
2025-01-24,sh000903,3594.961,3646.553,3594.022,3628.495,3601.036,6467869000,,0.7625305606497657
2025-01-27,sh000903,3631.546,3646.629,3615.117,3615.238,3628.495,6198739800,,-0.36535808923534585
2025-02-05,sh000903,3649.237,3649.237,3594.563,3604.467,3615.238,6976020900,,-0.2979333587442845
2025-02-06,sh000903,3598.509,3654.152,3596.999,3653.427,3604.467,7623439900,,1.358314558019269
2025-02-07,sh000903,3656.225,3727.519,3643.607,3704.024,3653.427,9914836600,,1.3849188720617578
2025-02-10,sh000903,3709.1,3720.484,3690.169,3714.999,3704.024,8908697800,,0.2962993760299515
2025-02-11,sh000903,3723.129,3723.129,3687.9,3695.6,3714.999,7473982300,,-0.5221804904927296
2025-02-12,sh000903,3691.263,3739.109,3680.984,3737.318,3695.6,7494379600,,1.1288559367897077
2025-02-13,sh000903,3732.497,3756.315,3721.909,3722.679,3737.318,8014166600,,-0.3916980037556361
2025-02-14,sh000903,3719.456,3765.562,3719.456,3762.635,3722.679,8841874700,,1.0733130629850152
2025-02-17,sh000903,3775.519,3777.37,3741.123,3764.028,3762.635,10273516400,,0.037021927452429715
2025-02-18,sh000903,3762.784,3783.705,3725.291,3736.254,3764.028,9890531600,,-0.7378797394705816
2025-02-19,sh000903,3729.399,3768.993,3729.399,3763.196,3736.254,8932009900,,0.7210965849752116
2025-02-20,sh000903,3758.596,3760.955,3735.165,3749.821,3763.196,8313022300,,-0.3554159815220892
2025-02-21,sh000903,3759.698,3815.043,3758.296,3812.385,3749.821,11120126400,,1.668452974155299
2025-02-24,sh000903,3805.798,3829.574,3781.681,3802.465,3812.385,10582224000,,-0.2602045701050715
2025-02-25,sh000903,3766.343,3792.454,3750.731,3760.568,3802.465,8472654400,,-1.1018378867392542
2025-02-26,sh000903,3768.474,3790.265,3757.299,3788.955,3760.568,8910308100,,0.7548593723075703
2025-02-27,sh000903,3793.14,3806.104,3767.169,3799.438,3788.955,9367607200,,0.27667259178323356
2025-02-28,sh000903,3783.533,3807.637,3725.006,3727.839,3799.438,8863443800,,-1.8844629126728796
2025-03-03,sh000903,3738.414,3772.09,3712.34,3728.438,3727.839,8275443800,,0.016068290502890825
2025-03-04,sh000903,3706.489,3727.904,3692.835,3720.063,3728.438,7340885700,,-0.22462489653843898
2025-03-05,sh000903,3723.465,3739.606,3713.672,3735.54,3720.063,7102491600,,0.4160413412353403
2025-03-06,sh000903,3759.088,3803.29,3756.993,3795.385,3735.54,8671451800,,1.6020441489048576
2025-03-07,sh000903,3783.19,3805.708,3774.764,3782.768,3795.385,7256754100,,-0.3324300433289462
2025-03-10,sh000903,3786.152,3791.976,3745.511,3770.144,3782.768,7168841000,,-0.333723876272618
2025-03-11,sh000903,3731.831,3779.992,3730.976,3779.992,3770.144,6728173700,,0.2612101818922685
2025-03-12,sh000903,3785.855,3788.182,3756.944,3763.391,3779.992,6899470600,,-0.43918082366312117
2025-03-13,sh000903,3763.506,3776.846,3735.549,3748.909,3763.391,6857565000,,-0.3848125267876701
2025-03-14,sh000903,3757.598,3847.849,3757.131,3841.429,3748.909,8939088600,,2.4679179996100142
2025-03-17,sh000903,3859.518,3859.842,3824.688,3829.777,3841.429,6540608600,,-0.3033246221653463
2025-03-18,sh000903,3847.054,3856.635,3835.117,3845.816,3829.777,6222362700,,0.4187972302303722
2025-03-19,sh000903,3846.155,3872.368,3831.305,3859.576,3845.816,6468769700,,0.35779142839906797
2025-03-20,sh000903,3860.276,3861.375,3814.566,3819.667,3859.576,5792397200,,-1.0340254991740072
2025-03-21,sh000903,3810.578,3825.611,3745.13,3755.965,3819.667,7176607900,,-1.6677370042990636
2025-03-24,sh000903,3758.602,3780.744,3753.405,3776.482,3755.965,6383347300,,0.5462510965890122
2025-03-25,sh000903,3780.363,3788.52,3762.249,3773.132,3776.482,5596359500,,-0.0887068970539251
2025-03-26,sh000903,3772.082,3781.707,3755.355,3757.698,3773.132,5614841800,,-0.4090500941923092
2025-03-27,sh000903,3750.978,3792.683,3743.649,3771.11,3757.698,5213037100,,0.3569206466299324
2025-03-28,sh000903,3768.423,3772.578,3746.583,3756.088,3771.11,5084000000,,-0.3983442540790305
2025-03-31,sh000903,3747.384,3770.35,3714.5,3728.924,3756.088,6377435500,,-0.7231992434682089
2025-04-01,sh000903,3734.836,3742.789,3719.121,3725.522,3728.924,5387434300,,-0.09123275239720785
2025-04-02,sh000903,3722.076,3734.233,3709.061,3715.68,3725.522,4492159000,,-0.26417774475631095
2025-04-03,sh000903,3673.534,3714.516,3673.534,3690.887,3715.68,6179499300,,-0.6672533695043614
2025-04-07,sh000903,3507.358,3540.032,3362.066,3437.937,3690.887,13579056900,,-6.853366142068296
2025-04-08,sh000903,3447.204,3500.916,3434.642,3500.916,3437.937,12875975100,,1.8318834812854456
2025-04-09,sh000903,3456.562,3529.905,3441.088,3529.042,3500.916,12001471500,,0.8033897414276625
2025-04-10,sh000903,3590.391,3595.818,3549.685,3576.835,3529.042,10440751100,,1.3542768830747898
2025-04-11,sh000903,3574.328,3609.122,3551.682,3598.265,3576.835,7688179200,,0.599133032415522
2025-04-14,sh000903,3618.194,3619.39,3596.092,3601.589,3598.265,7241544800,,0.09237785432700818
2025-04-15,sh000903,3598.96,3604.488,3580.114,3600.682,3601.589,5765169400,,-0.02518332880292462
2025-04-16,sh000903,3597.632,3616.225,3561.717,3611.993,3600.682,6807293300,,0.3141349333265264
2025-04-17,sh000903,3595.994,3618.586,3591.041,3611.771,3611.993,5549979900,,-0.006146191313205485
2025-04-18,sh000903,3599.769,3622.105,3593.607,3611.882,3611.771,4323986100,,0.003073284546561972
2025-04-21,sh000903,3609.014,3631.491,3602.885,3625.69,3611.882,4879761800,,0.38229377371685747
2025-04-22,sh000903,3620.667,3637.483,3617.939,3621.996,3625.69,5335359800,,-0.10188405517294052
2025-04-23,sh000903,3642.654,3646.933,3619.901,3625.521,3621.996,5482355700,,0.09732202906904686
2025-04-24,sh000903,3628.093,3646.169,3613.745,3624.136,3625.521,4452403000,,-0.038201406087567946
2025-04-25,sh000903,3632.739,3643.956,3623.191,3628.533,3624.136,5380841700,,0.1213254690221266
2025-04-28,sh000903,3628.393,3634.363,3614.227,3624.515,3628.533,5047344800,,-0.11073345619290187
2025-04-29,sh000903,3620.816,3628.461,3612.399,3621.393,3624.515,4601942100,,-0.08613566228860003
2025-04-30,sh000903,3622.215,3633.15,3613.539,3617.506,3621.393,5483323500,,-0.10733438762376979
2025-05-06,sh000903,3643.326,3654.598,3630.46,3653.142,3617.506,6581138800,,0.9850985734370488
2025-05-07,sh000903,3702.941,3703.798,3660.261,3675.944,3653.142,6715378700,,0.6241750252248712
2025-05-08,sh000903,3665.668,3715.599,3661.107,3697.151,3675.944,5207249800,,0.5769130324074556
2025-05-09,sh000903,3693.106,3700.67,3685.06,3694.598,3697.151,4767732400,,-0.06905317094162422
2025-05-12,sh000903,3715.049,3740.803,3708.033,3737.345,3694.598,6344537500,,1.15701356412794
2025-05-13,sh000903,3764.258,3764.258,3733.396,3740.927,3737.345,6197230500,,0.09584343966104747
2025-05-14,sh000903,3740.279,3799.357,3736.121,3783.869,3740.927,6600891900,,1.1478972992522873
2025-05-15,sh000903,3776.612,3777.319,3749.692,3753.743,3783.869,5560698800,,-0.7961692119891062
2025-05-16,sh000903,3744.482,3749.706,3723.059,3736.106,3753.743,4888585900,,-0.469851026029211
2025-05-19,sh000903,3730.09,3732.782,3712.777,3725.504,3736.106,3932998000,,-0.2837713919251805
2025-05-20,sh000903,3732.459,3763.022,3729.579,3749.093,3725.504,4307953800,,0.6331760749686444
2025-05-21,sh000903,3750.958,3782.826,3750.958,3768.335,3749.093,4506365000,,0.5132441366485274
2025-05-22,sh000903,3766.135,3772.033,3752.108,3762.374,3768.335,4169036400,,-0.15818657311519324
2025-05-23,sh000903,3758.705,3779.095,3731.444,3731.444,3762.374,4640011400,,-0.8220873310308852
2025-05-26,sh000903,3723.539,3730.203,3692.837,3704.319,3731.444,4295912100,,-0.726930378695223
2025-05-27,sh000903,3700.935,3708.811,3676.672,3679.833,3704.319,3878234500,,-0.6610121860455287
2025-05-28,sh000903,3684.2,3692.108,3673.464,3675.064,3679.833,3559810000,,-0.12959827253030687
2025-05-29,sh000903,3675.894,3706.686,3666.02,3692.156,3675.064,4218283200,,0.4650803360159106
2025-05-30,sh000903,3684.509,3691.425,3657.485,3668.401,3692.156,4401892000,,-0.6433910159809098
2025-06-03,sh000903,3666.622,3690.743,3666.387,3677.14,3668.401,4839197600,,0.2382236838339047
2025-06-04,sh000903,3680.98,3698.266,3680.98,3690.737,3677.14,4785906000,,0.3697710720832026
2025-06-05,sh000903,3693.799,3703.888,3682.221,3698.586,3690.737,4877272200,,0.212667551223511
2025-06-06,sh000903,3701.448,3711.589,3692.969,3697.559,3698.586,4438576400,,-0.027767368394293612
2025-06-09,sh000903,3699.477,3717.196,3693.441,3700.296,3697.559,5430956000,,0.07402180735993635
2025-06-10,sh000903,3702.905,3709.833,3667.144,3678.673,3700.296,5617211400,,-0.5843586567128689
2025-06-11,sh000903,3683.115,3724.829,3683.115,3707.941,3678.673,5794042200,,0.7956129832686898
2025-06-12,sh000903,3699.868,3712.64,3683.632,3703.236,3707.941,5439844300,,-0.12688982915315394
2025-06-13,sh000903,3691.565,3701.035,3669.337,3681.384,3703.236,6614458500,,-0.5900785151148891
2025-06-16,sh000903,3670.395,3686.872,3669.891,3683.73,3681.384,5402758300,,0.06372603347002403
2025-06-17,sh000903,3686.311,3691.494,3672.277,3682.863,3683.73,4986589300,,-0.023535926900186688
2025-06-18,sh000903,3684.172,3695.049,3669.14,3683.199,3682.863,4801751200,,0.009123336925642711
2025-06-19,sh000903,3679.358,3681.462,3648.278,3655.164,3683.199,5305214700,,-0.7611589816352571
2025-06-20,sh000903,3649.274,3666.004,3649.274,3656.346,3655.164,4689310200,,0.032337810287019764
2025-06-23,sh000903,3643.184,3674.964,3637.496,3665.986,3656.346,5123470600,,0.2636511971241262
2025-06-24,sh000903,3670.497,3722.169,3670.497,3709.85,3665.986,6070135600,,1.196513025417989
2025-06-25,sh000903,3710.634,3754.493,3701.752,3750.862,3709.85,6369341200,,1.1054894402738658
2025-06-26,sh000903,3742.989,3755.818,3734.008,3734.11,3750.862,5903351700,,-0.44661733756133914
2025-06-27,sh000903,3739.807,3754.049,3712.335,3715.444,3734.11,6689266700,,-0.4998781503490868
2025-06-30,sh000903,3713.834,3735.059,3707.853,3729.866,3715.444,5675430500,,0.38816356806885555
2025-07-01,sh000903,3731.086,3737.331,3715.715,3733.152,3729.866,4868349500,,0.08809967972038812
2025-07-02,sh000903,3735.015,3743.49,3720.276,3736.253,3733.152,6188596900,,0.08306653466025882
2025-07-03,sh000903,3742.789,3763.944,3737.201,3760.817,3736.253,5914517500,,0.6574501244963837
2025-07-04,sh000903,3760.805,3800.977,3748.552,3770.322,3760.817,5677981500,,0.25273763652950976
2025-07-07,sh000903,3766.329,3766.564,3740.516,3748.025,3770.322,5199773900,,-0.591381850144368
2025-07-08,sh000903,3748.906,3784.515,3748.906,3779.862,3748.025,6156493900,,0.8494340352585672
2025-07-09,sh000903,3777.122,3796.567,3768.443,3772.003,3779.862,7044942200,,-0.20791764355417852
2025-07-10,sh000903,3777.657,3815.66,3776.292,3793.669,3772.003,8979407600,,0.5743897870706727
2025-07-11,sh000903,3792.862,3849.291,3792.74,3802.837,3793.669,10729768600,,0.2416657858131499
2025-07-14,sh000903,3810.295,3818.274,3802.262,3802.262,3802.837,10135524900,,-0.015120290456827057
2025-07-15,sh000903,3803.879,3818.583,3774.534,3800.085,3802.262,8564834200,,-0.05725539165897242
2025-07-16,sh000903,3802.7,3809.915,3776.345,3787.472,3800.085,6294028200,,-0.3319136282477819
2025-07-17,sh000903,3785.235,3810.968,3785.235,3810.818,3787.472,7263318200,,0.6164005964928609
2025-07-18,sh000903,3818.273,3845.061,3817.544,3840.507,3810.818,8919151200,,0.7790715799075087
2025-07-21,sh000903,3856.786,3873.874,3852.511,3873.129,3840.507,10600758500,,0.8494191001344298
2025-07-22,sh000903,3875.989,3915.64,3864.009,3915.627,3873.129,12037988900,,1.0972523765668596
2025-07-23,sh000903,3927.847,3950.386,3912.052,3917.87,3915.627,13190098700,,0.05728329077310246
2025-07-24,sh000903,3915.521,3953.005,3911.07,3951.22,3917.87,14713350300,,0.851227835533086
2025-07-25,sh000903,3945.015,3947.447,3918.218,3928.505,3951.22,13727911300,,-0.574885731495578
2025-07-28,sh000903,3930.36,3940.935,3912.327,3932.957,3928.505,10611027900,,0.11332555259571109
2025-07-29,sh000903,3930.714,3953.985,3921.371,3951.713,3932.957,11021871500,,0.4768930857876219
2025-07-30,sh000903,3949.348,3986.348,3926.811,3949.29,3951.713,12281587500,,-0.061315181542798136
2025-07-31,sh000903,3938.633,3938.633,3859.263,3871.18,3949.29,12993112400,,-1.9778238620106414
2025-08-01,sh000903,3865.219,3879.048,3832.67,3844.098,3871.18,9520245200,,-0.6995799730314722
2025-08-04,sh000903,3830.943,3859.758,3830.943,3859.758,3844.098,7296719900,,0.4073777515557486
2025-08-05,sh000903,3869.046,3887.331,3859.685,3882.376,3859.758,8134486700,,0.5859952877874886
2025-08-06,sh000903,3879.292,3893.499,3877.002,3890.089,3882.376,8090219000,,0.19866700185657837
2025-08-07,sh000903,3896.749,3904.449,3871.723,3891.618,3890.089,10065576900,,0.03930501333002656
2025-08-08,sh000903,3887.858,3903.4,3878.234,3886.805,3891.618,8433725000,,-0.12367606481417104
2025-08-11,sh000903,3894.516,3914.094,3886.3,3902.589,3886.805,8965793600,,0.4060918929557955
2025-08-12,sh000903,3902.059,3928.211,3895.162,3919.534,3902.589,8289019600,,0.43419893819205413
2025-08-13,sh000903,3924.601,3956.343,3923.738,3947.878,3919.534,8520442000,,0.7231471904568298
2025-08-14,sh000903,3952.897,3996.468,3945.569,3954.456,3947.878,9474831600,,0.16662115698611313
2025-08-15,sh000903,3942.676,3984.702,3937.866,3970.688,3954.456,10056735100,,0.41047365301321026
2025-08-18,sh000903,3986.535,4033.802,3973.953,4001.539,3970.688,13463673400,,0.7769686260920006
2025-08-19,sh000903,4008.303,4026.451,3964.358,3969.639,4001.539,11173259600,,-0.7971932798855663
2025-08-20,sh000903,3957.501,4014.994,3940.089,4014.565,3969.639,10936783600,,1.1317401909846092
2025-08-21,sh000903,4027.763,4057.263,4024.566,4039.143,4014.565,12974702500,,0.6122207511897404
2025-08-22,sh000903,4041.991,4137.876,4041.991,4137.876,4039.143,13719924900,,2.4444046670296204
2025-08-25,sh000903,4177.743,4234.05,4167.87,4231.119,4137.876,16900899300,,2.253402470252852
2025-08-26,sh000903,4210.708,4237.856,4193.306,4217.084,4231.119,13248217900,,-0.3317089403536033
2025-08-27,sh000903,4224.852,4262.617,4157.865,4157.865,4217.084,15458166000,,-1.4042641787547994
2025-08-28,sh000903,4153.881,4234.933,4142.388,4233.708,4157.865,13557165500,,1.8240851975713568
2025-08-29,sh000903,4215.115,4285.568,4210.975,4264.378,4233.708,16060234100,,0.7244240745937214
2025-09-01,sh000903,4283.85,4294.909,4251.611,4291.774,4264.378,14146629200,,0.6424383579504589
2025-09-02,sh000903,4290.561,4321.677,4235.422,4270.96,4291.774,13964324700,,-0.4849742787015443
2025-09-03,sh000903,4281.695,4292.882,4222.516,4256.05,4270.96,11703393100,,-0.34910184127221466
2025-09-04,sh000903,4255.419,4259.029,4120.931,4154.539,4256.05,14402932400,,-2.385098859270929
2025-09-05,sh000903,4152.918,4268.009,4146.611,4261.31,4154.539,11432705900,,2.5699842991003585
2025-09-08,sh000903,4274.538,4288.682,4246.082,4278.171,4261.31,12218439300,,0.395676446914206
2025-09-09,sh000903,4255.962,4280.902,4214.482,4236.323,4278.171,10325749300,,-0.9781750191846017
2025-09-10,sh000903,4230.412,4265.35,4209.814,4244.4,4236.323,9510195000,,0.19066062715236143
2025-09-11,sh000903,4231.76,4339.561,4215.686,4339.561,4244.4,11759905500,,2.2420365658279096
2025-09-12,sh000903,4340.834,4364.22,4322.712,4326.99,4339.561,12186382200,,-0.2896836799851421
2025-09-15,sh000903,4351.051,4381.615,4335.213,4344.307,4326.99,10037364000,,0.4002089212131299
2025-09-16,sh000903,4353.19,4364.756,4307.087,4332.595,4344.307,10148127200,,-0.26959420685507274
2025-09-17,sh000903,4327.27,4370.242,4312.464,4363.618,4332.595,9777479400,,0.716037386370072
2025-09-18,sh000903,4361.822,4394.549,4273.295,4316.233,4363.618,13667286500,,-1.0859108198747025
2025-09-19,sh000903,4320.224,4358.885,4313.359,4324.931,4316.233,10069368900,,0.20151831469708004
2025-09-22,sh000903,4340.71,4355.501,4315.703,4352.262,4324.931,8754993200,,0.6319407176669456
2025-09-23,sh000903,4366.407,4394.451,4290.377,4350.796,4352.262,10880750600,,-0.033683633935632784
2025-09-24,sh000903,4331.316,4415.341,4329.265,4413.316,4350.796,9877380900,,1.43697842877486
2025-09-25,sh000903,4412.851,4465.416,4408.79,4443.395,4413.316,10108986200,,0.6815510151550574
2025-09-26,sh000903,4426.835,4448.579,4394.824,4394.884,4443.395,9452254500,,-1.0917552907180328
2025-09-29,sh000903,4404.853,4485.291,4384.633,4460.796,4394.884,11430244100,,1.499743793010233
2025-09-30,sh000903,4474.708,4504.098,4468.513,4496.776,4460.796,11105368900,,0.8065825023157114
2025-10-09,sh000903,4525.688,4606.802,4522.303,4582.772,4496.776,16838960900,,1.912392345093461
2025-10-10,sh000903,4546.684,4546.684,4448.627,4465.294,4582.772,13893349300,,-2.5634703188375907
2025-10-13,sh000903,4342.715,4453.74,4342.715,4445.085,4465.294,15232365800,,-0.4525793822310442
2025-10-14,sh000903,4489.185,4498.836,4359.776,4379.306,4445.085,19084595500,,-1.4798142217752996
2025-10-15,sh000903,4384.03,4447.856,4362.491,4445.196,4379.306,13795046300,,1.5045762958788567
2025-10-16,sh000903,4430.967,4491.019,4427.245,4459.907,4445.196,11027331700,,0.330941537785967
2025-10-17,sh000903,4454.285,4464.358,4351.269,4356.541,4459.907,12046777900,,-2.317671646516395
2025-10-20,sh000903,4398.127,4412.076,4357.596,4376.053,4356.541,9410986600,,0.4478782593805519
2025-10-21,sh000903,4400.513,4460.101,4389.431,4447.934,4376.053,9261046400,,1.6425989356161796
2025-10-22,sh000903,4413.966,4442.927,4399.432,4431.156,4447.934,7961169200,,-0.3772088344836111
2025-10-23,sh000903,4415.907,4455.546,4379.689,4450.094,4431.156,8229388000,,0.4273828319291795
2025-10-24,sh000903,4469.664,4512.266,4469.664,4512.266,4450.094,8568036500,,1.397094083855288
2025-10-27,sh000903,4554.069,4567.268,4527.603,4559.148,4512.266,11363823600,,1.0389901659166423
2025-10-28,sh000903,4540.961,4575.057,4517.117,4527.926,4559.148,9403716200,,-0.6848209358415125
2025-10-29,sh000903,4532.285,4583.23,4532.285,4583.23,4527.926,9830739500,,1.221398052883349
2025-10-30,sh000903,4577.817,4607.581,4552.589,4556.984,4583.23,12273672000,,-0.5726529107201506
2025-10-31,sh000903,4550.357,4558.586,4489.2,4489.213,4556.984,11995808900,,-1.4871897728848893
2025-11-03,sh000903,4487.31,4501.507,4434.222,4495.88,4489.213,10517755400,,0.14851155425239515
2025-11-04,sh000903,4490.922,4507.594,4432.331,4455.297,4495.88,11028285000,,-0.9026708897924451
2025-11-05,sh000903,4395.943,4483.646,4394.432,4468.421,4455.297,9231829000,,0.2945707098763739
2025-11-06,sh000903,4487.189,4546.442,4487.189,4541.164,4468.421,10124386600,,1.6279352370781375
2025-11-07,sh000903,4522.447,4552.206,4512.218,4531.191,4541.164,9764750400,,-0.21961329738366953
2025-11-10,sh000903,4546.163,4552.223,4501.447,4537.569,4531.191,10716604900,,0.14075769483123945
2025-11-11,sh000903,4552.741,4556.929,4494.236,4498.383,4537.569,8045763100,,-0.8635901735048135
2025-11-12,sh000903,4491.66,4520.715,4473.199,4497.046,4498.383,9208203700,,-0.029721791141379406
2025-11-13,sh000903,4496.159,4572.246,4496.159,4570.127,4497.046,9233025500,,1.625089002869884
2025-11-14,sh000903,4526.901,4551.769,4494.617,4494.843,4570.127,8199222900,,-1.6473065190529823
2025-11-17,sh000903,4480.215,4490.899,4447.485,4466.48,4494.843,8080481700,,-0.6310120286737608
2025-11-18,sh000903,4453.129,4474.428,4417.178,4433.301,4466.48,7741688600,,-0.7428444770826048
2025-11-19,sh000903,4435.142,4481.482,4435.142,4457.764,4433.301,7641754200,,0.5518010168946264
2025-11-20,sh000903,4486.542,4487.797,4421.429,4426.857,4457.764,7677388000,,-0.6933296603409245
2025-11-21,sh000903,4372.734,4385.749,4319.551,4320.595,4426.857,9589229600,,-2.4003937782494433
2025-11-24,sh000903,4340.918,4346.699,4289.907,4320.092,4320.595,7676812700,,-0.011641915060323083
2025-11-25,sh000903,4353.322,4385.772,4341.883,4362.98,4320.092,6704868400,,0.9927566357383011
2025-11-26,sh000903,4367.396,4419.597,4361.512,4400.845,4362.98,6545848800,,0.8678701254647203
2025-11-27,sh000903,4405.279,4440.327,4379.817,4386.305,4400.845,6465546300,,-0.3303910953464606
2025-11-28,sh000903,4382.857,4402.704,4360.855,4397.36,4386.305,5954520100,,0.25203445724817364
2025-12-01,sh000903,4412.382,4450.077,4402.283,4449.753,4397.36,8380860400,,1.1914648789273619
2025-12-02,sh000903,4447.291,4450.517,4411.473,4425.705,4449.753,6212122400,,-0.5404344915324488
2025-12-03,sh000903,4425.302,4439.633,4394.113,4402.155,4425.705,7945286500,,-0.5321186116110321
2025-12-04,sh000903,4405.275,4435.232,4390.261,4429.682,4402.155,6521942000,,0.625307377863793
2025-12-05,sh000903,4429.743,4476.441,4415.34,4468.126,4429.682,9157690000,,0.8678726825085858
2025-12-08,sh000903,4475.311,4518.682,4471.661,4499.529,4468.126,8244789500,,0.7028226151187367
2025-12-09,sh000903,4487.85,4505.554,4458.781,4472.29,4499.529,7778562200,,-0.605374473639364
2025-12-10,sh000903,4463.845,4471.855,4421.311,4465.581,4472.29,7374169400,,-0.15001263334890602
2025-12-11,sh000903,4474.662,4491.777,4424.29,4430.123,4465.581,7578475300,,-0.7940288173028498
2025-12-12,sh000903,4441.545,4464.003,4412.175,4462.432,4430.123,9440905700,,0.7293025498389172
2025-12-15,sh000903,4434.447,4469.998,4425.611,4425.611,4462.432,7430186400,,-0.8251330216348385
2025-12-16,sh000903,4415.703,4424.075,4348.846,4365.139,4425.611,7483910800,,-1.3664101973716147
2025-12-17,sh000903,4368.256,4455.704,4364.543,4441.29,4365.139,7501160300,,1.7445263484163975
2025-12-18,sh000903,4414.761,4432.914,4404.302,4410.531,4441.29,6063403000,,-0.6925690508838622
2025-12-19,sh000903,4419.366,4451.092,4404.82,4425.803,4410.531,6631208300,,0.346262162084332
2025-12-22,sh000903,4447.938,4475.832,4447.938,4471.827,4425.803,7191757000,,1.039901685637612
2025-12-23,sh000903,4477.941,4512.086,4469.302,4488.88,4471.827,6863631500,,0.38134301707108964
2025-12-24,sh000903,4492.577,4501.371,4466.422,4497.147,4488.88,6497006100,,0.18416620626970914
2025-12-25,sh000903,4490.781,4512.016,4480.577,4503.234,4497.147,5469281600,,0.13535248013909484
2025-12-26,sh000903,4502.375,4548.769,4497.611,4527.153,4503.234,7388353000,,0.5311516123745808
2025-12-29,sh000903,4531.222,4537.025,4489.003,4497.924,4527.153,8507815700,,-0.6456375563185124
2025-12-30,sh000903,4475.478,4528.847,4474.964,4514.37,4497.924,7763017800,,0.36563534643982987
2025-12-31,sh000903,4521.665,4530.334,4479.544,4486.467,4514.37,7284822600,,-0.6180928900378135
2026-01-05,sh000903,4526.864,4598.051,4526.864,4593.347,4486.467,10506949900,,2.3822754073528296
2026-01-06,sh000903,4599.61,4668.658,4598.803,4668.658,4593.347,14471962500,,1.639566965003958
2026-01-07,sh000903,4678.547,4684.675,4632.126,4659.465,4668.658,12654820100,,-0.19690883333070008
2026-01-08,sh000903,4645.604,4659.421,4604.109,4626.388,4659.465,10581778100,,-0.7098883670121015
2026-01-09,sh000903,4614.17,4663.239,4605.451,4648.28,4626.388,12418580400,,0.4731985298249919
2026-01-12,sh000903,4664.144,4674.026,4621.551,4668.036,4648.28,14227066300,,0.4250174258005224
2026-01-13,sh000903,4678.0,4720.406,4623.246,4638.964,4668.036,13559530800,,-0.6227886845774133
2026-01-14,sh000903,4651.593,4701.55,4604.91,4628.02,4638.964,17961587100,,-0.23591474303312765
2026-01-15,sh000903,4608.243,4662.89,4606.484,4654.367,4628.02,12112338700,,0.5692931318360683
2026-01-16,sh000903,4684.704,4700.314,4618.123,4634.94,4654.367,14874545400,,-0.41739295590572656
2026-01-19,sh000903,4625.107,4672.391,4621.372,4641.314,4634.94,13410915100,,0.1375206583041244
2026-01-20,sh000903,4644.51,4658.418,4586.404,4618.405,4641.314,14168097000,,-0.49358866907088794
2026-01-21,sh000903,4619.016,4670.449,4619.016,4630.496,4618.405,13194919100,,0.26180034016074494
2026-01-22,sh000903,4652.854,4671.591,4597.685,4622.875,4630.496,13896096400,,-0.16458280063301745
2026-01-23,sh000903,4628.654,4637.421,4584.979,4602.737,4622.875,15102312300,,-0.4356163642754707
2026-01-26,sh000903,4621.934,4663.877,4596.684,4610.83,4602.737,17397812700,,0.17583016366131687
2026-01-27,sh000903,4612.217,4646.123,4580.334,4612.058,4610.83,14303534900,,0.026632948948446256
2026-01-28,sh000903,4634.285,4653.883,4604.538,4634.222,4612.058,18451901800,,0.4805663762250889
2026-01-29,sh000903,4655.075,4684.865,4607.259,4664.565,4634.222,20628418200,,0.6547593101927429
2026-01-30,sh000903,4632.66,4648.709,4550.509,4615.932,4664.565,16463705800,,-1.0426052590112866
2026-02-02,sh000903,4569.36,4608.703,4486.657,4492.349,4615.932,15018058500,,-2.677314137209985
2026-02-03,sh000903,4539.019,4553.956,4467.127,4552.428,4492.349,11905066400,,1.337362702675149
2026-02-04,sh000903,4543.756,4594.516,4529.132,4591.651,4552.428,12137595100,,0.861584191996001
2026-02-05,sh000903,4557.597,4581.375,4526.306,4558.243,4591.651,10350716400,,-0.7275814298604022
2026-02-06,sh000903,4505.64,4570.804,4492.065,4534.92,4558.243,8870589000,,-0.5116664469182575
2026-02-09,sh000903,4588.116,4612.708,4573.652,4611.792,4534.92,9772938700,,1.6951125929454136
2026-02-10,sh000903,4610.335,4625.095,4604.732,4613.642,4611.792,8460283900,,0.04011455850565504
2026-02-11,sh000903,4602.96,4617.038,4591.398,4606.666,4613.642,8066538100,,-0.1512037561648638
2026-02-12,sh000903,4614.691,4624.617,4606.402,4619.99,4606.666,9067673700,,0.2892330375156238
2026-02-13,sh000903,4589.651,4598.352,4554.398,4556.331,4619.99,9000798600,,-1.3779034153753478
2026-02-24,sh000903,4628.603,4628.603,4595.81,4605.766,4556.331,10600417600,,1.0849738528653674
2026-02-25,sh000903,4611.313,4674.464,4610.874,4644.265,4605.766,14081207100,,0.8358870164051124
2026-02-26,sh000903,4649.465,4649.466,4598.392,4621.071,4644.265,12138245600,,-0.4994116399473447
2026-02-27,sh000903,4593.97,4615.766,4583.813,4602.327,4621.071,13791316400,,-0.40562025556412085
2026-03-02,sh000903,4579.333,4636.111,4561.888,4628.858,4602.327,18050936600,,0.5764692513156922
2026-03-03,sh000903,4633.677,4642.591,4537.12,4540.695,4628.858,18546309900,,-1.9046382498663972
2026-03-04,sh000903,4491.949,4532.126,4461.861,4492.107,4540.695,14985685500,,-1.070056456115187
2026-03-05,sh000903,4545.107,4563.883,4517.475,4536.491,4492.107,13202452600,,0.9880441405336171
2026-03-06,sh000903,4510.457,4559.843,4500.064,4546.7,4536.491,11500533200,,0.2250417778851599
2026-03-09,sh000903,4484.446,4518.191,4432.466,4506.424,4546.7,14387049600,,-0.885829282776518
2026-03-10,sh000903,4545.589,4567.733,4543.793,4564.147,4506.424,11161082600,,1.2809047706119125
2026-03-11,sh000903,4571.977,4614.711,4565.709,4600.442,4564.147,12519183400,,0.7952197858657861
2026-03-12,sh000903,4595.219,4596.654,4542.214,4572.733,4600.442,12606907500,,-0.602311690920132
2026-03-13,sh000903,4555.485,4599.626,4549.97,4559.661,4572.733,13903761000,,-0.2858684292303959
2026-03-16,sh000903,4560.666,4565.58,4508.423,4563.689,4559.661,13957561800,,0.08833990070753472
2026-03-17,sh000903,4583.908,4624.741,4537.724,4537.724,4563.689,11223815100,,-0.5689476211021449
2026-03-18,sh000903,4547.71,4558.085,4498.417,4553.287,4537.724,9620924400,,0.34296929473895954
2026-03-19,sh000903,4503.545,4525.688,4454.92,4467.282,4553.287,11368170500,,-1.8888552379852208
2026-03-20,sh000903,4483.961,4510.752,4444.793,4449.15,4467.282,11327412100,,-0.40588438339017596
2026-03-23,sh000903,4384.938,4403.227,4291.283,4312.327,4449.15,14469780200,,-3.075261566816123
2026-03-24,sh000903,4351.785,4358.861,4272.799,4358.67,4312.327,10461489600,,1.0746634009897615
2026-03-25,sh000903,4389.349,4425.913,4387.707,4421.453,4358.67,10518586200,,1.4404164573138312
2026-03-26,sh000903,4410.258,4422.88,4352.05,4361.055,4421.453,8792037800,,-1.3660215318358038
2026-03-27,sh000903,4315.207,4412.348,4314.621,4396.298,4361.055,8262421600,,0.8081301428209287
2026-03-30,sh000903,4353.18,4380.815,4330.578,4377.726,4396.298,9246162500,,-0.422446340079774
2026-03-31,sh000903,4379.998,4411.194,4330.108,4330.108,4377.726,9271267300,,-1.0877336772561752
2026-04-01,sh000903,4396.678,4410.918,4366.352,4404.662,4330.108,9608310700,,1.7217584411289621
2026-04-02,sh000903,4394.974,4395.302,4330.697,4350.682,4404.662,8497681200,,-1.2255196880033181
2026-04-03,sh000903,4361.228,4363.458,4306.614,4310.037,4350.682,7507101300,,-0.9342213473657601
2026-04-07,sh000903,4316.336,4333.148,4296.701,4315.253,4310.037,7253758800,,0.12101984275307842
2026-04-08,sh000903,4397.844,4472.704,4396.346,4472.704,4315.253,11739242600,,3.6487084303052475
2026-04-09,sh000903,4441.671,4464.43,4429.087,4452.475,4472.704,8725231500,,-0.45227674355377
2026-04-10,sh000903,4479.461,4543.5,4473.9,4524.478,4452.475,9496789100,,1.6171455201882123
2026-04-13,sh000903,4507.158,4550.06,4506.981,4541.829,4524.478,10028510600,,0.3834917530817883
2026-04-14,sh000903,4571.088,4602.972,4552.781,4602.18,4541.829,10125189500,,1.3287818629895698
2026-04-15,sh000903,4634.158,4641.267,4578.606,4591.983,4602.18,9418201100,,-0.22156890864764023
2026-04-16,sh000903,4603.786,4648.557,4595.197,4645.702,4591.983,8568546000,,1.1698431810396537
2026-04-17,sh000903,4635.31,4635.436,4607.494,4617.79,4645.702,8325684900,,-0.6008133969850005
2026-04-20,sh000903,4612.734,4652.467,4601.538,4646.503,4617.79,10739037100,,0.6217909432867152
2026-04-21,sh000903,4644.977,4670.666,4604.777,4662.234,4646.503,9414249200,,0.33855568370451117
2026-04-22,sh000903,4643.973,4679.913,4642.471,4678.146,4662.234,9450177400,,0.34129561064502045
2026-04-23,sh000903,4701.164,4703.086,4637.68,4667.769,4678.146,10902163100,,-0.22181864353955083
2026-04-24,sh000903,4664.961,4694.314,4638.555,4678.934,4667.769,8999207200,,0.23919349907846055
2026-04-27,sh000903,4684.742,4700.449,4668.819,4677.064,4678.934,8685265900,,-0.03996636840783996
2026-04-28,sh000903,4659.405,4687.462,4644.507,4658.67,4677.064,9389660400,,-0.39328091298301837
2026-04-29,sh000903,4642.397,4728.499,4641.397,4726.285,4658.67,11845001600,,1.451379900271954
2026-04-30,sh000903,4740.434,4757.226,4723.857,4737.116,4726.285,12076265300,,0.22916518999596125
2026-05-06,sh000903,4804.961,4850.385,4782.589,4828.288,4737.116,13145739700,,1.9246309357845437
2026-05-07,sh000903,4850.516,4850.516,4810.739,4839.151,4828.288,12110980200,,0.22498657909388875
2026-05-08,sh000903,4806.669,4819.004,4774.933,4797.896,4839.151,10617997600,,-0.8525255773171758
2026-05-11,sh000903,4835.442,4903.914,4829.264,4894.089,4797.896,14620436900,,2.0048996476788927
2026-05-12,sh000903,4908.677,4920.863,4875.193,4893.62,4894.089,13157728300,,-0.009582988785039603
2026-05-13,sh000903,4862.706,4937.997,4858.085,4935.185,4893.62,12070348500,,0.8493712221218752
2026-05-14,sh000903,4964.97,4968.893,4837.866,4842.815,4935.185,11947015600,,-1.8716623591618298
2026-05-15,sh000903,4837.36,4870.209,4762.222,4789.837,4842.815,12332586400,,-1.0939505225782797
2026-05-18,sh000903,4770.205,4806.885,4729.603,4757.599,4789.837,11219827500,,-0.6730500432478248
2026-05-19,sh000903,4738.956,4773.719,4687.634,4772.239,4757.599,10574214200,,0.3077182419115143
2026-05-20,sh000903,4746.969,4800.469,4745.655,4781.397,4772.239,10110887300,,0.19190153720298753
2026-05-21,sh000903,4826.549,4877.657,4713.741,4714.846,4781.397,14183371000,,-1.3918735465806464
2026-05-22,sh000903,4751.517,4776.813,4715.374,4771.37,4714.846,16540791200,,1.1988514577146336
2026-05-25,sh000903,4794.689,4851.195,4778.465,4850.72,4771.37,13922348000,,1.6630443667122963
2026-05-26,sh000903,4826.526,4879.811,4810.828,4872.833,4850.72,16703348500,,0.4558704687139148
2026-05-27,sh000903,4874.179,4911.451,4811.748,4829.511,4872.833,16609022100,,-0.8890516050929609
2026-05-28,sh000903,4806.154,4843.657,4760.187,4838.567,4829.511,13078851400,,0.1875138083337946
2026-05-29,sh000903,4863.427,4867.561,4785.541,4802.156,4838.567,16084259000,,-0.7525161891940302
2026-06-01,sh000903,4812.041,4832.443,4734.953,4742.359,4802.156,13621438000,,-1.2452115258229757
2026-06-02,sh000903,4761.723,4829.137,4723.332,4811.005,4742.359,13326597200,,1.4475074535689858
2026-06-03,sh000903,4817.411,4892.215,4801.186,4835.107,4811.005,15544155300,,0.500976407216358
2026-06-04,sh000903,4794.381,4836.768,4787.734,4801.248,4835.107,13902484100,,-0.7002740580508426
2026-06-05,sh000903,4779.308,4812.86,4681.5,4698.431,4801.248,16653301200,,-2.1414640526796425
2026-06-08,sh000903,4584.506,4652.323,4552.873,4590.101,4698.431,16066721900,,-2.305663316115525
2026-06-09,sh000903,4617.166,4662.323,4574.567,4659.448,4590.101,13735177200,,1.5107946426451413
2026-06-10,sh000903,4613.658,4644.325,4570.921,4598.642,4659.448,13014867800,,-1.305004369616325
2026-06-11,sh000903,4578.682,4616.932,4544.1,4578.118,4598.642,12805183900,,-0.44630567023915546
2026-06-12,sh000903,4651.778,4681.075,4621.559,4644.671,4578.118,16518409200,,1.4537196288955334
2026-06-15,sh000903,4700.431,4755.425,4666.558,4755.232,4644.671,14555891900,,2.3803838851018666
2026-06-16,sh000903,4755.843,4766.84,4715.368,4732.551,4755.232,13118228900,,-0.4769693676354714
2026-06-17,sh000903,4704.485,4783.124,4699.591,4780.377,4732.551,12546482000,,1.0105754803276357
2026-06-18,sh000903,4767.079,4842.791,4766.883,4809.51,4780.377,15940818100,,0.6094289216101556
2026-06-22,sh000903,4816.224,4928.469,4790.344,4926.347,4809.51,17750486800,,2.4292911336081913
2026-06-23,sh000903,4913.278,4929.113,4734.061,4761.062,4926.347,15888514100,,-3.3551229744879896
2026-06-24,sh000903,4747.977,4811.415,4740.822,4800.598,4761.062,14410852300,,0.8304029647167033
2026-06-25,sh000903,4809.813,4884.358,4801.97,4863.857,4800.598,16315576800,,1.3177316659299443
2026-06-26,sh000903,4828.484,4828.484,4687.745,4713.518,4863.857,16883238600,,-3.090942023994536
2026-06-29,sh000903,4707.357,4798.885,4683.235,4796.097,4713.518,15682618300,,1.7519610617801717
2026-06-30,sh000903,4788.671,4875.895,4788.671,4866.339,4796.097,15280590700,,1.4645658751272217
2026-07-01,sh000903,4848.935,4888.273,4788.681,4825.578,4866.339,17168776200,,-0.8376111898492744
2026-07-02,sh000903,4727.045,4764.063,4662.95,4675.368,4825.578,17964158500,,-3.112787732371125
2026-07-03,sh000903,4672.715,4755.071,4672.715,4698.248,4675.368,15086599800,,0.4893732429190445
2026-07-06,sh000903,4718.808,4734.015,4643.59,4694.073,4698.248,14007404200,,-0.0888629123026119
2026-07-07,sh000903,4665.194,4698.118,4615.237,4650.369,4694.073,11433269300,,-0.9310464494267645
2026-07-08,sh000903,4663.421,4705.146,4614.62,4624.375,4650.369,11525892400,,-0.5589663959999713
2026-07-09,sh000903,4644.039,4768.697,4611.95,4761.809,4624.375,13989320800,,2.9719475604811585
2026-07-10,sh000903,4773.618,4788.131,4637.352,4637.386,4761.809,14583349100,,-2.612935546133832
2026-07-13,sh000903,4604.099,4648.513,4539.861,4569.05,4637.386,12948655900,,-1.4735887847162177
2026-07-14,sh000903,4568.825,4686.694,4529.639,4686.694,4569.05,13627918400,,2.5748022017706207
2026-07-15,sh000903,4691.053,4721.672,4662.412,4679.814,4686.694,13068652500,,-0.14679857485895287
2026-07-16,sh000903,4605.087,4664.054,4561.011,4587.542,4679.814,11583903800,,-1.971702294151001
2026-07-17,sh000903,4543.848,4545.233,4375.664,4417.247,4587.542,13964016900,,-3.7121186029468567
2026-07-20,sh000903,4466.654,4537.789,4432.287,4517.131,4417.247,14850537200,,2.2612274115529463
2026-07-21,sh000903,4557.548,4680.435,4507.642,4680.435,4517.131,15631236800,,3.6152150557510865
2026-07-22,sh000903,4651.18,4711.634,4624.297,4649.535,4680.435,13230887700,,-0.6601950459732997
2026-07-23,sh000903,4671.334,4677.982,4632.987,4665.635,4649.535,10914864600,,0.3462711862584289
2026-07-24,sh000903,4621.799,4644.615,4586.41,4594.396,4665.635,9448692500,,-1.5268875512122193
2026-07-27,sh000903,4606.791,4640.436,4557.005,4639.896,4594.396,8801913900,,0.9903369235042092
2026-07-28,sh000903,4555.87,4580.148,4466.952,4487.171,4639.896,9280996300,,-3.2915608453292777
2026-07-29,sh000903,4510.181,4553.197,4432.992,4526.884,4487.171,10852152300,,0.8850342454076232
2026-07-30,sh000903,4487.8,4524.236,4384.484,4473.631,4526.884,12080224400,,-1.176372091708111
2026-07-31,sh000903,4556.867,4570.339,4504.823,4504.823,4473.631,11698353400,,0.697241234245749
2026-08-03,sh000903,4480.467,4488.652,4438.946,4452.343,4504.823,9336144300,,-1.1649736293745772
2026-08-04,sh000903,4480.188,4537.752,4467.987,4522.494,4452.343,10184126800,,1.5755973877124907
2026-08-05,sh000903,4457.384,4591.47,4457.384,4565.622,4522.494,12431073900,,0.9536331059809111
2026-08-06,sh000903,4529.531,4579.567,4511.331,4545.617,4565.622,10547008400,,-0.43816592788452624
2026-08-07,sh000903,4556.076,4608.572,4552.881,4587.503,4545.617,10797735700,,0.9214590670529432
2026-08-10,sh000903,4590.34,4606.637,4547.403,4589.784,4587.503,9818156900,,0.04972203832891431
2026-08-11,sh000903,4584.107,4603.82,4550.179,4553.66,4589.784,9547703800,,-0.7870522882994058
2026-08-12,sh000903,4548.932,4596.365,4548.932,4585.231,4553.66,8432233000,,0.6933104360009379
2026-08-13,sh000903,4611.848,4618.879,4549.482,4551.613,4585.231,9784957000,,-0.7331800731522509
2026-08-14,sh000903,4559.462,4563.286,4523.542,4551.648,4551.613,7499617200,,0.0007689581693393066
2026-08-17,sh000903,4554.764,4632.572,4541.35,4631.7,4551.648,8501265400,,1.7587476008689595
2026-08-18,sh000903,4625.407,4634.396,4579.025,4616.881,4631.7,9490824300,,-0.3199473195586777
2026-08-19,sh000903,4549.473,4561.639,4454.535,4478.538,4616.881,10366504800,,-2.9964601643403976
2026-08-20,sh000903,4506.074,4525.801,4452.654,4476.505,4478.538,8632618900,,-0.0453942782220329
2026-08-21,sh000903,4472.75,4519.619,4465.62,4509.836,4476.505,7463633500,,0.7445764050302728
2026-08-24,sh000903,4512.162,4512.162,4408.91,4442.472,4509.836,8962704600,,-1.4937128534164068
2026-08-25,sh000903,4423.949,4451.457,4408.357,4428.863,4442.472,6869781800,,-0.30633845300542806
2026-08-26,sh000903,4427.433,4490.615,4417.073,4464.938,4428.863,7323464600,,0.814543145723845
2026-08-27,sh000903,4468.576,4492.767,4454.432,4491.655,4464.938,8212285000,,0.5983733704700844
2026-08-28,sh000903,4476.618,4501.782,4466.492,4468.247,4491.655,7514547600,,-0.5211442107641684
2026-08-31,sh000903,4415.582,4465.821,4396.696,4465.821,4468.247,9921076600,,-0.054294223215511916
2026-09-01,sh000903,4459.197,4485.008,4443.849,4453.361,4465.821,7916967000,,-0.27900804801626045
2026-09-02,sh000903,4422.119,4424.534,4363.937,4382.819,4453.361,7462329600,,-1.5840171052829422
2026-09-03,sh000903,4406.736,4418.697,4369.481,4386.382,4382.819,6922447200,,0.08129471009410416
2026-09-04,sh000903,4410.844,4438.343,4371.205,4386.985,4386.382,7649658100,,0.013747092706473119
2026-09-07,sh000903,4405.494,4428.32,4389.775,4419.523,4386.985,7065445000,,0.7416938968334952
2026-09-08,sh000903,4422.357,4429.209,4387.976,4399.464,4419.523,6988910600,,-0.4538725106759345
2026-09-09,sh000903,4419.91,4419.91,4383.891,4408.667,4399.464,6220582400,,0.20918457339349494
2026-09-10,sh000903,4383.091,4397.036,4363.751,4374.397,4408.667,5408282800,,-0.777332468068026
2026-09-11,sh000903,4338.146,4348.195,4291.221,4339.136,4374.397,8097977600,,-0.8060768147015396
2026-09-14,sh000903,4302.372,4330.135,4299.701,4306.755,4339.136,5514161800,,-0.7462545539019816
2026-09-15,sh000903,4299.296,4323.187,4264.982,4269.788,4306.755,5148448600,,-0.8583492676040416
2026-09-16,sh000903,4270.942,4307.072,4238.891,4305.166,4269.788,6733748200,,0.8285657273850777
2026-09-17,sh000903,4288.712,4321.752,4274.828,4281.763,4305.166,7893737800,,-0.543602732159465
2026-09-18,sh000903,4316.332,4348.501,4299.946,4330.684,4281.763,8602472700,,1.1425433869179713
2026-09-21,sh000903,4351.394,4370.097,4338.874,4364.916,4330.684,8980448700,,0.7904525012677022
2026-09-22,sh000903,4400.177,4418.997,4366.656,4375.005,4364.916,8221979200,,0.2311384686440654
2026-09-23,sh000903,4382.574,4382.812,4343.221,4347.039,4375.005,7658565300,,-0.6392221266032894
2026-09-24,sh000903,4328.883,4328.883,4265.028,4265.028,4347.039,6764876100,,-1.8865945302077969
